Ticker,Company,Sector,As Of Date,Fiscal Year End,F-Score,Signals Available,Complete Score,Gross Margin,Operating Margin,Net Margin,FCF Margin,Accruals Ratio,Total Debt ($B),Debt Source,Debt to Equity,Revenue ($B),Net Income Basis,F-Score Change,Change Reason
AAPL,Apple Inc.,Information Technology,2010-01-31,2009-09-26,5,6,false,0.4014,0.2736,0.1919,,-0.046,,,,42.91,net_income,,No change
AAPL,Apple Inc.,Information Technology,2010-02-28,2009-09-26,5,6,false,0.4014,0.2736,0.1919,,-0.046,,,,42.91,net_income,0,No change
AAPL,Apple Inc.,Information Technology,2010-03-31,2009-09-26,5,6,false,0.4014,0.2736,0.1919,,-0.046,,,,42.91,net_income,0,No change
AAPL,Apple Inc.,Information Technology,2010-04-30,2009-09-26,5,6,false,0.4014,0.2736,0.1919,,-0.046,,,,42.91,net_income,0,No change
AAPL,Apple Inc.,Information Technology,2010-05-31,2009-09-26,5,6,false,0.4014,0.2736,0.1919,,-0.046,,,,42.91,net_income,0,No change
AAPL,Apple Inc.,Information Technology,2010-06-30,2009-09-26,5,6,false,0.4014,0.2736,0.1919,,-0.046,,,,42.91,net_income,0,No change
AAPL,Apple Inc.,Information Technology,2010-07-31,2009-09-26,5,6,false,0.4014,0.2736,0.1919,,-0.046,,,,42.91,net_income,0,No change
AAPL,Apple Inc.,Information Technology,2010-08-31,2009-09-26,5,6,false,0.4014,0.2736,0.1919,,-0.046,,,,42.91,net_income,0,No change
AAPL,Apple Inc.,Information Technology,2010-09-30,2009-09-26,5,6,false,0.4014,0.2736,0.1919,,-0.046,,,,42.91,net_income,0,No change
AAPL,Apple Inc.,Information Technology,2010-10-31,2010-09-25,5,8,false,0.3938,0.2819,0.2148,,-0.0747,,,,65.22,net_income,0,No change
AAPL,Apple Inc.,Information Technology,2010-11-30,2010-09-25,5,8,false,0.3938,0.2819,0.2148,,-0.0747,,,,65.22,net_income,0,No change
AAPL,Apple Inc.,Information Technology,2010-12-31,2010-09-25,5,8,false,0.3938,0.2819,0.2148,,-0.0747,,,,65.22,net_income,0,No change
AAPL,Apple Inc.,Information Technology,2011-01-31,2010-09-25,5,8,false,0.3938,0.2819,0.2148,,-0.0747,,,,65.22,net_income,0,No change
AAPL,Apple Inc.,Information Technology,2011-02-28,2010-09-25,5,8,false,0.3938,0.2819,0.2148,,-0.0747,,,,65.22,net_income,0,No change
AAPL,Apple Inc.,Information Technology,2011-03-31,2010-09-25,5,8,false,0.3938,0.2819,0.2148,,-0.0747,,,,65.22,net_income,0,No change
AAPL,Apple Inc.,Information Technology,2011-04-30,2010-09-25,5,8,false,0.3938,0.2819,0.2148,,-0.0747,,,,65.22,net_income,0,No change
AAPL,Apple Inc.,Information Technology,2011-05-31,2010-09-25,5,8,false,0.3938,0.2819,0.2148,,-0.0747,,,,65.22,net_income,0,No change
AAPL,Apple Inc.,Information Technology,2011-06-30,2010-09-25,5,8,false,0.3938,0.2819,0.2148,,-0.0747,,,,65.22,net_income,0,No change
AAPL,Apple Inc.,Information Technology,2011-07-31,2010-09-25,5,8,false,0.3938,0.2819,0.2148,,-0.0747,,,,65.22,net_income,0,No change
AAPL,Apple Inc.,Information Technology,2011-08-31,2010-09-25,5,8,false,0.3938,0.2819,0.2148,,-0.0747,,,,65.22,net_income,0,No change
AAPL,Apple Inc.,Information Technology,2011-09-30,2010-09-25,5,8,false,0.3938,0.2819,0.2148,,-0.0747,,,,65.22,net_income,0,No change
AAPL,Apple Inc.,Information Technology,2011-10-31,2011-09-24,6,8,false,0.4048,0.3122,0.2395,,-0.1212,,,,108.25,net_income,1,New annual report
AAPL,Apple Inc.,Information Technology,2011-11-30,2011-09-24,6,8,false,0.4048,0.3122,0.2395,,-0.1212,,,,108.25,net_income,0,No change
AAPL,Apple Inc.,Information Technology,2011-12-31,2011-09-24,6,8,false,0.4048,0.3122,0.2395,,-0.1212,,,,108.25,net_income,0,No change
AAPL,Apple Inc.,Information Technology,2012-01-31,2011-09-24,6,8,false,0.4048,0.3122,0.2395,,-0.1212,,,,108.25,net_income,0,No change
AAPL,Apple Inc.,Information Technology,2012-02-29,2011-09-24,6,8,false,0.4048,0.3122,0.2395,,-0.1212,,,,108.25,net_income,0,No change
AAPL,Apple Inc.,Information Technology,2012-03-31,2011-09-24,6,8,false,0.4048,0.3122,0.2395,,-0.1212,,,,108.25,net_income,0,No change
AAPL,Apple Inc.,Information Technology,2012-04-30,2011-09-24,6,8,false,0.4048,0.3122,0.2395,,-0.1212,,,,108.25,net_income,0,No change
AAPL,Apple Inc.,Information Technology,2012-05-31,2011-09-24,6,8,false,0.4048,0.3122,0.2395,,-0.1212,,,,108.25,net_income,0,No change
AAPL,Apple Inc.,Information Technology,2012-06-30,2011-09-24,6,8,false,0.4048,0.3122,0.2395,,-0.1212,,,,108.25,net_income,0,No change
AAPL,Apple Inc.,Information Technology,2012-07-31,2011-09-24,6,8,false,0.4048,0.3122,0.2395,,-0.1212,,,,108.25,net_income,0,No change
AAPL,Apple Inc.,Information Technology,2012-08-31,2011-09-24,6,8,false,0.4048,0.3122,0.2395,,-0.1212,,,,108.25,net_income,0,No change
AAPL,Apple Inc.,Information Technology,2012-09-30,2011-09-24,6,8,false,0.4048,0.3122,0.2395,,-0.1212,,,,108.25,net_income,0,No change
AAPL,Apple Inc.,Information Technology,2012-10-31,2011-09-24,6,8,false,0.4048,0.3122,0.2395,,-0.1212,,,,108.25,net_income,0,No change
AAPL,Apple Inc.,Information Technology,2012-11-30,2012-09-29,5,8,false,0.4387,0.353,0.2667,,-0.0624,,,,156.51,net_income,-1,New annual report
AAPL,Apple Inc.,Information Technology,2012-12-31,2012-09-29,5,8,false,0.4387,0.353,0.2667,,-0.0624,,,,156.51,net_income,0,No change
AAPL,Apple Inc.,Information Technology,2013-01-31,2012-09-29,5,8,false,0.4387,0.353,0.2667,,-0.0624,,,,156.51,net_income,0,No change
AAPL,Apple Inc.,Information Technology,2013-02-28,2012-09-29,5,8,false,0.4387,0.353,0.2667,,-0.0624,,,,156.51,net_income,0,No change
AAPL,Apple Inc.,Information Technology,2013-03-31,2012-09-29,5,8,false,0.4387,0.353,0.2667,,-0.0624,,,,156.51,net_income,0,No change
AAPL,Apple Inc.,Information Technology,2013-04-30,2012-09-29,5,8,false,0.4387,0.353,0.2667,,-0.0624,,,,156.51,net_income,0,No change
AAPL,Apple Inc.,Information Technology,2013-05-31,2012-09-29,5,8,false,0.4387,0.353,0.2667,,-0.0624,,,,156.51,net_income,0,No change
AAPL,Apple Inc.,Information Technology,2013-06-30,2012-09-29,5,8,false,0.4387,0.353,0.2667,,-0.0624,,,,156.51,net_income,0,No change
AAPL,Apple Inc.,Information Technology,2013-07-31,2012-09-29,5,8,false,0.4387,0.353,0.2667,,-0.0624,0.0,long_term_debt_incl_current,0.0,156.51,net_income,0,No change
AAPL,Apple Inc.,Information Technology,2013-08-31,2012-09-29,5,8,false,0.4387,0.353,0.2667,,-0.0624,0.0,long_term_debt_incl_current,0.0,156.51,net_income,0,No change
AAPL,Apple Inc.,Information Technology,2013-09-30,2012-09-29,5,8,false,0.4387,0.353,0.2667,,-0.0624,0.0,long_term_debt_incl_current,0.0,156.51,net_income,0,No change
AAPL,Apple Inc.,Information Technology,2013-10-31,2013-09-28,5,9,true,0.3762,0.2867,0.2167,,-0.0868,16.96,long_term_debt_incl_current,0.14,170.91,net_income,0,No change
AAPL,Apple Inc.,Information Technology,2013-11-30,2013-09-28,5,9,true,0.3762,0.2867,0.2167,,-0.0868,16.96,long_term_debt_incl_current,0.14,170.91,net_income,0,No change
AAPL,Apple Inc.,Information Technology,2013-12-31,2013-09-28,5,9,true,0.3762,0.2867,0.2167,,-0.0868,16.96,long_term_debt_incl_current,0.14,170.91,net_income,0,No change
AAPL,Apple Inc.,Information Technology,2014-01-31,2013-09-28,5,9,true,0.3762,0.2867,0.2167,,-0.0868,16.96,long_term_debt_incl_current,0.14,170.91,net_income,0,No change
AAPL,Apple Inc.,Information Technology,2014-02-28,2013-09-28,5,9,true,0.3762,0.2867,0.2167,,-0.0868,16.96,long_term_debt_incl_current,0.14,170.91,net_income,0,No change
AAPL,Apple Inc.,Information Technology,2014-03-31,2013-09-28,5,9,true,0.3762,0.2867,0.2167,,-0.0868,16.96,long_term_debt_incl_current,0.14,170.91,net_income,0,No change
AAPL,Apple Inc.,Information Technology,2014-04-30,2013-09-28,5,9,true,0.3762,0.2867,0.2167,,-0.0868,16.96,long_term_debt_incl_current,0.14,170.91,net_income,0,No change
AAPL,Apple Inc.,Information Technology,2014-05-31,2013-09-28,5,9,true,0.3762,0.2867,0.2167,,-0.0868,16.96,long_term_debt_incl_current,0.14,170.91,net_income,0,No change
AAPL,Apple Inc.,Information Technology,2014-06-30,2013-09-28,5,9,true,0.3762,0.2867,0.2167,,-0.0868,16.96,long_term_debt_incl_current,0.14,170.91,net_income,0,No change
AAPL,Apple Inc.,Information Technology,2014-07-31,2013-09-28,5,9,true,0.3762,0.2867,0.2167,,-0.0868,16.96,long_term_debt_incl_current,0.14,170.91,net_income,0,No change
AAPL,Apple Inc.,Information Technology,2014-08-31,2013-09-28,5,9,true,0.3762,0.2867,0.2167,,-0.0868,16.96,long_term_debt_incl_current,0.14,170.91,net_income,0,No change
AAPL,Apple Inc.,Information Technology,2014-09-30,2013-09-28,5,9,true,0.3762,0.2867,0.2167,,-0.0868,16.96,long_term_debt_incl_current,0.14,170.91,net_income,0,No change
AAPL,Apple Inc.,Information Technology,2014-10-31,2014-09-27,3,7,false,0.3859,0.2872,0.2161,,,35.3,long_term_debt_incl_current,0.32,182.8,net_income,-2,New annual report
AAPL,Apple Inc.,Information Technology,2014-11-30,2014-09-27,3,7,false,0.3859,0.2872,0.2161,,,35.3,long_term_debt_incl_current,0.32,182.8,net_income,0,No change
AAPL,Apple Inc.,Information Technology,2014-12-31,2014-09-27,3,7,false,0.3859,0.2872,0.2161,,,35.3,long_term_debt_incl_current,0.32,182.8,net_income,0,No change
AAPL,Apple Inc.,Information Technology,2015-01-31,2014-09-27,3,7,false,0.3859,0.2872,0.2161,,,35.3,long_term_debt_incl_current,0.32,182.8,net_income,0,No change
AAPL,Apple Inc.,Information Technology,2015-02-28,2014-09-27,3,7,false,0.3859,0.2872,0.2161,,,35.3,long_term_debt_incl_current,0.32,182.8,net_income,0,No change
AAPL,Apple Inc.,Information Technology,2015-03-31,2014-09-27,3,7,false,0.3859,0.2872,0.2161,,,35.3,long_term_debt_incl_current,0.32,182.8,net_income,0,No change
AAPL,Apple Inc.,Information Technology,2015-04-30,2014-09-27,3,7,false,0.3859,0.2872,0.2161,,,35.3,long_term_debt_incl_current,0.32,182.8,net_income,0,No change
AAPL,Apple Inc.,Information Technology,2015-05-31,2014-09-27,3,7,false,0.3859,0.2872,0.2161,,,35.3,long_term_debt_incl_current,0.32,182.8,net_income,0,No change
AAPL,Apple Inc.,Information Technology,2015-06-30,2014-09-27,3,7,false,0.3859,0.2872,0.2161,,,35.3,long_term_debt_incl_current,0.32,182.8,net_income,0,No change
AAPL,Apple Inc.,Information Technology,2015-07-31,2014-09-27,3,7,false,0.3859,0.2872,0.2161,,,35.3,long_term_debt_incl_current,0.32,182.8,net_income,0,No change
AAPL,Apple Inc.,Information Technology,2015-08-31,2014-09-27,3,7,false,0.3859,0.2872,0.2161,,,35.3,long_term_debt_incl_current,0.32,182.8,net_income,0,No change
AAPL,Apple Inc.,Information Technology,2015-09-30,2014-09-27,3,7,false,0.3859,0.2872,0.2161,,,35.3,long_term_debt_incl_current,0.32,182.8,net_income,0,No change
AAPL,Apple Inc.,Information Technology,2015-10-31,2015-09-26,6,6,false,0.4006,0.3048,0.2285,,,64.46,noncurrent_plus_current,0.54,233.72,net_income,3,New annual report
AAPL,Apple Inc.,Information Technology,2015-11-30,2015-09-26,6,6,false,0.4006,0.3048,0.2285,,,64.46,noncurrent_plus_current,0.54,233.72,net_income,0,No change
AAPL,Apple Inc.,Information Technology,2015-12-31,2015-09-26,6,6,false,0.4006,0.3048,0.2285,,,64.46,noncurrent_plus_current,0.54,233.72,net_income,0,No change
AAPL,Apple Inc.,Information Technology,2016-01-31,2015-09-26,6,6,false,0.4006,0.3048,0.2285,,,64.46,noncurrent_plus_current,0.54,233.72,net_income,0,No change
AAPL,Apple Inc.,Information Technology,2016-02-29,2015-09-26,6,6,false,0.4006,0.3048,0.2285,,,64.46,noncurrent_plus_current,0.54,233.72,net_income,0,No change
AAPL,Apple Inc.,Information Technology,2016-03-31,2015-09-26,6,6,false,0.4006,0.3048,0.2285,,,64.46,noncurrent_plus_current,0.54,233.72,net_income,0,No change
AAPL,Apple Inc.,Information Technology,2016-04-30,2015-09-26,6,6,false,0.4006,0.3048,0.2285,,,64.46,noncurrent_plus_current,0.54,233.72,net_income,0,No change
AAPL,Apple Inc.,Information Technology,2016-05-31,2015-09-26,6,6,false,0.4006,0.3048,0.2285,,,64.46,noncurrent_plus_current,0.54,233.72,net_income,0,No change
AAPL,Apple Inc.,Information Technology,2016-06-30,2015-09-26,6,6,false,0.4006,0.3048,0.2285,,,64.46,noncurrent_plus_current,0.54,233.72,net_income,0,No change
AAPL,Apple Inc.,Information Technology,2016-07-31,2015-09-26,6,6,false,0.4006,0.3048,0.2285,,,64.46,noncurrent_plus_current,0.54,233.72,net_income,0,No change
AAPL,Apple Inc.,Information Technology,2016-08-31,2015-09-26,6,6,false,0.4006,0.3048,0.2285,,,64.46,noncurrent_plus_current,0.54,233.72,net_income,0,No change
AAPL,Apple Inc.,Information Technology,2016-09-30,2015-09-26,6,6,false,0.4006,0.3048,0.2285,,,64.46,noncurrent_plus_current,0.54,233.72,net_income,0,No change
AAPL,Apple Inc.,Information Technology,2016-10-31,2016-09-24,3,7,false,0.3908,0.2784,0.2119,,,87.03,noncurrent_plus_current,0.68,215.64,net_income,-3,New annual report
AAPL,Apple Inc.,Information Technology,2016-11-30,2016-09-24,3,7,false,0.3908,0.2784,0.2119,,,87.03,noncurrent_plus_current,0.68,215.64,net_income,0,No change
AAPL,Apple Inc.,Information Technology,2016-12-31,2016-09-24,3,7,false,0.3908,0.2784,0.2119,,,87.03,noncurrent_plus_current,0.68,215.64,net_income,0,No change
AAPL,Apple Inc.,Information Technology,2017-01-31,2016-09-24,3,7,false,0.3908,0.2784,0.2119,,,87.03,noncurrent_plus_current,0.68,215.64,net_income,0,No change
AAPL,Apple Inc.,Information Technology,2017-02-28,2016-09-24,3,7,false,0.3908,0.2784,0.2119,,,87.03,noncurrent_plus_current,0.68,215.64,net_income,0,No change
AAPL,Apple Inc.,Information Technology,2017-03-31,2016-09-24,3,7,false,0.3908,0.2784,0.2119,,,87.03,noncurrent_plus_current,0.68,215.64,net_income,0,No change
AAPL,Apple Inc.,Information Technology,2017-04-30,2016-09-24,3,7,false,0.3908,0.2784,0.2119,,,87.03,noncurrent_plus_current,0.68,215.64,net_income,0,No change
AAPL,Apple Inc.,Information Technology,2017-05-31,2016-09-24,3,7,false,0.3908,0.2784,0.2119,,,87.03,noncurrent_plus_current,0.68,215.64,net_income,0,No change
AAPL,Apple Inc.,Information Technology,2017-06-30,2016-09-24,3,7,false,0.3908,0.2784,0.2119,,,87.03,noncurrent_plus_current,0.68,215.64,net_income,0,No change
AAPL,Apple Inc.,Information Technology,2017-07-31,2016-09-24,3,7,false,0.3908,0.2784,0.2119,,,87.03,noncurrent_plus_current,0.68,215.64,net_income,0,No change
AAPL,Apple Inc.,Information Technology,2017-08-31,2016-09-24,3,7,false,0.3908,0.2784,0.2119,,,87.03,noncurrent_plus_current,0.68,215.64,net_income,0,No change
AAPL,Apple Inc.,Information Technology,2017-09-30,2016-09-24,3,7,false,0.3908,0.2784,0.2119,,,87.03,noncurrent_plus_current,0.68,215.64,net_income,0,No change
AAPL,Apple Inc.,Information Technology,2017-10-31,2016-09-24,3,7,false,0.3908,0.2784,0.2119,,,87.03,noncurrent_plus_current,0.68,215.64,net_income,0,No change
AAPL,Apple Inc.,Information Technology,2017-11-30,2017-09-30,4,9,true,0.3847,0.2676,0.2109,0.2231,-0.0438,115.68,noncurrent_plus_current,0.86,229.23,net_income,1,New annual report
AAPL,Apple Inc.,Information Technology,2017-12-31,2017-09-30,4,9,true,0.3847,0.2676,0.2109,0.2231,-0.0438,115.68,noncurrent_plus_current,0.86,229.23,net_income,0,No change
AAPL,Apple Inc.,Information Technology,2018-01-31,2017-09-30,4,9,true,0.3847,0.2676,0.2109,0.2231,-0.0438,115.68,noncurrent_plus_current,0.86,229.23,net_income,0,No change
AAPL,Apple Inc.,Information Technology,2018-02-28,2017-09-30,4,9,true,0.3847,0.2676,0.2109,0.2231,-0.0438,115.68,noncurrent_plus_current,0.86,229.23,net_income,0,No change
AAPL,Apple Inc.,Information Technology,2018-03-31,2017-09-30,4,9,true,0.3847,0.2676,0.2109,0.2231,-0.0438,115.68,noncurrent_plus_current,0.86,229.23,net_income,0,No change
AAPL,Apple Inc.,Information Technology,2018-04-30,2017-09-30,4,9,true,0.3847,0.2676,0.2109,0.2231,-0.0438,115.68,noncurrent_plus_current,0.86,229.23,net_income,0,No change
AAPL,Apple Inc.,Information Technology,2018-05-31,2017-09-30,4,9,true,0.3847,0.2676,0.2109,0.2231,-0.0438,115.68,noncurrent_plus_current,0.86,229.23,net_income,0,No change
AAPL,Apple Inc.,Information Technology,2018-06-30,2017-09-30,4,9,true,0.3847,0.2676,0.2109,0.2231,-0.0438,115.68,noncurrent_plus_current,0.86,229.23,net_income,0,No change
AAPL,Apple Inc.,Information Technology,2018-07-31,2017-09-30,4,9,true,0.3847,0.2676,0.2109,0.2231,-0.0438,115.68,noncurrent_plus_current,0.86,229.23,net_income,0,No change
AAPL,Apple Inc.,Information Technology,2018-08-31,2017-09-30,4,9,true,0.3847,0.2676,0.2109,0.2231,-0.0438,115.68,noncurrent_plus_current,0.86,229.23,net_income,0,No change
AAPL,Apple Inc.,Information Technology,2018-09-30,2017-09-30,4,9,true,0.3847,0.2676,0.2109,0.2231,-0.0438,115.68,noncurrent_plus_current,0.86,229.23,net_income,0,No change
AAPL,Apple Inc.,Information Technology,2018-10-31,2017-09-30,4,9,true,0.3847,0.2676,0.2109,0.2231,-0.0438,115.68,noncurrent_plus_current,0.86,229.23,net_income,0,No change
AAPL,Apple Inc.,Information Technology,2018-11-30,2018-09-29,6,9,true,0.3834,0.2669,0.2241,0.2414,-0.0483,114.48,noncurrent_plus_current,1.07,265.6,net_income,2,New annual report
AAPL,Apple Inc.,Information Technology,2018-12-31,2018-09-29,6,9,true,0.3834,0.2669,0.2241,0.2414,-0.0483,114.48,noncurrent_plus_current,1.07,265.6,net_income,0,No change
AAPL,Apple Inc.,Information Technology,2019-01-31,2018-09-29,6,9,true,0.3834,0.2669,0.2241,0.2414,-0.0483,114.48,noncurrent_plus_current,1.07,265.6,net_income,0,No change
AAPL,Apple Inc.,Information Technology,2019-02-28,2018-09-29,6,9,true,0.3834,0.2669,0.2241,0.2414,-0.0483,114.48,noncurrent_plus_current,1.07,265.6,net_income,0,No change
AAPL,Apple Inc.,Information Technology,2019-03-31,2018-09-29,6,9,true,0.3834,0.2669,0.2241,0.2414,-0.0483,114.48,noncurrent_plus_current,1.07,265.6,net_income,0,No change
AAPL,Apple Inc.,Information Technology,2019-04-30,2018-09-29,6,9,true,0.3834,0.2669,0.2241,0.2414,-0.0483,114.48,noncurrent_plus_current,1.07,265.6,net_income,0,No change
AAPL,Apple Inc.,Information Technology,2019-05-31,2018-09-29,6,9,true,0.3834,0.2669,0.2241,0.2414,-0.0483,114.48,noncurrent_plus_current,1.07,265.6,net_income,0,No change
AAPL,Apple Inc.,Information Technology,2019-06-30,2018-09-29,6,9,true,0.3834,0.2669,0.2241,0.2414,-0.0483,114.48,noncurrent_plus_current,1.07,265.6,net_income,0,No change
AAPL,Apple Inc.,Information Technology,2019-07-31,2018-09-29,6,9,true,0.3834,0.2669,0.2241,0.2414,-0.0483,114.48,noncurrent_plus_current,1.07,265.6,net_income,0,No change
AAPL,Apple Inc.,Information Technology,2019-08-31,2018-09-29,6,9,true,0.3834,0.2669,0.2241,0.2414,-0.0483,114.48,noncurrent_plus_current,1.07,265.6,net_income,0,No change
AAPL,Apple Inc.,Information Technology,2019-09-30,2018-09-29,6,9,true,0.3834,0.2669,0.2241,0.2414,-0.0483,114.48,noncurrent_plus_current,1.07,265.6,net_income,0,No change
AAPL,Apple Inc.,Information Technology,2019-10-31,2018-09-29,6,9,true,0.3834,0.2669,0.2241,0.2414,-0.0483,114.48,noncurrent_plus_current,1.07,265.6,net_income,0,No change
AAPL,Apple Inc.,Information Technology,2019-11-30,2019-09-28,7,9,true,0.3782,0.2457,0.2124,0.2264,-0.0401,108.05,noncurrent_plus_current,1.19,260.17,net_income,1,New annual report
AAPL,Apple Inc.,Information Technology,2019-12-31,2019-09-28,7,9,true,0.3782,0.2457,0.2124,0.2264,-0.0401,108.05,noncurrent_plus_current,1.19,260.17,net_income,0,No change
AAPL,Apple Inc.,Information Technology,2020-01-31,2019-09-28,7,9,true,0.3782,0.2457,0.2124,0.2264,-0.0401,108.05,noncurrent_plus_current,1.19,260.17,net_income,0,No change
AAPL,Apple Inc.,Information Technology,2020-02-29,2019-09-28,7,9,true,0.3782,0.2457,0.2124,0.2264,-0.0401,108.05,noncurrent_plus_current,1.19,260.17,net_income,0,No change
AAPL,Apple Inc.,Information Technology,2020-03-31,2019-09-28,7,9,true,0.3782,0.2457,0.2124,0.2264,-0.0401,108.05,noncurrent_plus_current,1.19,260.17,net_income,0,No change
AAPL,Apple Inc.,Information Technology,2020-04-30,2019-09-28,7,9,true,0.3782,0.2457,0.2124,0.2264,-0.0401,108.05,noncurrent_plus_current,1.19,260.17,net_income,0,No change
AAPL,Apple Inc.,Information Technology,2020-05-31,2019-09-28,7,9,true,0.3782,0.2457,0.2124,0.2264,-0.0401,108.05,noncurrent_plus_current,1.19,260.17,net_income,0,No change
AAPL,Apple Inc.,Information Technology,2020-06-30,2019-09-28,7,9,true,0.3782,0.2457,0.2124,0.2264,-0.0401,108.05,noncurrent_plus_current,1.19,260.17,net_income,0,No change
AAPL,Apple Inc.,Information Technology,2020-07-31,2019-09-28,7,9,true,0.3782,0.2457,0.2124,0.2264,-0.0401,108.05,noncurrent_plus_current,1.19,260.17,net_income,0,No change
AAPL,Apple Inc.,Information Technology,2020-08-31,2019-09-28,7,9,true,0.3782,0.2457,0.2124,0.2264,-0.0401,108.05,noncurrent_plus_current,1.19,260.17,net_income,0,No change
AAPL,Apple Inc.,Information Technology,2020-09-30,2019-09-28,7,9,true,0.3782,0.2457,0.2124,0.2264,-0.0401,108.05,noncurrent_plus_current,1.19,260.17,net_income,0,No change
AAPL,Apple Inc.,Information Technology,2020-10-31,2020-09-26,7,9,true,0.3823,0.2415,0.2091,0.2673,-0.0702,112.44,noncurrent_plus_current,1.72,274.52,net_income,0,No change
AAPL,Apple Inc.,Information Technology,2020-11-30,2020-09-26,7,9,true,0.3823,0.2415,0.2091,0.2673,-0.0702,112.44,noncurrent_plus_current,1.72,274.52,net_income,0,No change
AAPL,Apple Inc.,Information Technology,2020-12-31,2020-09-26,7,9,true,0.3823,0.2415,0.2091,0.2673,-0.0702,112.44,noncurrent_plus_current,1.72,274.52,net_income,0,No change
AAPL,Apple Inc.,Information Technology,2021-01-31,2020-09-26,7,9,true,0.3823,0.2415,0.2091,0.2673,-0.0702,112.44,noncurrent_plus_current,1.72,274.52,net_income,0,No change
AAPL,Apple Inc.,Information Technology,2021-02-28,2020-09-26,7,9,true,0.3823,0.2415,0.2091,0.2673,-0.0702,112.44,noncurrent_plus_current,1.72,274.52,net_income,0,No change
AAPL,Apple Inc.,Information Technology,2021-03-31,2020-09-26,7,9,true,0.3823,0.2415,0.2091,0.2673,-0.0702,112.44,noncurrent_plus_current,1.72,274.52,net_income,0,No change
AAPL,Apple Inc.,Information Technology,2021-04-30,2020-09-26,7,9,true,0.3823,0.2415,0.2091,0.2673,-0.0702,112.44,noncurrent_plus_current,1.72,274.52,net_income,0,No change
AAPL,Apple Inc.,Information Technology,2021-05-31,2020-09-26,7,9,true,0.3823,0.2415,0.2091,0.2673,-0.0702,112.44,noncurrent_plus_current,1.72,274.52,net_income,0,No change
AAPL,Apple Inc.,Information Technology,2021-06-30,2020-09-26,7,9,true,0.3823,0.2415,0.2091,0.2673,-0.0702,112.44,noncurrent_plus_current,1.72,274.52,net_income,0,No change
AAPL,Apple Inc.,Information Technology,2021-07-31,2020-09-26,7,9,true,0.3823,0.2415,0.2091,0.2673,-0.0702,112.44,noncurrent_plus_current,1.72,274.52,net_income,0,No change
AAPL,Apple Inc.,Information Technology,2021-08-31,2020-09-26,7,9,true,0.3823,0.2415,0.2091,0.2673,-0.0702,112.44,noncurrent_plus_current,1.72,274.52,net_income,0,No change
AAPL,Apple Inc.,Information Technology,2021-09-30,2020-09-26,7,9,true,0.3823,0.2415,0.2091,0.2673,-0.0702,112.44,noncurrent_plus_current,1.72,274.52,net_income,0,No change
AAPL,Apple Inc.,Information Technology,2021-10-31,2021-09-25,7,9,true,0.4178,0.2978,0.2588,0.2541,-0.0277,124.72,noncurrent_plus_current,1.98,365.82,net_income,0,No change
AAPL,Apple Inc.,Information Technology,2021-11-30,2021-09-25,7,9,true,0.4178,0.2978,0.2588,0.2541,-0.0277,124.72,noncurrent_plus_current,1.98,365.82,net_income,0,No change
AAPL,Apple Inc.,Information Technology,2021-12-31,2021-09-25,7,9,true,0.4178,0.2978,0.2588,0.2541,-0.0277,124.72,noncurrent_plus_current,1.98,365.82,net_income,0,No change
AAPL,Apple Inc.,Information Technology,2022-01-31,2021-09-25,7,8,false,0.4178,0.2978,0.2588,0.2541,-0.0277,124.7,long_term_debt_incl_current,1.98,365.82,net_income,0,No change
AAPL,Apple Inc.,Information Technology,2022-02-28,2021-09-25,7,8,false,0.4178,0.2978,0.2588,0.2541,-0.0277,124.7,long_term_debt_incl_current,1.98,365.82,net_income,0,No change
AAPL,Apple Inc.,Information Technology,2022-03-31,2021-09-25,7,8,false,0.4178,0.2978,0.2588,0.2541,-0.0277,124.7,long_term_debt_incl_current,1.98,365.82,net_income,0,No change
AAPL,Apple Inc.,Information Technology,2022-04-30,2021-09-25,7,8,false,0.4178,0.2978,0.2588,0.2541,-0.0277,124.7,long_term_debt_incl_current,1.98,365.82,net_income,0,No change
AAPL,Apple Inc.,Information Technology,2022-05-31,2021-09-25,7,8,false,0.4178,0.2978,0.2588,0.2541,-0.0277,124.7,long_term_debt_incl_current,1.98,365.82,net_income,0,No change
AAPL,Apple Inc.,Information Technology,2022-06-30,2021-09-25,7,8,false,0.4178,0.2978,0.2588,0.2541,-0.0277,124.7,long_term_debt_incl_current,1.98,365.82,net_income,0,No change
AAPL,Apple Inc.,Information Technology,2022-07-31,2021-09-25,7,8,false,0.4178,0.2978,0.2588,0.2541,-0.0277,124.7,long_term_debt_incl_current,1.98,365.82,net_income,0,No change
AAPL,Apple Inc.,Information Technology,2022-08-31,2021-09-25,7,8,false,0.4178,0.2978,0.2588,0.2541,-0.0277,124.7,long_term_debt_incl_current,1.98,365.82,net_income,0,No change
AAPL,Apple Inc.,Information Technology,2022-09-30,2021-09-25,7,8,false,0.4178,0.2978,0.2588,0.2541,-0.0277,124.7,long_term_debt_incl_current,1.98,365.82,net_income,0,No change
AAPL,Apple Inc.,Information Technology,2022-10-31,2022-09-24,5,8,false,0.4331,0.3029,0.2531,0.2826,-0.0635,120.07,noncurrent_plus_current,2.37,394.33,net_income,-2,New annual report
AAPL,Apple Inc.,Information Technology,2022-11-30,2022-09-24,5,8,false,0.4331,0.3029,0.2531,0.2826,-0.0635,120.07,noncurrent_plus_current,2.37,394.33,net_income,0,No change
AAPL,Apple Inc.,Information Technology,2022-12-31,2022-09-24,5,8,false,0.4331,0.3029,0.2531,0.2826,-0.0635,120.07,noncurrent_plus_current,2.37,394.33,net_income,0,No change
AAPL,Apple Inc.,Information Technology,2023-01-31,2022-09-24,5,8,false,0.4331,0.3029,0.2531,0.2826,-0.0635,120.07,noncurrent_plus_current,2.37,394.33,net_income,0,No change
AAPL,Apple Inc.,Information Technology,2023-02-28,2022-09-24,6,9,true,0.4331,0.3029,0.2531,0.2826,-0.0635,120.08,long_term_debt_incl_current,2.37,394.33,net_income,1,Revised data for same fiscal year
AAPL,Apple Inc.,Information Technology,2023-03-31,2022-09-24,6,9,true,0.4331,0.3029,0.2531,0.2826,-0.0635,120.08,long_term_debt_incl_current,2.37,394.33,net_income,0,No change
AAPL,Apple Inc.,Information Technology,2023-04-30,2022-09-24,6,9,true,0.4331,0.3029,0.2531,0.2826,-0.0635,120.08,long_term_debt_incl_current,2.37,394.33,net_income,0,No change
AAPL,Apple Inc.,Information Technology,2023-05-31,2022-09-24,6,9,true,0.4331,0.3029,0.2531,0.2826,-0.0635,120.08,long_term_debt_incl_current,2.37,394.33,net_income,0,No change
AAPL,Apple Inc.,Information Technology,2023-06-30,2022-09-24,6,9,true,0.4331,0.3029,0.2531,0.2826,-0.0635,120.08,long_term_debt_incl_current,2.37,394.33,net_income,0,No change
AAPL,Apple Inc.,Information Technology,2023-07-31,2022-09-24,6,9,true,0.4331,0.3029,0.2531,0.2826,-0.0635,120.08,long_term_debt_incl_current,2.37,394.33,net_income,0,No change
AAPL,Apple Inc.,Information Technology,2023-08-31,2022-09-24,6,9,true,0.4331,0.3029,0.2531,0.2826,-0.0635,120.08,long_term_debt_incl_current,2.37,394.33,net_income,0,No change
AAPL,Apple Inc.,Information Technology,2023-09-30,2022-09-24,6,9,true,0.4331,0.3029,0.2531,0.2826,-0.0635,120.08,long_term_debt_incl_current,2.37,394.33,net_income,0,No change
AAPL,Apple Inc.,Information Technology,2023-10-31,2022-09-24,6,9,true,0.4331,0.3029,0.2531,0.2826,-0.0635,120.08,long_term_debt_incl_current,2.37,394.33,net_income,0,No change
AAPL,Apple Inc.,Information Technology,2023-11-30,2023-09-30,7,9,true,0.4413,0.2982,0.2531,0.2598,-0.0384,111.09,long_term_debt_incl_current,1.79,383.29,net_income,1,New annual report
AAPL,Apple Inc.,Information Technology,2023-12-31,2023-09-30,7,9,true,0.4413,0.2982,0.2531,0.2598,-0.0384,111.09,long_term_debt_incl_current,1.79,383.29,net_income,0,No change
AAPL,Apple Inc.,Information Technology,2024-01-31,2023-09-30,7,9,true,0.4413,0.2982,0.2531,0.2598,-0.0384,111.09,long_term_debt_incl_current,1.79,383.29,net_income,0,No change
AAPL,Apple Inc.,Information Technology,2024-02-29,2023-09-30,7,9,true,0.4413,0.2982,0.2531,0.2598,-0.0384,111.09,long_term_debt_incl_current,1.79,383.29,net_income,0,No change
AAPL,Apple Inc.,Information Technology,2024-03-31,2023-09-30,7,9,true,0.4413,0.2982,0.2531,0.2598,-0.0384,111.09,long_term_debt_incl_current,1.79,383.29,net_income,0,No change
AAPL,Apple Inc.,Information Technology,2024-04-30,2023-09-30,7,9,true,0.4413,0.2982,0.2531,0.2598,-0.0384,111.09,long_term_debt_incl_current,1.79,383.29,net_income,0,No change
AAPL,Apple Inc.,Information Technology,2024-05-31,2023-09-30,7,9,true,0.4413,0.2982,0.2531,0.2598,-0.0384,111.09,long_term_debt_incl_current,1.79,383.29,net_income,0,No change
AAPL,Apple Inc.,Information Technology,2024-06-30,2023-09-30,7,9,true,0.4413,0.2982,0.2531,0.2598,-0.0384,111.09,long_term_debt_incl_current,1.79,383.29,net_income,0,No change
AAPL,Apple Inc.,Information Technology,2024-07-31,2023-09-30,7,9,true,0.4413,0.2982,0.2531,0.2598,-0.0384,111.09,long_term_debt_incl_current,1.79,383.29,net_income,0,No change
AAPL,Apple Inc.,Information Technology,2024-08-31,2023-09-30,7,9,true,0.4413,0.2982,0.2531,0.2598,-0.0384,111.09,long_term_debt_incl_current,1.79,383.29,net_income,0,No change
AAPL,Apple Inc.,Information Technology,2024-09-30,2023-09-30,7,9,true,0.4413,0.2982,0.2531,0.2598,-0.0384,111.09,long_term_debt_incl_current,1.79,383.29,net_income,0,No change
AAPL,Apple Inc.,Information Technology,2024-10-31,2023-09-30,7,9,true,0.4413,0.2982,0.2531,0.2598,-0.0384,111.09,long_term_debt_incl_current,1.79,383.29,net_income,0,No change
AAPL,Apple Inc.,Information Technology,2024-11-30,2024-09-28,7,9,true,0.4621,0.3151,0.2397,0.2783,-0.0683,106.63,long_term_debt_incl_current,1.87,391.04,net_income,0,No change
AAPL,Apple Inc.,Information Technology,2024-12-31,2024-09-28,7,9,true,0.4621,0.3151,0.2397,0.2783,-0.0683,106.63,long_term_debt_incl_current,1.87,391.04,net_income,0,No change
AAPL,Apple Inc.,Information Technology,2025-01-31,2024-09-28,7,9,true,0.4621,0.3151,0.2397,0.2783,-0.0683,106.63,long_term_debt_incl_current,1.87,391.04,net_income,0,No change
AAPL,Apple Inc.,Information Technology,2025-02-28,2024-09-28,7,9,true,0.4621,0.3151,0.2397,0.2783,-0.0683,106.67,long_term_debt_incl_current,1.87,391.04,net_income,0,No change
AAPL,Apple Inc.,Information Technology,2025-03-31,2024-09-28,7,9,true,0.4621,0.3151,0.2397,0.2783,-0.0683,106.67,long_term_debt_incl_current,1.87,391.04,net_income,0,No change
AAPL,Apple Inc.,Information Technology,2025-04-30,2024-09-28,7,9,true,0.4621,0.3151,0.2397,0.2783,-0.0683,106.67,long_term_debt_incl_current,1.87,391.04,net_income,0,No change
AAPL,Apple Inc.,Information Technology,2025-05-31,2024-09-28,7,9,true,0.4621,0.3151,0.2397,0.2783,-0.0683,106.67,long_term_debt_incl_current,1.87,391.04,net_income,0,No change
AAPL,Apple Inc.,Information Technology,2025-06-30,2024-09-28,7,9,true,0.4621,0.3151,0.2397,0.2783,-0.0683,106.67,long_term_debt_incl_current,1.87,391.04,net_income,0,No change
AAPL,Apple Inc.,Information Technology,2025-07-31,2024-09-28,7,9,true,0.4621,0.3151,0.2397,0.2783,-0.0683,106.67,long_term_debt_incl_current,1.87,391.04,net_income,0,No change
AAPL,Apple Inc.,Information Technology,2025-08-31,2024-09-28,7,9,true,0.4621,0.3151,0.2397,0.2783,-0.0683,106.67,long_term_debt_incl_current,1.87,391.04,net_income,0,No change
AAPL,Apple Inc.,Information Technology,2025-09-30,2024-09-28,7,9,true,0.4621,0.3151,0.2397,0.2783,-0.0683,106.67,long_term_debt_incl_current,1.87,391.04,net_income,0,No change
AAPL,Apple Inc.,Information Technology,2025-10-31,2024-09-28,7,9,true,0.4621,0.3151,0.2397,0.2783,-0.0683,106.67,long_term_debt_incl_current,1.87,391.04,net_income,0,No change
AAPL,Apple Inc.,Information Technology,2025-11-30,2025-09-27,8,9,true,0.4691,0.3197,0.2692,0.2373,0.0015,98.66,long_term_debt_incl_current,1.34,416.16,net_income,1,New annual report
AAPL,Apple Inc.,Information Technology,2025-12-31,2025-09-27,8,9,true,0.4691,0.3197,0.2692,0.2373,0.0015,98.66,long_term_debt_incl_current,1.34,416.16,net_income,0,No change
AAPL,Apple Inc.,Information Technology,2026-01-31,2025-09-27,8,9,true,0.4691,0.3197,0.2692,0.2373,0.0015,98.68,long_term_debt_incl_current,1.34,416.16,net_income,0,No change
AAPL,Apple Inc.,Information Technology,2026-02-28,2025-09-27,8,9,true,0.4691,0.3197,0.2692,0.2373,0.0015,98.68,long_term_debt_incl_current,1.34,416.16,net_income,0,No change
AAPL,Apple Inc.,Information Technology,2026-03-31,2025-09-27,8,9,true,0.4691,0.3197,0.2692,0.2373,0.0015,98.68,long_term_debt_incl_current,1.34,416.16,net_income,0,No change
AAPL,Apple Inc.,Information Technology,2026-04-30,2025-09-27,8,9,true,0.4691,0.3197,0.2692,0.2373,0.0015,98.68,long_term_debt_incl_current,1.34,416.16,net_income,0,No change
AAPL,Apple Inc.,Information Technology,2026-05-31,2025-09-27,8,9,true,0.4691,0.3197,0.2692,0.2373,0.0015,98.68,long_term_debt_incl_current,1.34,416.16,net_income,0,No change
AAPL,Apple Inc.,Information Technology,2026-06-30,2025-09-27,8,9,true,0.4691,0.3197,0.2692,0.2373,0.0015,98.68,long_term_debt_incl_current,1.34,416.16,net_income,0,No change
AAPL,Apple Inc.,Information Technology,2026-07-31,2025-09-27,8,9,true,0.4691,0.3197,0.2692,0.2373,0.0015,98.68,long_term_debt_incl_current,1.34,416.16,net_income,0,No change
AAPL,Apple Inc.,Information Technology,2026-08-31,2025-09-27,8,9,true,0.4691,0.3197,0.2692,0.2373,0.0015,98.68,long_term_debt_incl_current,1.34,416.16,net_income,0,No change
AAPL,Apple Inc.,Information Technology,2026-09-30,2025-09-27,8,9,true,0.4691,0.3197,0.2692,0.2373,0.0015,98.68,long_term_debt_incl_current,1.34,416.16,net_income,0,No change
AMZN,AMAZON COM INC,Consumer Discretionary,2010-01-31,2009-12-31,5,6,false,0.2257,0.0461,0.0368,0.1191,-0.2161,0.11,noncurrent_plus_current,0.02,24.51,net_income,,No change
AMZN,AMAZON COM INC,Consumer Discretionary,2010-02-28,2009-12-31,5,6,false,0.2257,0.0461,0.0368,0.1191,-0.2161,0.11,noncurrent_plus_current,0.02,24.51,net_income,0,No change
AMZN,AMAZON COM INC,Consumer Discretionary,2010-03-31,2009-12-31,5,6,false,0.2257,0.0461,0.0368,0.1191,-0.2161,0.11,noncurrent_plus_current,0.02,24.51,net_income,0,No change
AMZN,AMAZON COM INC,Consumer Discretionary,2010-04-30,2009-12-31,5,6,false,0.2257,0.0461,0.0368,0.1191,-0.2161,0.11,noncurrent_plus_current,0.02,24.51,net_income,0,No change
AMZN,AMAZON COM INC,Consumer Discretionary,2010-05-31,2009-12-31,5,6,false,0.2257,0.0461,0.0368,0.1191,-0.2161,0.11,noncurrent_plus_current,0.02,24.51,net_income,0,No change
AMZN,AMAZON COM INC,Consumer Discretionary,2010-06-30,2009-12-31,5,6,false,0.2257,0.0461,0.0368,0.1191,-0.2161,0.11,noncurrent_plus_current,0.02,24.51,net_income,0,No change
AMZN,AMAZON COM INC,Consumer Discretionary,2010-07-31,2009-12-31,5,6,false,0.2257,0.0461,0.0368,0.1191,-0.2161,0.11,noncurrent_plus_current,0.02,24.51,net_income,0,No change
AMZN,AMAZON COM INC,Consumer Discretionary,2010-08-31,2009-12-31,5,6,false,0.2257,0.0461,0.0368,0.1191,-0.2161,0.11,noncurrent_plus_current,0.02,24.51,net_income,0,No change
AMZN,AMAZON COM INC,Consumer Discretionary,2010-09-30,2009-12-31,5,6,false,0.2257,0.0461,0.0368,0.1191,-0.2161,0.11,noncurrent_plus_current,0.02,24.51,net_income,0,No change
AMZN,AMAZON COM INC,Consumer Discretionary,2010-10-31,2009-12-31,5,6,false,0.2257,0.0461,0.0368,0.1191,-0.2161,0.11,noncurrent_plus_current,0.02,24.51,net_income,0,No change
AMZN,AMAZON COM INC,Consumer Discretionary,2010-11-30,2009-12-31,5,6,false,0.2257,0.0461,0.0368,0.1191,-0.2161,0.11,noncurrent_plus_current,0.02,24.51,net_income,0,No change
AMZN,AMAZON COM INC,Consumer Discretionary,2010-12-31,2009-12-31,5,6,false,0.2257,0.0461,0.0368,0.1191,-0.2161,0.11,noncurrent_plus_current,0.02,24.51,net_income,0,No change
AMZN,AMAZON COM INC,Consumer Discretionary,2011-01-31,2010-12-31,3,9,true,0.2235,0.0411,0.0337,0.0736,-0.1437,0.18,noncurrent_plus_current,0.03,34.2,net_income,-2,New annual report
AMZN,AMAZON COM INC,Consumer Discretionary,2011-02-28,2010-12-31,3,9,true,0.2235,0.0411,0.0337,0.0736,-0.1437,0.18,noncurrent_plus_current,0.03,34.2,net_income,0,No change
AMZN,AMAZON COM INC,Consumer Discretionary,2011-03-31,2010-12-31,3,9,true,0.2235,0.0411,0.0337,0.0736,-0.1437,0.18,noncurrent_plus_current,0.03,34.2,net_income,0,No change
AMZN,AMAZON COM INC,Consumer Discretionary,2011-04-30,2010-12-31,3,9,true,0.2235,0.0411,0.0337,0.0736,-0.1437,0.18,noncurrent_plus_current,0.03,34.2,net_income,0,No change
AMZN,AMAZON COM INC,Consumer Discretionary,2011-05-31,2010-12-31,3,9,true,0.2235,0.0411,0.0337,0.0736,-0.1437,0.18,noncurrent_plus_current,0.03,34.2,net_income,0,No change
AMZN,AMAZON COM INC,Consumer Discretionary,2011-06-30,2010-12-31,3,9,true,0.2235,0.0411,0.0337,0.0736,-0.1437,0.18,noncurrent_plus_current,0.03,34.2,net_income,0,No change
AMZN,AMAZON COM INC,Consumer Discretionary,2011-07-31,2010-12-31,3,9,true,0.2235,0.0411,0.0337,0.0736,-0.1437,0.18,noncurrent_plus_current,0.03,34.2,net_income,0,No change
AMZN,AMAZON COM INC,Consumer Discretionary,2011-08-31,2010-12-31,3,9,true,0.2235,0.0411,0.0337,0.0736,-0.1437,0.18,noncurrent_plus_current,0.03,34.2,net_income,0,No change
AMZN,AMAZON COM INC,Consumer Discretionary,2011-09-30,2010-12-31,3,9,true,0.2235,0.0411,0.0337,0.0736,-0.1437,0.18,noncurrent_plus_current,0.03,34.2,net_income,0,No change
AMZN,AMAZON COM INC,Consumer Discretionary,2011-10-31,2010-12-31,3,9,true,0.2235,0.0411,0.0337,0.0736,-0.1437,0.18,noncurrent_plus_current,0.03,34.2,net_income,0,No change
AMZN,AMAZON COM INC,Consumer Discretionary,2011-11-30,2010-12-31,3,9,true,0.2235,0.0411,0.0337,0.0736,-0.1437,0.18,noncurrent_plus_current,0.03,34.2,net_income,0,No change
AMZN,AMAZON COM INC,Consumer Discretionary,2011-12-31,2010-12-31,3,9,true,0.2235,0.0411,0.0337,0.0736,-0.1437,0.18,noncurrent_plus_current,0.03,34.2,net_income,0,No change
AMZN,AMAZON COM INC,Consumer Discretionary,2012-01-31,2010-12-31,3,9,true,0.2235,0.0411,0.0337,0.0736,-0.1437,0.18,noncurrent_plus_current,0.03,34.2,net_income,0,No change
AMZN,AMAZON COM INC,Consumer Discretionary,2012-02-29,2011-12-31,5,8,false,0.2244,0.0179,0.0131,0.0435,-0.1485,0.38,long_term_debt_incl_current,0.05,48.08,net_income,2,New annual report
AMZN,AMAZON COM INC,Consumer Discretionary,2012-03-31,2011-12-31,5,8,false,0.2244,0.0179,0.0131,0.0435,-0.1485,0.38,long_term_debt_incl_current,0.05,48.08,net_income,0,No change
AMZN,AMAZON COM INC,Consumer Discretionary,2012-04-30,2011-12-31,5,8,false,0.2244,0.0179,0.0131,0.0435,-0.1485,0.38,long_term_debt_incl_current,0.05,48.08,net_income,0,No change
AMZN,AMAZON COM INC,Consumer Discretionary,2012-05-31,2011-12-31,5,8,false,0.2244,0.0179,0.0131,0.0435,-0.1485,0.38,long_term_debt_incl_current,0.05,48.08,net_income,0,No change
AMZN,AMAZON COM INC,Consumer Discretionary,2012-06-30,2011-12-31,5,8,false,0.2244,0.0179,0.0131,0.0435,-0.1485,0.38,long_term_debt_incl_current,0.05,48.08,net_income,0,No change
AMZN,AMAZON COM INC,Consumer Discretionary,2012-07-31,2011-12-31,5,8,false,0.2244,0.0179,0.0131,0.0435,-0.1485,0.38,long_term_debt_incl_current,0.05,48.08,net_income,0,No change
AMZN,AMAZON COM INC,Consumer Discretionary,2012-08-31,2011-12-31,5,8,false,0.2244,0.0179,0.0131,0.0435,-0.1485,0.38,long_term_debt_incl_current,0.05,48.08,net_income,0,No change
AMZN,AMAZON COM INC,Consumer Discretionary,2012-09-30,2011-12-31,5,8,false,0.2244,0.0179,0.0131,0.0435,-0.1485,0.38,long_term_debt_incl_current,0.05,48.08,net_income,0,No change
AMZN,AMAZON COM INC,Consumer Discretionary,2012-10-31,2011-12-31,5,8,false,0.2244,0.0179,0.0131,0.0435,-0.1485,0.38,long_term_debt_incl_current,0.05,48.08,net_income,0,No change
AMZN,AMAZON COM INC,Consumer Discretionary,2012-11-30,2011-12-31,5,8,false,0.2244,0.0179,0.0131,0.0435,-0.1485,0.38,long_term_debt_incl_current,0.05,48.08,net_income,0,No change
AMZN,AMAZON COM INC,Consumer Discretionary,2012-12-31,2011-12-31,5,8,false,0.2244,0.0179,0.0131,0.0435,-0.1485,0.38,long_term_debt_incl_current,0.05,48.08,net_income,0,No change
AMZN,AMAZON COM INC,Consumer Discretionary,2013-01-31,2012-12-31,4,9,true,0.2475,0.0111,-0.0006,0.0065,-0.1459,3.69,long_term_debt_incl_current,0.45,61.09,net_income,-1,New annual report
AMZN,AMAZON COM INC,Consumer Discretionary,2013-02-28,2012-12-31,4,9,true,0.2475,0.0111,-0.0006,0.0065,-0.1459,3.69,long_term_debt_incl_current,0.45,61.09,net_income,0,No change
AMZN,AMAZON COM INC,Consumer Discretionary,2013-03-31,2012-12-31,4,9,true,0.2475,0.0111,-0.0006,0.0065,-0.1459,3.69,long_term_debt_incl_current,0.45,61.09,net_income,0,No change
AMZN,AMAZON COM INC,Consumer Discretionary,2013-04-30,2012-12-31,4,9,true,0.2475,0.0111,-0.0006,0.0065,-0.1459,3.69,long_term_debt_incl_current,0.45,61.09,net_income,0,No change
AMZN,AMAZON COM INC,Consumer Discretionary,2013-05-31,2012-12-31,4,9,true,0.2475,0.0111,-0.0006,0.0065,-0.1459,3.69,long_term_debt_incl_current,0.45,61.09,net_income,0,No change
AMZN,AMAZON COM INC,Consumer Discretionary,2013-06-30,2012-12-31,4,9,true,0.2475,0.0111,-0.0006,0.0065,-0.1459,3.69,long_term_debt_incl_current,0.45,61.09,net_income,0,No change
AMZN,AMAZON COM INC,Consumer Discretionary,2013-07-31,2012-12-31,4,9,true,0.2475,0.0111,-0.0006,0.0065,-0.1459,3.69,long_term_debt_incl_current,0.45,61.09,net_income,0,No change
AMZN,AMAZON COM INC,Consumer Discretionary,2013-08-31,2012-12-31,4,9,true,0.2475,0.0111,-0.0006,0.0065,-0.1459,3.69,long_term_debt_incl_current,0.45,61.09,net_income,0,No change
AMZN,AMAZON COM INC,Consumer Discretionary,2013-09-30,2012-12-31,4,9,true,0.2475,0.0111,-0.0006,0.0065,-0.1459,3.69,long_term_debt_incl_current,0.45,61.09,net_income,0,No change
AMZN,AMAZON COM INC,Consumer Discretionary,2013-10-31,2012-12-31,4,9,true,0.2475,0.0111,-0.0006,0.0065,-0.1459,3.69,long_term_debt_incl_current,0.45,61.09,net_income,0,No change
AMZN,AMAZON COM INC,Consumer Discretionary,2013-11-30,2012-12-31,4,9,true,0.2475,0.0111,-0.0006,0.0065,-0.1459,3.69,long_term_debt_incl_current,0.45,61.09,net_income,0,No change
AMZN,AMAZON COM INC,Consumer Discretionary,2013-12-31,2012-12-31,4,9,true,0.2475,0.0111,-0.0006,0.0065,-0.1459,3.69,long_term_debt_incl_current,0.45,61.09,net_income,0,No change
AMZN,AMAZON COM INC,Consumer Discretionary,2014-01-31,2012-12-31,4,9,true,0.2475,0.0111,-0.0006,0.0065,-0.1459,3.69,long_term_debt_incl_current,0.45,61.09,net_income,0,No change
AMZN,AMAZON COM INC,Consumer Discretionary,2014-02-28,2013-12-31,6,9,true,0.2723,0.01,0.0037,0.0273,-0.1431,3.97,long_term_debt_incl_current,0.41,74.45,net_income,2,New annual report
AMZN,AMAZON COM INC,Consumer Discretionary,2014-03-31,2013-12-31,6,9,true,0.2723,0.01,0.0037,0.0273,-0.1431,3.97,long_term_debt_incl_current,0.41,74.45,net_income,0,No change
AMZN,AMAZON COM INC,Consumer Discretionary,2014-04-30,2013-12-31,6,9,true,0.2723,0.01,0.0037,0.0273,-0.1431,3.97,long_term_debt_incl_current,0.41,74.45,net_income,0,No change
AMZN,AMAZON COM INC,Consumer Discretionary,2014-05-31,2013-12-31,6,9,true,0.2723,0.01,0.0037,0.0273,-0.1431,3.97,long_term_debt_incl_current,0.41,74.45,net_income,0,No change
AMZN,AMAZON COM INC,Consumer Discretionary,2014-06-30,2013-12-31,6,9,true,0.2723,0.01,0.0037,0.0273,-0.1431,3.97,long_term_debt_incl_current,0.41,74.45,net_income,0,No change
AMZN,AMAZON COM INC,Consumer Discretionary,2014-07-31,2013-12-31,6,9,true,0.2723,0.01,0.0037,0.0273,-0.1431,3.97,long_term_debt_incl_current,0.41,74.45,net_income,0,No change
AMZN,AMAZON COM INC,Consumer Discretionary,2014-08-31,2013-12-31,6,9,true,0.2723,0.01,0.0037,0.0273,-0.1431,3.97,long_term_debt_incl_current,0.41,74.45,net_income,0,No change
AMZN,AMAZON COM INC,Consumer Discretionary,2014-09-30,2013-12-31,6,9,true,0.2723,0.01,0.0037,0.0273,-0.1431,3.97,long_term_debt_incl_current,0.41,74.45,net_income,0,No change
AMZN,AMAZON COM INC,Consumer Discretionary,2014-10-31,2013-12-31,6,9,true,0.2723,0.01,0.0037,0.0273,-0.1431,3.97,long_term_debt_incl_current,0.41,74.45,net_income,0,No change
AMZN,AMAZON COM INC,Consumer Discretionary,2014-11-30,2013-12-31,6,9,true,0.2723,0.01,0.0037,0.0273,-0.1431,3.97,long_term_debt_incl_current,0.41,74.45,net_income,0,No change
AMZN,AMAZON COM INC,Consumer Discretionary,2014-12-31,2013-12-31,6,9,true,0.2723,0.01,0.0037,0.0273,-0.1431,3.97,long_term_debt_incl_current,0.41,74.45,net_income,0,No change
AMZN,AMAZON COM INC,Consumer Discretionary,2015-01-31,2014-12-31,5,9,true,0.2948,0.002,-0.0027,0.0219,-0.1496,9.88,long_term_debt_incl_current,0.92,88.99,net_income,-1,New annual report
AMZN,AMAZON COM INC,Consumer Discretionary,2015-02-28,2014-12-31,5,9,true,0.2948,0.002,-0.0027,0.0219,-0.1496,9.88,long_term_debt_incl_current,0.92,88.99,net_income,0,No change
AMZN,AMAZON COM INC,Consumer Discretionary,2015-03-31,2014-12-31,5,9,true,0.2948,0.002,-0.0027,0.0219,-0.1496,9.88,long_term_debt_incl_current,0.92,88.99,net_income,0,No change
AMZN,AMAZON COM INC,Consumer Discretionary,2015-04-30,2014-12-31,5,9,true,0.2948,0.002,-0.0027,0.0219,-0.1496,9.88,long_term_debt_incl_current,0.92,88.99,net_income,0,No change
AMZN,AMAZON COM INC,Consumer Discretionary,2015-05-31,2014-12-31,5,9,true,0.2948,0.002,-0.0027,0.0219,-0.1496,9.88,long_term_debt_incl_current,0.92,88.99,net_income,0,No change
AMZN,AMAZON COM INC,Consumer Discretionary,2015-06-30,2014-12-31,5,9,true,0.2948,0.002,-0.0027,0.0219,-0.1496,9.88,long_term_debt_incl_current,0.92,88.99,net_income,0,No change
AMZN,AMAZON COM INC,Consumer Discretionary,2015-07-31,2014-12-31,5,9,true,0.2948,0.002,-0.0027,0.0219,-0.1496,9.88,long_term_debt_incl_current,0.92,88.99,net_income,0,No change
AMZN,AMAZON COM INC,Consumer Discretionary,2015-08-31,2014-12-31,5,9,true,0.2948,0.002,-0.0027,0.0219,-0.1496,9.88,long_term_debt_incl_current,0.92,88.99,net_income,0,No change
AMZN,AMAZON COM INC,Consumer Discretionary,2015-09-30,2014-12-31,5,9,true,0.2948,0.002,-0.0027,0.0219,-0.1496,9.88,long_term_debt_incl_current,0.92,88.99,net_income,0,No change
AMZN,AMAZON COM INC,Consumer Discretionary,2015-10-31,2014-12-31,5,9,true,0.2948,0.002,-0.0027,0.0219,-0.1496,9.88,long_term_debt_incl_current,0.92,88.99,net_income,0,No change
AMZN,AMAZON COM INC,Consumer Discretionary,2015-11-30,2014-12-31,5,9,true,0.2948,0.002,-0.0027,0.0219,-0.1496,9.88,long_term_debt_incl_current,0.92,88.99,net_income,0,No change
AMZN,AMAZON COM INC,Consumer Discretionary,2015-12-31,2014-12-31,5,9,true,0.2948,0.002,-0.0027,0.0219,-0.1496,9.88,long_term_debt_incl_current,0.92,88.99,net_income,0,No change
AMZN,AMAZON COM INC,Consumer Discretionary,2016-01-31,2015-12-31,6,9,true,0.3304,0.0209,0.0056,0.0685,-0.1888,8.56,long_term_debt_incl_current,0.64,107.01,net_income,1,New annual report
AMZN,AMAZON COM INC,Consumer Discretionary,2016-02-29,2015-12-31,6,9,true,0.3304,0.0209,0.0056,0.0685,-0.1888,8.56,long_term_debt_incl_current,0.64,107.01,net_income,0,No change
AMZN,AMAZON COM INC,Consumer Discretionary,2016-03-31,2015-12-31,6,9,true,0.3304,0.0209,0.0056,0.0685,-0.1888,8.56,long_term_debt_incl_current,0.64,107.01,net_income,0,No change
AMZN,AMAZON COM INC,Consumer Discretionary,2016-04-30,2015-12-31,6,9,true,0.3304,0.0209,0.0056,0.0685,-0.1899,8.56,long_term_debt_incl_current,0.64,107.01,net_income,0,No change
AMZN,AMAZON COM INC,Consumer Discretionary,2016-05-31,2015-12-31,6,9,true,0.3304,0.0209,0.0056,0.0685,-0.1899,8.56,long_term_debt_incl_current,0.64,107.01,net_income,0,No change
AMZN,AMAZON COM INC,Consumer Discretionary,2016-06-30,2015-12-31,6,9,true,0.3304,0.0209,0.0056,0.0685,-0.1899,8.56,long_term_debt_incl_current,0.64,107.01,net_income,0,No change
AMZN,AMAZON COM INC,Consumer Discretionary,2016-07-31,2015-12-31,6,9,true,0.3304,0.0209,0.0056,0.0685,-0.1899,8.56,long_term_debt_incl_current,0.64,107.01,net_income,0,No change
AMZN,AMAZON COM INC,Consumer Discretionary,2016-08-31,2015-12-31,6,9,true,0.3304,0.0209,0.0056,0.0685,-0.1899,8.56,long_term_debt_incl_current,0.64,107.01,net_income,0,No change
AMZN,AMAZON COM INC,Consumer Discretionary,2016-09-30,2015-12-31,6,9,true,0.3304,0.0209,0.0056,0.0685,-0.1899,8.56,long_term_debt_incl_current,0.64,107.01,net_income,0,No change
AMZN,AMAZON COM INC,Consumer Discretionary,2016-10-31,2015-12-31,6,9,true,0.3304,0.0209,0.0056,0.0685,-0.1899,8.56,long_term_debt_incl_current,0.64,107.01,net_income,0,No change
AMZN,AMAZON COM INC,Consumer Discretionary,2016-11-30,2015-12-31,6,9,true,0.3304,0.0209,0.0056,0.0685,-0.1899,8.56,long_term_debt_incl_current,0.64,107.01,net_income,0,No change
AMZN,AMAZON COM INC,Consumer Discretionary,2016-12-31,2015-12-31,6,9,true,0.3304,0.0209,0.0056,0.0685,-0.1899,8.56,long_term_debt_incl_current,0.64,107.01,net_income,0,No change
AMZN,AMAZON COM INC,Consumer Discretionary,2017-01-31,2015-12-31,6,9,true,0.3304,0.0209,0.0056,0.0685,-0.1899,8.56,long_term_debt_incl_current,0.64,107.01,net_income,0,No change
AMZN,AMAZON COM INC,Consumer Discretionary,2017-02-28,2016-12-31,7,9,true,0.3509,0.0308,0.0174,0.0714,-0.19,8.84,long_term_debt_incl_current,0.46,135.99,net_income,1,New annual report
AMZN,AMAZON COM INC,Consumer Discretionary,2017-03-31,2016-12-31,7,9,true,0.3509,0.0308,0.0174,0.0714,-0.19,8.84,long_term_debt_incl_current,0.46,135.99,net_income,0,No change
AMZN,AMAZON COM INC,Consumer Discretionary,2017-04-30,2016-12-31,7,9,true,0.3509,0.0308,0.0174,0.0714,-0.19,8.84,long_term_debt_incl_current,0.46,135.99,net_income,0,No change
AMZN,AMAZON COM INC,Consumer Discretionary,2017-05-31,2016-12-31,7,9,true,0.3509,0.0308,0.0174,0.0714,-0.19,8.84,long_term_debt_incl_current,0.46,135.99,net_income,0,No change
AMZN,AMAZON COM INC,Consumer Discretionary,2017-06-30,2016-12-31,7,9,true,0.3509,0.0308,0.0174,0.0714,-0.19,8.84,long_term_debt_incl_current,0.46,135.99,net_income,0,No change
AMZN,AMAZON COM INC,Consumer Discretionary,2017-07-31,2016-12-31,7,9,true,0.3509,0.0308,0.0174,0.0714,-0.19,8.84,long_term_debt_incl_current,0.46,135.99,net_income,0,No change
AMZN,AMAZON COM INC,Consumer Discretionary,2017-08-31,2016-12-31,7,9,true,0.3509,0.0308,0.0174,0.0714,-0.19,8.84,long_term_debt_incl_current,0.46,135.99,net_income,0,No change
AMZN,AMAZON COM INC,Consumer Discretionary,2017-09-30,2016-12-31,7,9,true,0.3509,0.0308,0.0174,0.0714,-0.19,8.84,long_term_debt_incl_current,0.46,135.99,net_income,0,No change
AMZN,AMAZON COM INC,Consumer Discretionary,2017-10-31,2016-12-31,7,9,true,0.3509,0.0308,0.0174,0.0714,-0.19,8.84,long_term_debt_incl_current,0.46,135.99,net_income,0,No change
AMZN,AMAZON COM INC,Consumer Discretionary,2017-11-30,2016-12-31,7,9,true,0.3509,0.0308,0.0174,0.0714,-0.19,8.84,long_term_debt_incl_current,0.46,135.99,net_income,0,No change
AMZN,AMAZON COM INC,Consumer Discretionary,2017-12-31,2016-12-31,7,9,true,0.3509,0.0308,0.0174,0.0714,-0.19,8.84,long_term_debt_incl_current,0.46,135.99,net_income,0,No change
AMZN,AMAZON COM INC,Consumer Discretionary,2018-01-31,2016-12-31,7,9,true,0.3509,0.0308,0.0174,0.0714,-0.19,8.84,long_term_debt_incl_current,0.46,135.99,net_income,0,No change
AMZN,AMAZON COM INC,Consumer Discretionary,2018-02-28,2017-12-31,5,9,true,0.3707,0.0231,0.0171,,-0.1435,24.94,long_term_debt_incl_current,0.9,177.87,net_income,-2,New annual report
AMZN,AMAZON COM INC,Consumer Discretionary,2018-03-31,2017-12-31,5,9,true,0.3707,0.0231,0.0171,,-0.1435,24.94,long_term_debt_incl_current,0.9,177.87,net_income,0,No change
AMZN,AMAZON COM INC,Consumer Discretionary,2018-04-30,2017-12-31,5,9,true,0.3707,0.0231,0.0171,,-0.1435,24.94,long_term_debt_incl_current,0.9,177.87,net_income,0,No change
AMZN,AMAZON COM INC,Consumer Discretionary,2018-05-31,2017-12-31,5,9,true,0.3707,0.0231,0.0171,,-0.1435,24.94,long_term_debt_incl_current,0.9,177.87,net_income,0,No change
AMZN,AMAZON COM INC,Consumer Discretionary,2018-06-30,2017-12-31,5,9,true,0.3707,0.0231,0.0171,,-0.1435,24.94,long_term_debt_incl_current,0.9,177.87,net_income,0,No change
AMZN,AMAZON COM INC,Consumer Discretionary,2018-07-31,2017-12-31,5,9,true,0.3707,0.0231,0.0171,,-0.1435,24.94,long_term_debt_incl_current,0.9,177.87,net_income,0,No change
AMZN,AMAZON COM INC,Consumer Discretionary,2018-08-31,2017-12-31,5,9,true,0.3707,0.0231,0.0171,,-0.1435,24.94,long_term_debt_incl_current,0.9,177.87,net_income,0,No change
AMZN,AMAZON COM INC,Consumer Discretionary,2018-09-30,2017-12-31,5,9,true,0.3707,0.0231,0.0171,,-0.1435,24.94,long_term_debt_incl_current,0.9,177.87,net_income,0,No change
AMZN,AMAZON COM INC,Consumer Discretionary,2018-10-31,2017-12-31,5,9,true,0.3707,0.0231,0.0171,,-0.1435,24.94,long_term_debt_incl_current,0.9,177.87,net_income,0,No change
AMZN,AMAZON COM INC,Consumer Discretionary,2018-11-30,2017-12-31,5,9,true,0.3707,0.0231,0.0171,,-0.1435,24.94,long_term_debt_incl_current,0.9,177.87,net_income,0,No change
AMZN,AMAZON COM INC,Consumer Discretionary,2018-12-31,2017-12-31,5,9,true,0.3707,0.0231,0.0171,,-0.1435,24.94,long_term_debt_incl_current,0.9,177.87,net_income,0,No change
AMZN,AMAZON COM INC,Consumer Discretionary,2019-01-31,2017-12-31,5,9,true,0.3707,0.0231,0.0171,,-0.1435,24.94,long_term_debt_incl_current,0.9,177.87,net_income,0,No change
AMZN,AMAZON COM INC,Consumer Discretionary,2019-02-28,2018-12-31,7,9,true,0.4025,0.0533,0.0433,,-0.1405,24.97,long_term_debt_incl_current,0.57,232.89,net_income,2,New annual report
AMZN,AMAZON COM INC,Consumer Discretionary,2019-03-31,2018-12-31,7,9,true,0.4025,0.0533,0.0433,,-0.1405,24.97,long_term_debt_incl_current,0.57,232.89,net_income,0,No change
AMZN,AMAZON COM INC,Consumer Discretionary,2019-04-30,2018-12-31,7,9,true,0.4025,0.0533,0.0433,,-0.1405,24.97,long_term_debt_incl_current,0.57,232.89,net_income,0,No change
AMZN,AMAZON COM INC,Consumer Discretionary,2019-05-31,2018-12-31,7,9,true,0.4025,0.0533,0.0433,,-0.1405,24.97,long_term_debt_incl_current,0.57,232.89,net_income,0,No change
AMZN,AMAZON COM INC,Consumer Discretionary,2019-06-30,2018-12-31,7,9,true,0.4025,0.0533,0.0433,,-0.1405,24.97,long_term_debt_incl_current,0.57,232.89,net_income,0,No change
AMZN,AMAZON COM INC,Consumer Discretionary,2019-07-31,2018-12-31,7,9,true,0.4025,0.0533,0.0433,,-0.1405,24.97,long_term_debt_incl_current,0.57,232.89,net_income,0,No change
AMZN,AMAZON COM INC,Consumer Discretionary,2019-08-31,2018-12-31,7,9,true,0.4025,0.0533,0.0433,,-0.1405,24.97,long_term_debt_incl_current,0.57,232.89,net_income,0,No change
AMZN,AMAZON COM INC,Consumer Discretionary,2019-09-30,2018-12-31,7,9,true,0.4025,0.0533,0.0433,,-0.1405,24.97,long_term_debt_incl_current,0.57,232.89,net_income,0,No change
AMZN,AMAZON COM INC,Consumer Discretionary,2019-10-31,2018-12-31,7,9,true,0.4025,0.0533,0.0433,,-0.1405,24.97,long_term_debt_incl_current,0.57,232.89,net_income,0,No change
AMZN,AMAZON COM INC,Consumer Discretionary,2019-11-30,2018-12-31,7,9,true,0.4025,0.0533,0.0433,,-0.1405,24.97,long_term_debt_incl_current,0.57,232.89,net_income,0,No change
AMZN,AMAZON COM INC,Consumer Discretionary,2019-12-31,2018-12-31,7,9,true,0.4025,0.0533,0.0433,,-0.1405,24.97,long_term_debt_incl_current,0.57,232.89,net_income,0,No change
AMZN,AMAZON COM INC,Consumer Discretionary,2020-01-31,2018-12-31,7,9,true,0.4025,0.0533,0.0433,,-0.1405,24.97,long_term_debt_incl_current,0.57,232.89,net_income,0,No change
AMZN,AMAZON COM INC,Consumer Discretionary,2020-02-29,2019-12-31,5,9,true,0.4099,0.0518,0.0413,,-0.1388,24.82,long_term_debt_incl_current,0.4,280.52,net_income,-2,New annual report
AMZN,AMAZON COM INC,Consumer Discretionary,2020-03-31,2019-12-31,5,9,true,0.4099,0.0518,0.0413,,-0.1388,24.82,long_term_debt_incl_current,0.4,280.52,net_income,0,No change
AMZN,AMAZON COM INC,Consumer Discretionary,2020-04-30,2019-12-31,5,9,true,0.4099,0.0518,0.0413,,-0.1388,24.82,long_term_debt_incl_current,0.4,280.52,net_income,0,No change
AMZN,AMAZON COM INC,Consumer Discretionary,2020-05-31,2019-12-31,5,9,true,0.4099,0.0518,0.0413,,-0.1388,24.82,long_term_debt_incl_current,0.4,280.52,net_income,0,No change
AMZN,AMAZON COM INC,Consumer Discretionary,2020-06-30,2019-12-31,5,9,true,0.4099,0.0518,0.0413,,-0.1388,24.82,long_term_debt_incl_current,0.4,280.52,net_income,0,No change
AMZN,AMAZON COM INC,Consumer Discretionary,2020-07-31,2019-12-31,5,9,true,0.4099,0.0518,0.0413,,-0.1388,24.82,long_term_debt_incl_current,0.4,280.52,net_income,0,No change
AMZN,AMAZON COM INC,Consumer Discretionary,2020-08-31,2019-12-31,5,9,true,0.4099,0.0518,0.0413,,-0.1388,24.82,long_term_debt_incl_current,0.4,280.52,net_income,0,No change
AMZN,AMAZON COM INC,Consumer Discretionary,2020-09-30,2019-12-31,5,9,true,0.4099,0.0518,0.0413,,-0.1388,24.82,long_term_debt_incl_current,0.4,280.52,net_income,0,No change
AMZN,AMAZON COM INC,Consumer Discretionary,2020-10-31,2019-12-31,5,9,true,0.4099,0.0518,0.0413,,-0.1388,24.82,long_term_debt_incl_current,0.4,280.52,net_income,0,No change
AMZN,AMAZON COM INC,Consumer Discretionary,2020-11-30,2019-12-31,5,9,true,0.4099,0.0518,0.0413,,-0.1388,24.82,long_term_debt_incl_current,0.4,280.52,net_income,0,No change
AMZN,AMAZON COM INC,Consumer Discretionary,2020-12-31,2019-12-31,5,9,true,0.4099,0.0518,0.0413,,-0.1388,24.82,long_term_debt_incl_current,0.4,280.52,net_income,0,No change
AMZN,AMAZON COM INC,Consumer Discretionary,2021-01-31,2019-12-31,5,9,true,0.4099,0.0518,0.0413,,-0.1388,24.82,long_term_debt_incl_current,0.4,280.52,net_income,0,No change
AMZN,AMAZON COM INC,Consumer Discretionary,2021-02-28,2020-12-31,5,9,true,0.3957,0.0593,0.0553,,-0.1637,33.17,long_term_debt_incl_current,0.36,386.06,net_income,0,No change
AMZN,AMAZON COM INC,Consumer Discretionary,2021-03-31,2020-12-31,5,9,true,0.3957,0.0593,0.0553,,-0.1637,33.17,long_term_debt_incl_current,0.36,386.06,net_income,0,No change
AMZN,AMAZON COM INC,Consumer Discretionary,2021-04-30,2020-12-31,5,9,true,0.3957,0.0593,0.0553,,-0.1637,33.17,long_term_debt_incl_current,0.36,386.06,net_income,0,No change
AMZN,AMAZON COM INC,Consumer Discretionary,2021-05-31,2020-12-31,5,9,true,0.3957,0.0593,0.0553,,-0.1637,33.17,long_term_debt_incl_current,0.36,386.06,net_income,0,No change
AMZN,AMAZON COM INC,Consumer Discretionary,2021-06-30,2020-12-31,5,9,true,0.3957,0.0593,0.0553,,-0.1637,33.17,long_term_debt_incl_current,0.36,386.06,net_income,0,No change
AMZN,AMAZON COM INC,Consumer Discretionary,2021-07-31,2020-12-31,5,9,true,0.3957,0.0593,0.0553,,-0.1637,33.17,long_term_debt_incl_current,0.36,386.06,net_income,0,No change
AMZN,AMAZON COM INC,Consumer Discretionary,2021-08-31,2020-12-31,5,9,true,0.3957,0.0593,0.0553,,-0.1637,33.17,long_term_debt_incl_current,0.36,386.06,net_income,0,No change
AMZN,AMAZON COM INC,Consumer Discretionary,2021-09-30,2020-12-31,5,9,true,0.3957,0.0593,0.0553,,-0.1637,33.17,long_term_debt_incl_current,0.36,386.06,net_income,0,No change
AMZN,AMAZON COM INC,Consumer Discretionary,2021-10-31,2020-12-31,5,9,true,0.3957,0.0593,0.0553,,-0.1637,33.17,long_term_debt_incl_current,0.36,386.06,net_income,0,No change
AMZN,AMAZON COM INC,Consumer Discretionary,2021-11-30,2020-12-31,5,9,true,0.3957,0.0593,0.0553,,-0.1637,33.17,long_term_debt_incl_current,0.36,386.06,net_income,0,No change
AMZN,AMAZON COM INC,Consumer Discretionary,2021-12-31,2020-12-31,5,9,true,0.3957,0.0593,0.0553,,-0.1637,33.17,long_term_debt_incl_current,0.36,386.06,net_income,0,No change
AMZN,AMAZON COM INC,Consumer Discretionary,2022-01-31,2020-12-31,5,9,true,0.3957,0.0593,0.0553,,-0.1637,33.17,long_term_debt_incl_current,0.36,386.06,net_income,0,No change
AMZN,AMAZON COM INC,Consumer Discretionary,2022-02-28,2021-12-31,6,9,true,0.4203,0.053,0.071,,-0.035,50.55,long_term_debt_incl_current,0.37,469.82,net_income,1,New annual report
AMZN,AMAZON COM INC,Consumer Discretionary,2022-03-31,2021-12-31,6,9,true,0.4203,0.053,0.071,,-0.035,50.55,long_term_debt_incl_current,0.37,469.82,net_income,0,No change
AMZN,AMAZON COM INC,Consumer Discretionary,2022-04-30,2021-12-31,6,9,true,0.4203,0.053,0.071,,-0.035,50.55,long_term_debt_incl_current,0.37,469.82,net_income,0,No change
AMZN,AMAZON COM INC,Consumer Discretionary,2022-05-31,2021-12-31,6,9,true,0.4203,0.053,0.071,,-0.035,50.55,long_term_debt_incl_current,0.37,469.82,net_income,0,No change
AMZN,AMAZON COM INC,Consumer Discretionary,2022-06-30,2021-12-31,6,9,true,0.4203,0.053,0.071,,-0.035,50.55,long_term_debt_incl_current,0.37,469.82,net_income,0,No change
AMZN,AMAZON COM INC,Consumer Discretionary,2022-07-31,2021-12-31,6,9,true,0.4203,0.053,0.071,,-0.035,50.87,long_term_debt_incl_current,0.37,469.82,net_income,0,No change
AMZN,AMAZON COM INC,Consumer Discretionary,2022-08-31,2021-12-31,6,9,true,0.4203,0.053,0.071,,-0.035,50.87,long_term_debt_incl_current,0.37,469.82,net_income,0,No change
AMZN,AMAZON COM INC,Consumer Discretionary,2022-09-30,2021-12-31,6,9,true,0.4203,0.053,0.071,,-0.035,50.87,long_term_debt_incl_current,0.37,469.82,net_income,0,No change
AMZN,AMAZON COM INC,Consumer Discretionary,2022-10-31,2021-12-31,6,9,true,0.4203,0.053,0.071,,-0.035,50.87,long_term_debt_incl_current,0.37,469.82,net_income,0,No change
AMZN,AMAZON COM INC,Consumer Discretionary,2022-11-30,2021-12-31,6,9,true,0.4203,0.053,0.071,,-0.035,50.87,long_term_debt_incl_current,0.37,469.82,net_income,0,No change
AMZN,AMAZON COM INC,Consumer Discretionary,2022-12-31,2021-12-31,6,9,true,0.4203,0.053,0.071,,-0.035,50.87,long_term_debt_incl_current,0.37,469.82,net_income,0,No change
AMZN,AMAZON COM INC,Consumer Discretionary,2023-01-31,2021-12-31,6,9,true,0.4203,0.053,0.071,,-0.035,50.87,long_term_debt_incl_current,0.37,469.82,net_income,0,No change
AMZN,AMAZON COM INC,Consumer Discretionary,2023-02-28,2022-12-31,4,9,true,0.4381,0.0238,-0.0053,,-0.112,70.54,long_term_debt_incl_current,0.48,513.98,net_income,-2,New annual report
AMZN,AMAZON COM INC,Consumer Discretionary,2023-03-31,2022-12-31,4,9,true,0.4381,0.0238,-0.0053,,-0.112,70.54,long_term_debt_incl_current,0.48,513.98,net_income,0,No change
AMZN,AMAZON COM INC,Consumer Discretionary,2023-04-30,2022-12-31,4,9,true,0.4381,0.0238,-0.0053,,-0.112,71.74,long_term_debt_incl_current,0.49,513.98,net_income,0,No change
AMZN,AMAZON COM INC,Consumer Discretionary,2023-05-31,2022-12-31,4,9,true,0.4381,0.0238,-0.0053,,-0.112,71.74,long_term_debt_incl_current,0.49,513.98,net_income,0,No change
AMZN,AMAZON COM INC,Consumer Discretionary,2023-06-30,2022-12-31,4,9,true,0.4381,0.0238,-0.0053,,-0.112,71.74,long_term_debt_incl_current,0.49,513.98,net_income,0,No change
AMZN,AMAZON COM INC,Consumer Discretionary,2023-07-31,2022-12-31,4,9,true,0.4381,0.0238,-0.0053,,-0.112,71.74,long_term_debt_incl_current,0.49,513.98,net_income,0,No change
AMZN,AMAZON COM INC,Consumer Discretionary,2023-08-31,2022-12-31,4,9,true,0.4381,0.0238,-0.0053,,-0.112,71.74,long_term_debt_incl_current,0.49,513.98,net_income,0,No change
AMZN,AMAZON COM INC,Consumer Discretionary,2023-09-30,2022-12-31,4,9,true,0.4381,0.0238,-0.0053,,-0.112,71.74,long_term_debt_incl_current,0.49,513.98,net_income,0,No change
AMZN,AMAZON COM INC,Consumer Discretionary,2023-10-31,2022-12-31,4,9,true,0.4381,0.0238,-0.0053,,-0.112,71.74,long_term_debt_incl_current,0.49,513.98,net_income,0,No change
AMZN,AMAZON COM INC,Consumer Discretionary,2023-11-30,2022-12-31,4,9,true,0.4381,0.0238,-0.0053,,-0.112,71.74,long_term_debt_incl_current,0.49,513.98,net_income,0,No change
AMZN,AMAZON COM INC,Consumer Discretionary,2023-12-31,2022-12-31,4,9,true,0.4381,0.0238,-0.0053,,-0.112,71.74,long_term_debt_incl_current,0.49,513.98,net_income,0,No change
AMZN,AMAZON COM INC,Consumer Discretionary,2024-01-31,2022-12-31,4,9,true,0.4381,0.0238,-0.0053,,-0.112,71.74,long_term_debt_incl_current,0.49,513.98,net_income,0,No change
AMZN,AMAZON COM INC,Consumer Discretionary,2024-02-29,2023-12-31,8,9,true,0.4698,0.0641,0.0529,,-0.1101,67.18,long_term_debt_incl_current,0.33,574.79,net_income,4,New annual report
AMZN,AMAZON COM INC,Consumer Discretionary,2024-03-31,2023-12-31,8,9,true,0.4698,0.0641,0.0529,,-0.1101,67.18,long_term_debt_incl_current,0.33,574.79,net_income,0,No change
AMZN,AMAZON COM INC,Consumer Discretionary,2024-04-30,2023-12-31,8,9,true,0.4698,0.0641,0.0529,,-0.1101,67.18,long_term_debt_incl_current,0.33,574.79,net_income,0,No change
AMZN,AMAZON COM INC,Consumer Discretionary,2024-05-31,2023-12-31,8,9,true,0.4698,0.0641,0.0529,,-0.1101,67.33,long_term_debt_incl_current,0.33,574.79,net_income,0,No change
AMZN,AMAZON COM INC,Consumer Discretionary,2024-06-30,2023-12-31,8,9,true,0.4698,0.0641,0.0529,,-0.1101,67.33,long_term_debt_incl_current,0.33,574.79,net_income,0,No change
AMZN,AMAZON COM INC,Consumer Discretionary,2024-07-31,2023-12-31,8,9,true,0.4698,0.0641,0.0529,,-0.1101,67.33,long_term_debt_incl_current,0.33,574.79,net_income,0,No change
AMZN,AMAZON COM INC,Consumer Discretionary,2024-08-31,2023-12-31,8,9,true,0.4698,0.0641,0.0529,,-0.1101,67.33,long_term_debt_incl_current,0.33,574.79,net_income,0,No change
AMZN,AMAZON COM INC,Consumer Discretionary,2024-09-30,2023-12-31,8,9,true,0.4698,0.0641,0.0529,,-0.1101,67.33,long_term_debt_incl_current,0.33,574.79,net_income,0,No change
AMZN,AMAZON COM INC,Consumer Discretionary,2024-10-31,2023-12-31,8,9,true,0.4698,0.0641,0.0529,,-0.1101,67.33,long_term_debt_incl_current,0.33,574.79,net_income,0,No change
AMZN,AMAZON COM INC,Consumer Discretionary,2024-11-30,2023-12-31,8,9,true,0.4698,0.0641,0.0529,,-0.1101,67.33,long_term_debt_incl_current,0.33,574.79,net_income,0,No change
AMZN,AMAZON COM INC,Consumer Discretionary,2024-12-31,2023-12-31,8,9,true,0.4698,0.0641,0.0529,,-0.1101,67.33,long_term_debt_incl_current,0.33,574.79,net_income,0,No change
AMZN,AMAZON COM INC,Consumer Discretionary,2025-01-31,2023-12-31,8,9,true,0.4698,0.0641,0.0529,,-0.1101,67.33,long_term_debt_incl_current,0.33,574.79,net_income,0,No change
AMZN,AMAZON COM INC,Consumer Discretionary,2025-02-28,2024-12-31,7,9,true,0.4885,0.1075,0.0929,,-0.0983,58.15,long_term_debt_incl_current,0.2,637.96,net_income,-1,New annual report
AMZN,AMAZON COM INC,Consumer Discretionary,2025-03-31,2024-12-31,7,9,true,0.4885,0.1075,0.0929,,-0.0983,58.15,long_term_debt_incl_current,0.2,637.96,net_income,0,No change
AMZN,AMAZON COM INC,Consumer Discretionary,2025-04-30,2024-12-31,7,9,true,0.4885,0.1075,0.0929,,-0.0983,58.15,long_term_debt_incl_current,0.2,637.96,net_income,0,No change
AMZN,AMAZON COM INC,Consumer Discretionary,2025-05-31,2024-12-31,7,9,true,0.4885,0.1075,0.0929,,-0.0983,58.15,long_term_debt_incl_current,0.2,637.96,net_income,0,No change
AMZN,AMAZON COM INC,Consumer Discretionary,2025-06-30,2024-12-31,7,9,true,0.4885,0.1075,0.0929,,-0.0983,58.15,long_term_debt_incl_current,0.2,637.96,net_income,0,No change
AMZN,AMAZON COM INC,Consumer Discretionary,2025-07-31,2024-12-31,7,9,true,0.4885,0.1075,0.0929,,-0.0983,58.15,long_term_debt_incl_current,0.2,637.96,net_income,0,No change
AMZN,AMAZON COM INC,Consumer Discretionary,2025-08-31,2024-12-31,7,9,true,0.4885,0.1075,0.0929,,-0.0983,58.15,long_term_debt_incl_current,0.2,637.96,net_income,0,No change
AMZN,AMAZON COM INC,Consumer Discretionary,2025-09-30,2024-12-31,7,9,true,0.4885,0.1075,0.0929,,-0.0983,58.15,long_term_debt_incl_current,0.2,637.96,net_income,0,No change
AMZN,AMAZON COM INC,Consumer Discretionary,2025-10-31,2024-12-31,7,9,true,0.4885,0.1075,0.0929,,-0.0983,58.15,long_term_debt_incl_current,0.2,637.96,net_income,0,No change
AMZN,AMAZON COM INC,Consumer Discretionary,2025-11-30,2024-12-31,7,9,true,0.4885,0.1075,0.0929,,-0.0983,58.15,long_term_debt_incl_current,0.2,637.96,net_income,0,No change
AMZN,AMAZON COM INC,Consumer Discretionary,2025-12-31,2024-12-31,7,9,true,0.4885,0.1075,0.0929,,-0.0983,58.15,long_term_debt_incl_current,0.2,637.96,net_income,0,No change
AMZN,AMAZON COM INC,Consumer Discretionary,2026-01-31,2024-12-31,7,9,true,0.4885,0.1075,0.0929,,-0.0983,58.15,long_term_debt_incl_current,0.2,637.96,net_income,0,No change
AMZN,AMAZON COM INC,Consumer Discretionary,2026-02-28,2025-12-31,6,9,true,0.5029,0.1116,0.1083,,-0.0857,69.29,long_term_debt_incl_current,0.17,716.92,net_income,-1,New annual report
AMZN,AMAZON COM INC,Consumer Discretionary,2026-03-31,2025-12-31,6,9,true,0.5029,0.1116,0.1083,,-0.0857,69.29,long_term_debt_incl_current,0.17,716.92,net_income,0,No change
AMZN,AMAZON COM INC,Consumer Discretionary,2026-04-30,2025-12-31,6,9,true,0.5029,0.1116,0.1083,,-0.0857,69.29,long_term_debt_incl_current,0.17,716.92,net_income,0,No change
AMZN,AMAZON COM INC,Consumer Discretionary,2026-05-31,2025-12-31,6,9,true,0.5029,0.1116,0.1083,,-0.0857,69.29,long_term_debt_incl_current,0.17,716.92,net_income,0,No change
AMZN,AMAZON COM INC,Consumer Discretionary,2026-06-30,2025-12-31,6,9,true,0.5029,0.1116,0.1083,,-0.0857,69.29,long_term_debt_incl_current,0.17,716.92,net_income,0,No change
AMZN,AMAZON COM INC,Consumer Discretionary,2026-07-31,2025-12-31,6,9,true,0.5029,0.1116,0.1083,,-0.0857,69.29,long_term_debt_incl_current,0.17,716.92,net_income,0,No change
AMZN,AMAZON COM INC,Consumer Discretionary,2026-08-31,2025-12-31,6,9,true,0.5029,0.1116,0.1083,,-0.0857,69.29,long_term_debt_incl_current,0.17,716.92,net_income,0,No change
AMZN,AMAZON COM INC,Consumer Discretionary,2026-09-30,2025-12-31,6,9,true,0.5029,0.1116,0.1083,,-0.0857,69.29,long_term_debt_incl_current,0.17,716.92,net_income,0,No change
BA,THE BOEING COMPANY,Industrials,2010-01-31,2008-12-31,0,0,false,,,,,,,,,,net_income_incl_nci,,No change
BA,THE BOEING COMPANY,Industrials,2010-02-28,2009-12-31,4,5,false,0.172,0.0307,0.0192,0.0647,-0.0741,,,,68.28,net_income,4,New annual report
BA,THE BOEING COMPANY,Industrials,2010-03-31,2009-12-31,4,5,false,0.172,0.0307,0.0192,0.0647,-0.0741,,,,68.28,net_income,0,No change
BA,THE BOEING COMPANY,Industrials,2010-04-30,2009-12-31,4,5,false,0.172,0.0307,0.0192,0.0647,-0.0741,,,,68.28,net_income,0,No change
BA,THE BOEING COMPANY,Industrials,2010-05-31,2009-12-31,4,5,false,0.172,0.0307,0.0192,0.0647,-0.0741,,,,68.28,net_income,0,No change
BA,THE BOEING COMPANY,Industrials,2010-06-30,2009-12-31,4,5,false,0.172,0.0307,0.0192,0.0647,-0.0741,,,,68.28,net_income,0,No change
BA,THE BOEING COMPANY,Industrials,2010-07-31,2009-12-31,4,5,false,0.172,0.0307,0.0192,0.0647,-0.0741,,,,68.28,net_income,0,No change
BA,THE BOEING COMPANY,Industrials,2010-08-31,2009-12-31,4,5,false,0.172,0.0307,0.0192,0.0647,-0.0741,,,,68.28,net_income,0,No change
BA,THE BOEING COMPANY,Industrials,2010-09-30,2009-12-31,4,5,false,0.172,0.0307,0.0192,0.0647,-0.0741,,,,68.28,net_income,0,No change
BA,THE BOEING COMPANY,Industrials,2010-10-31,2009-12-31,4,5,false,0.172,0.0307,0.0192,0.0647,-0.0741,,,,68.28,net_income,0,No change
BA,THE BOEING COMPANY,Industrials,2010-11-30,2009-12-31,4,5,false,0.172,0.0307,0.0192,0.0647,-0.0741,,,,68.28,net_income,0,No change
BA,THE BOEING COMPANY,Industrials,2010-12-31,2009-12-31,4,5,false,0.172,0.0307,0.0192,0.0647,-0.0741,,,,68.28,net_income,0,No change
BA,THE BOEING COMPANY,Industrials,2011-01-31,2009-12-31,4,5,false,0.172,0.0307,0.0192,0.0647,-0.0741,,,,68.28,net_income,0,No change
BA,THE BOEING COMPANY,Industrials,2011-02-28,2010-12-31,5,8,false,0.1938,0.0773,0.0514,0.0284,0.0054,,,,64.31,net_income,1,New annual report
BA,THE BOEING COMPANY,Industrials,2011-03-31,2010-12-31,5,8,false,0.1938,0.0773,0.0514,0.0284,0.0054,,,,64.31,net_income,0,No change
BA,THE BOEING COMPANY,Industrials,2011-04-30,2010-12-31,5,8,false,0.1938,0.0773,0.0514,0.0284,0.0054,,,,64.31,net_income,0,No change
BA,THE BOEING COMPANY,Industrials,2011-05-31,2010-12-31,5,8,false,0.1938,0.0773,0.0514,0.0284,0.0054,,,,64.31,net_income,0,No change
BA,THE BOEING COMPANY,Industrials,2011-06-30,2010-12-31,5,8,false,0.1938,0.0773,0.0514,0.0284,0.0054,,,,64.31,net_income,0,No change
BA,THE BOEING COMPANY,Industrials,2011-07-31,2010-12-31,5,8,false,0.1938,0.0773,0.0514,0.0284,0.0054,,,,64.31,net_income,0,No change
BA,THE BOEING COMPANY,Industrials,2011-08-31,2010-12-31,5,8,false,0.1938,0.0773,0.0514,0.0284,0.0054,,,,64.31,net_income,0,No change
BA,THE BOEING COMPANY,Industrials,2011-09-30,2010-12-31,5,8,false,0.1938,0.0773,0.0514,0.0284,0.0054,,,,64.31,net_income,0,No change
BA,THE BOEING COMPANY,Industrials,2011-10-31,2010-12-31,5,8,false,0.1938,0.0773,0.0514,0.0284,0.0054,,,,64.31,net_income,0,No change
BA,THE BOEING COMPANY,Industrials,2011-11-30,2010-12-31,5,8,false,0.1938,0.0773,0.0514,0.0284,0.0054,,,,64.31,net_income,0,No change
BA,THE BOEING COMPANY,Industrials,2011-12-31,2010-12-31,5,8,false,0.1938,0.0773,0.0514,0.0284,0.0054,,,,64.31,net_income,0,No change
BA,THE BOEING COMPANY,Industrials,2012-01-31,2010-12-31,5,8,false,0.1938,0.0773,0.0514,0.0284,0.0054,,,,64.31,net_income,0,No change
BA,THE BOEING COMPANY,Industrials,2012-02-29,2011-12-31,5,8,false,0.1872,0.085,0.0585,0.0336,-0.0001,,,,68.74,net_income,0,No change
BA,THE BOEING COMPANY,Industrials,2012-03-31,2011-12-31,5,8,false,0.1872,0.085,0.0585,0.0336,-0.0001,,,,68.74,net_income,0,No change
BA,THE BOEING COMPANY,Industrials,2012-04-30,2011-12-31,5,8,false,0.1872,0.085,0.0585,0.0336,-0.0001,,,,68.74,net_income,0,No change
BA,THE BOEING COMPANY,Industrials,2012-05-31,2011-12-31,5,8,false,0.1872,0.085,0.0585,0.0336,-0.0001,,,,68.74,net_income,0,No change
BA,THE BOEING COMPANY,Industrials,2012-06-30,2011-12-31,5,8,false,0.1872,0.085,0.0585,0.0336,-0.0001,,,,68.74,net_income,0,No change
BA,THE BOEING COMPANY,Industrials,2012-07-31,2011-12-31,5,8,false,0.1872,0.085,0.0585,0.0336,-0.0001,,,,68.74,net_income,0,No change
BA,THE BOEING COMPANY,Industrials,2012-08-31,2011-12-31,5,8,false,0.1872,0.085,0.0585,0.0336,-0.0001,,,,68.74,net_income,0,No change
BA,THE BOEING COMPANY,Industrials,2012-09-30,2011-12-31,5,8,false,0.1872,0.085,0.0585,0.0336,-0.0001,,,,68.74,net_income,0,No change
BA,THE BOEING COMPANY,Industrials,2012-10-31,2011-12-31,5,8,false,0.1872,0.085,0.0585,0.0336,-0.0001,,,,68.74,net_income,0,No change
BA,THE BOEING COMPANY,Industrials,2012-11-30,2011-12-31,5,8,false,0.1872,0.085,0.0585,0.0336,-0.0001,,,,68.74,net_income,0,No change
BA,THE BOEING COMPANY,Industrials,2012-12-31,2011-12-31,5,8,false,0.1872,0.085,0.0585,0.0336,-0.0001,,,,68.74,net_income,0,No change
BA,THE BOEING COMPANY,Industrials,2013-01-31,2011-12-31,5,8,false,0.1872,0.085,0.0585,0.0336,-0.0001,,,,68.74,net_income,0,No change
BA,THE BOEING COMPANY,Industrials,2013-02-28,2012-12-31,5,8,false,0.1598,0.0772,0.0477,0.0711,-0.0427,,,,81.7,net_income,0,No change
BA,THE BOEING COMPANY,Industrials,2013-03-31,2012-12-31,5,8,false,0.1598,0.0772,0.0477,0.0711,-0.0427,,,,81.7,net_income,0,No change
BA,THE BOEING COMPANY,Industrials,2013-04-30,2012-12-31,5,8,false,0.1598,0.0772,0.0477,0.0711,-0.0427,,,,81.7,net_income,0,No change
BA,THE BOEING COMPANY,Industrials,2013-05-31,2012-12-31,5,8,false,0.1598,0.0772,0.0477,0.0711,-0.0427,,,,81.7,net_income,0,No change
BA,THE BOEING COMPANY,Industrials,2013-06-30,2012-12-31,5,8,false,0.1598,0.0772,0.0477,0.0711,-0.0427,,,,81.7,net_income,0,No change
BA,THE BOEING COMPANY,Industrials,2013-07-31,2012-12-31,5,8,false,0.1598,0.0772,0.0477,0.0711,-0.0427,,,,81.7,net_income,0,No change
BA,THE BOEING COMPANY,Industrials,2013-08-31,2012-12-31,5,8,false,0.1598,0.0772,0.0477,0.0711,-0.0427,,,,81.7,net_income,0,No change
BA,THE BOEING COMPANY,Industrials,2013-09-30,2012-12-31,5,8,false,0.1598,0.0772,0.0477,0.0711,-0.0427,,,,81.7,net_income,0,No change
BA,THE BOEING COMPANY,Industrials,2013-10-31,2012-12-31,5,8,false,0.1598,0.0772,0.0477,0.0711,-0.0427,,,,81.7,net_income,0,No change
BA,THE BOEING COMPANY,Industrials,2013-11-30,2012-12-31,5,8,false,0.1598,0.0772,0.0477,0.0711,-0.0427,,,,81.7,net_income,0,No change
BA,THE BOEING COMPANY,Industrials,2013-12-31,2012-12-31,5,8,false,0.1598,0.0772,0.0477,0.0711,-0.0427,,,,81.7,net_income,0,No change
BA,THE BOEING COMPANY,Industrials,2014-01-31,2012-12-31,5,8,false,0.1598,0.0772,0.0477,0.0711,-0.0427,,,,81.7,net_income,0,No change
BA,THE BOEING COMPANY,Industrials,2014-02-28,2013-12-31,4,8,false,0.1542,0.0758,0.0529,0.0702,-0.0396,,,,86.62,net_income,-1,New annual report
BA,THE BOEING COMPANY,Industrials,2014-03-31,2013-12-31,4,8,false,0.1542,0.0758,0.0529,0.0702,-0.0396,,,,86.62,net_income,0,No change
BA,THE BOEING COMPANY,Industrials,2014-04-30,2013-12-31,4,8,false,0.1542,0.0758,0.0529,0.0702,-0.0396,,,,86.62,net_income,0,No change
BA,THE BOEING COMPANY,Industrials,2014-05-31,2013-12-31,4,8,false,0.1542,0.0758,0.0529,0.0702,-0.0396,,,,86.62,net_income,0,No change
BA,THE BOEING COMPANY,Industrials,2014-06-30,2013-12-31,4,8,false,0.1542,0.0758,0.0529,0.0702,-0.0396,,,,86.62,net_income,0,No change
BA,THE BOEING COMPANY,Industrials,2014-07-31,2013-12-31,4,8,false,0.1542,0.0758,0.0529,0.0702,-0.0396,,,,86.62,net_income,0,No change
BA,THE BOEING COMPANY,Industrials,2014-08-31,2013-12-31,4,8,false,0.1542,0.0758,0.0529,0.0702,-0.0396,,,,86.62,net_income,0,No change
BA,THE BOEING COMPANY,Industrials,2014-09-30,2013-12-31,4,8,false,0.1542,0.0758,0.0529,0.0702,-0.0396,,,,86.62,net_income,0,No change
BA,THE BOEING COMPANY,Industrials,2014-10-31,2013-12-31,4,8,false,0.1542,0.0758,0.0529,0.0702,-0.0396,,,,86.62,net_income,0,No change
BA,THE BOEING COMPANY,Industrials,2014-11-30,2013-12-31,4,8,false,0.1542,0.0758,0.0529,0.0702,-0.0396,,,,86.62,net_income,0,No change
BA,THE BOEING COMPANY,Industrials,2014-12-31,2013-12-31,4,8,false,0.1542,0.0758,0.0529,0.0702,-0.0396,,,,86.62,net_income,0,No change
BA,THE BOEING COMPANY,Industrials,2015-01-31,2013-12-31,4,8,false,0.1542,0.0758,0.0529,0.0702,-0.0396,,,,86.62,net_income,0,No change
BA,THE BOEING COMPANY,Industrials,2015-02-28,2014-12-31,7,8,false,0.1544,0.0823,0.06,0.073,-0.0356,,,,90.76,net_income,3,New annual report
BA,THE BOEING COMPANY,Industrials,2015-03-31,2014-12-31,7,8,false,0.1544,0.0823,0.06,0.073,-0.0356,,,,90.76,net_income,0,No change
BA,THE BOEING COMPANY,Industrials,2015-04-30,2014-12-31,7,8,false,0.1544,0.0823,0.06,0.073,-0.0356,,,,90.76,net_income,0,No change
BA,THE BOEING COMPANY,Industrials,2015-05-31,2014-12-31,7,8,false,0.1544,0.0823,0.06,0.073,-0.0356,,,,90.76,net_income,0,No change
BA,THE BOEING COMPANY,Industrials,2015-06-30,2014-12-31,7,8,false,0.1544,0.0823,0.06,0.073,-0.0356,,,,90.76,net_income,0,No change
BA,THE BOEING COMPANY,Industrials,2015-07-31,2014-12-31,7,8,false,0.1544,0.0823,0.06,0.073,-0.0356,,,,90.76,net_income,0,No change
BA,THE BOEING COMPANY,Industrials,2015-08-31,2014-12-31,7,8,false,0.1544,0.0823,0.06,0.073,-0.0356,,,,90.76,net_income,0,No change
BA,THE BOEING COMPANY,Industrials,2015-09-30,2014-12-31,7,8,false,0.1544,0.0823,0.06,0.073,-0.0356,,,,90.76,net_income,0,No change
BA,THE BOEING COMPANY,Industrials,2015-10-31,2014-12-31,7,8,false,0.1544,0.0823,0.06,0.073,-0.0356,,,,90.76,net_income,0,No change
BA,THE BOEING COMPANY,Industrials,2015-11-30,2014-12-31,7,8,false,0.1544,0.0823,0.06,0.073,-0.0356,,,,90.76,net_income,0,No change
BA,THE BOEING COMPANY,Industrials,2015-12-31,2014-12-31,7,8,false,0.1544,0.0823,0.06,0.073,-0.0356,,,,90.76,net_income,0,No change
BA,THE BOEING COMPANY,Industrials,2016-01-31,2014-12-31,7,8,false,0.1544,0.0823,0.06,0.073,-0.0356,,,,90.76,net_income,0,No change
BA,THE BOEING COMPANY,Industrials,2016-02-29,2015-12-31,5,8,false,0.1459,0.0774,0.0539,0.0719,-0.0447,,,,96.11,net_income,-2,New annual report
BA,THE BOEING COMPANY,Industrials,2016-03-31,2015-12-31,5,8,false,0.1459,0.0774,0.0539,0.0719,-0.0447,,,,96.11,net_income,0,No change
BA,THE BOEING COMPANY,Industrials,2016-04-30,2015-12-31,5,8,false,0.1459,0.0774,0.0539,0.0719,-0.0447,,,,96.11,net_income,0,No change
BA,THE BOEING COMPANY,Industrials,2016-05-31,2015-12-31,5,8,false,0.1459,0.0774,0.0539,0.0719,-0.0447,,,,96.11,net_income,0,No change
BA,THE BOEING COMPANY,Industrials,2016-06-30,2015-12-31,5,8,false,0.1459,0.0774,0.0539,0.0719,-0.0447,,,,96.11,net_income,0,No change
BA,THE BOEING COMPANY,Industrials,2016-07-31,2015-12-31,5,8,false,0.1459,0.0774,0.0539,0.0719,-0.0447,,,,96.11,net_income,0,No change
BA,THE BOEING COMPANY,Industrials,2016-08-31,2015-12-31,5,8,false,0.1459,0.0774,0.0539,0.0719,-0.0447,,,,96.11,net_income,0,No change
BA,THE BOEING COMPANY,Industrials,2016-09-30,2015-12-31,5,8,false,0.1459,0.0774,0.0539,0.0719,-0.0447,,,,96.11,net_income,0,No change
BA,THE BOEING COMPANY,Industrials,2016-10-31,2015-12-31,5,8,false,0.1459,0.0774,0.0539,0.0719,-0.0447,,,,96.11,net_income,0,No change
BA,THE BOEING COMPANY,Industrials,2016-11-30,2015-12-31,5,8,false,0.1459,0.0774,0.0539,0.0719,-0.0447,,,,96.11,net_income,0,No change
BA,THE BOEING COMPANY,Industrials,2016-12-31,2015-12-31,5,8,false,0.1459,0.0774,0.0539,0.0719,-0.0447,,,,96.11,net_income,0,No change
BA,THE BOEING COMPANY,Industrials,2017-01-31,2015-12-31,5,8,false,0.1459,0.0774,0.0539,0.0719,-0.0447,,,,96.11,net_income,0,No change
BA,THE BOEING COMPANY,Industrials,2017-02-28,2016-12-31,4,8,false,0.1457,0.0617,0.0518,0.0834,-0.0608,,,,94.57,net_income,-1,New annual report
BA,THE BOEING COMPANY,Industrials,2017-03-31,2016-12-31,4,8,false,0.1457,0.0617,0.0518,0.0834,-0.0608,,,,94.57,net_income,0,No change
BA,THE BOEING COMPANY,Industrials,2017-04-30,2016-12-31,4,8,false,0.1457,0.0617,0.0518,0.0834,-0.0608,,,,94.57,net_income,0,No change
BA,THE BOEING COMPANY,Industrials,2017-05-31,2016-12-31,4,8,false,0.1457,0.0617,0.0518,0.0834,-0.0608,,,,94.57,net_income,0,No change
BA,THE BOEING COMPANY,Industrials,2017-06-30,2016-12-31,4,8,false,0.1457,0.0617,0.0518,0.0834,-0.0608,,,,94.57,net_income,0,No change
BA,THE BOEING COMPANY,Industrials,2017-07-31,2016-12-31,4,8,false,0.1457,0.0617,0.0518,0.0834,-0.0608,,,,94.57,net_income,0,No change
BA,THE BOEING COMPANY,Industrials,2017-08-31,2016-12-31,4,8,false,0.1457,0.0617,0.0518,0.0834,-0.0608,,,,94.57,net_income,0,No change
BA,THE BOEING COMPANY,Industrials,2017-09-30,2016-12-31,4,8,false,0.1457,0.0617,0.0518,0.0834,-0.0608,,,,94.57,net_income,0,No change
BA,THE BOEING COMPANY,Industrials,2017-10-31,2016-12-31,4,8,false,0.1457,0.0617,0.0518,0.0834,-0.0608,,,,94.57,net_income,0,No change
BA,THE BOEING COMPANY,Industrials,2017-11-30,2016-12-31,4,8,false,0.1457,0.0617,0.0518,0.0834,-0.0608,,,,94.57,net_income,0,No change
BA,THE BOEING COMPANY,Industrials,2017-12-31,2016-12-31,4,8,false,0.1457,0.0617,0.0518,0.0834,-0.0608,,,,94.57,net_income,0,No change
BA,THE BOEING COMPANY,Industrials,2018-01-31,2016-12-31,4,8,false,0.1457,0.0617,0.0518,0.0834,-0.0608,,,,94.57,net_income,0,No change
BA,THE BOEING COMPANY,Industrials,2018-02-28,2017-12-31,7,8,false,0.1855,0.1101,0.0878,0.1243,-0.0565,,,,93.39,net_income,3,New annual report
BA,THE BOEING COMPANY,Industrials,2018-03-31,2017-12-31,7,8,false,0.1855,0.1101,0.0878,0.1243,-0.0565,,,,93.39,net_income,0,No change
BA,THE BOEING COMPANY,Industrials,2018-04-30,2017-12-31,7,8,false,0.1855,0.1101,0.0878,0.1243,-0.0509,,,,93.39,net_income,0,No change
BA,THE BOEING COMPANY,Industrials,2018-05-31,2017-12-31,7,8,false,0.1855,0.1101,0.0878,0.1243,-0.0509,,,,93.39,net_income,0,No change
BA,THE BOEING COMPANY,Industrials,2018-06-30,2017-12-31,7,8,false,0.1855,0.1101,0.0878,0.1243,-0.0509,,,,93.39,net_income,0,No change
BA,THE BOEING COMPANY,Industrials,2018-07-31,2017-12-31,7,8,false,0.1855,0.1101,0.0878,0.1243,-0.0509,,,,93.39,net_income,0,No change
BA,THE BOEING COMPANY,Industrials,2018-08-31,2017-12-31,7,8,false,0.1855,0.1101,0.0878,0.1243,-0.0509,,,,93.39,net_income,0,No change
BA,THE BOEING COMPANY,Industrials,2018-09-30,2017-12-31,7,8,false,0.1855,0.1101,0.0878,0.1243,-0.0509,,,,93.39,net_income,0,No change
BA,THE BOEING COMPANY,Industrials,2018-10-31,2017-12-31,7,8,false,0.1855,0.1101,0.0878,0.1243,-0.0509,,,,93.39,net_income,0,No change
BA,THE BOEING COMPANY,Industrials,2018-11-30,2017-12-31,7,8,false,0.1855,0.1101,0.0878,0.1243,-0.0509,,,,93.39,net_income,0,No change
BA,THE BOEING COMPANY,Industrials,2018-12-31,2017-12-31,7,8,false,0.1855,0.1101,0.0878,0.1243,-0.0509,,,,93.39,net_income,0,No change
BA,THE BOEING COMPANY,Industrials,2019-01-31,2017-12-31,7,8,false,0.1855,0.1101,0.0878,0.1243,-0.0509,,,,93.39,net_income,0,No change
BA,THE BOEING COMPANY,Industrials,2019-02-28,2018-12-31,5,8,false,0.1942,0.1185,0.1034,0.1345,-0.0423,,,,101.13,net_income,-2,New annual report
BA,THE BOEING COMPANY,Industrials,2019-03-31,2018-12-31,5,8,false,0.1942,0.1185,0.1034,0.1345,-0.0423,,,,101.13,net_income,0,No change
BA,THE BOEING COMPANY,Industrials,2019-04-30,2018-12-31,5,8,false,0.1942,0.1185,0.1034,0.1345,-0.0423,,,,101.13,net_income,0,No change
BA,THE BOEING COMPANY,Industrials,2019-05-31,2018-12-31,5,8,false,0.1942,0.1185,0.1034,0.1345,-0.0423,,,,101.13,net_income,0,No change
BA,THE BOEING COMPANY,Industrials,2019-06-30,2018-12-31,5,8,false,0.1942,0.1185,0.1034,0.1345,-0.0423,,,,101.13,net_income,0,No change
BA,THE BOEING COMPANY,Industrials,2019-07-31,2018-12-31,5,8,false,0.1942,0.1185,0.1034,0.1345,-0.0423,,,,101.13,net_income,0,No change
BA,THE BOEING COMPANY,Industrials,2019-08-31,2018-12-31,5,8,false,0.1942,0.1185,0.1034,0.1345,-0.0423,,,,101.13,net_income,0,No change
BA,THE BOEING COMPANY,Industrials,2019-09-30,2018-12-31,5,8,false,0.1942,0.1185,0.1034,0.1345,-0.0423,,,,101.13,net_income,0,No change
BA,THE BOEING COMPANY,Industrials,2019-10-31,2018-12-31,5,8,false,0.1942,0.1185,0.1034,0.1345,-0.0423,,,,101.13,net_income,0,No change
BA,THE BOEING COMPANY,Industrials,2019-11-30,2018-12-31,5,8,false,0.1942,0.1185,0.1034,0.1345,-0.0423,,,,101.13,net_income,0,No change
BA,THE BOEING COMPANY,Industrials,2019-12-31,2018-12-31,5,8,false,0.1942,0.1185,0.1034,0.1345,-0.0423,,,,101.13,net_income,0,No change
BA,THE BOEING COMPANY,Industrials,2020-01-31,2018-12-31,5,8,false,0.1942,0.1185,0.1034,0.1345,-0.0423,,,,101.13,net_income,0,No change
BA,THE BOEING COMPANY,Industrials,2020-02-29,2019-12-31,1,8,false,0.0583,-0.0258,-0.0083,-0.0559,0.0144,,,,76.56,net_income,-4,New annual report
BA,THE BOEING COMPANY,Industrials,2020-03-31,2019-12-31,1,8,false,0.0583,-0.0258,-0.0083,-0.0559,0.0144,,,,76.56,net_income,0,No change
BA,THE BOEING COMPANY,Industrials,2020-04-30,2019-12-31,1,8,false,0.0583,-0.0258,-0.0083,-0.0559,0.0144,,,,76.56,net_income,0,No change
BA,THE BOEING COMPANY,Industrials,2020-05-31,2019-12-31,1,8,false,0.0583,-0.0258,-0.0083,-0.0559,0.0144,,,,76.56,net_income,0,No change
BA,THE BOEING COMPANY,Industrials,2020-06-30,2019-12-31,1,8,false,0.0583,-0.0258,-0.0083,-0.0559,0.0144,,,,76.56,net_income,0,No change
BA,THE BOEING COMPANY,Industrials,2020-07-31,2019-12-31,1,8,false,0.0583,-0.0258,-0.0083,-0.0559,0.0144,27.06,long_term_debt_incl_current,-3.14,76.56,net_income,0,No change
BA,THE BOEING COMPANY,Industrials,2020-08-31,2019-12-31,1,8,false,0.0583,-0.0258,-0.0083,-0.0559,0.0144,27.06,long_term_debt_incl_current,-3.14,76.56,net_income,0,No change
BA,THE BOEING COMPANY,Industrials,2020-09-30,2019-12-31,1,8,false,0.0583,-0.0258,-0.0083,-0.0559,0.0144,27.06,long_term_debt_incl_current,-3.14,76.56,net_income,0,No change
BA,THE BOEING COMPANY,Industrials,2020-10-31,2019-12-31,1,8,false,0.0583,-0.0258,-0.0083,-0.0559,0.0144,27.06,long_term_debt_incl_current,-3.14,76.56,net_income,0,No change
BA,THE BOEING COMPANY,Industrials,2020-11-30,2019-12-31,1,8,false,0.0583,-0.0258,-0.0083,-0.0559,0.0144,27.06,long_term_debt_incl_current,-3.14,76.56,net_income,0,No change
BA,THE BOEING COMPANY,Industrials,2020-12-31,2019-12-31,1,8,false,0.0583,-0.0258,-0.0083,-0.0559,0.0144,27.06,long_term_debt_incl_current,-3.14,76.56,net_income,0,No change
BA,THE BOEING COMPANY,Industrials,2021-01-31,2019-12-31,1,8,false,0.0583,-0.0258,-0.0083,-0.0559,0.0144,27.06,long_term_debt_incl_current,-3.14,76.56,net_income,0,No change
BA,THE BOEING COMPANY,Industrials,2021-02-28,2020-12-31,1,9,true,-0.0978,-0.2195,-0.2042,-0.339,0.0458,63.38,long_term_debt_incl_current,-3.46,58.16,net_income,0,No change
BA,THE BOEING COMPANY,Industrials,2021-03-31,2020-12-31,1,9,true,-0.0978,-0.2195,-0.2042,-0.339,0.0458,63.38,long_term_debt_incl_current,-3.46,58.16,net_income,0,No change
BA,THE BOEING COMPANY,Industrials,2021-04-30,2020-12-31,1,9,true,-0.0978,-0.2195,-0.2042,-0.339,0.0458,63.38,long_term_debt_incl_current,-3.46,58.16,net_income,0,No change
BA,THE BOEING COMPANY,Industrials,2021-05-31,2020-12-31,1,9,true,-0.0978,-0.2195,-0.2042,-0.339,0.0458,63.38,long_term_debt_incl_current,-3.46,58.16,net_income,0,No change
BA,THE BOEING COMPANY,Industrials,2021-06-30,2020-12-31,1,9,true,-0.0978,-0.2195,-0.2042,-0.339,0.0458,63.38,long_term_debt_incl_current,-3.46,58.16,net_income,0,No change
BA,THE BOEING COMPANY,Industrials,2021-07-31,2020-12-31,1,9,true,-0.0978,-0.2195,-0.2042,-0.339,0.0458,63.38,long_term_debt_incl_current,-3.46,58.16,net_income,0,No change
BA,THE BOEING COMPANY,Industrials,2021-08-31,2020-12-31,1,9,true,-0.0978,-0.2195,-0.2042,-0.339,0.0458,63.38,long_term_debt_incl_current,-3.46,58.16,net_income,0,No change
BA,THE BOEING COMPANY,Industrials,2021-09-30,2020-12-31,1,9,true,-0.0978,-0.2195,-0.2042,-0.339,0.0458,63.38,long_term_debt_incl_current,-3.46,58.16,net_income,0,No change
BA,THE BOEING COMPANY,Industrials,2021-10-31,2020-12-31,1,9,true,-0.0978,-0.2195,-0.2042,-0.339,0.0458,63.38,long_term_debt_incl_current,-3.46,58.16,net_income,0,No change
BA,THE BOEING COMPANY,Industrials,2021-11-30,2020-12-31,1,9,true,-0.0978,-0.2195,-0.2042,-0.339,0.0458,63.38,long_term_debt_incl_current,-3.46,58.16,net_income,0,No change
BA,THE BOEING COMPANY,Industrials,2021-12-31,2020-12-31,1,9,true,-0.0978,-0.2195,-0.2042,-0.339,0.0458,63.38,long_term_debt_incl_current,-3.46,58.16,net_income,0,No change
BA,THE BOEING COMPANY,Industrials,2022-01-31,2020-12-31,1,9,true,-0.0978,-0.2195,-0.2042,-0.339,0.0458,63.38,long_term_debt_incl_current,-3.46,58.16,net_income,0,No change
BA,THE BOEING COMPANY,Industrials,2022-02-28,2021-12-31,4,9,true,0.0484,-0.0466,-0.0675,-0.0706,-0.0054,57.92,long_term_debt_incl_current,-3.86,62.29,net_income,3,New annual report
BA,THE BOEING COMPANY,Industrials,2022-03-31,2021-12-31,4,9,true,0.0484,-0.0466,-0.0675,-0.0706,-0.0054,57.92,long_term_debt_incl_current,-3.86,62.29,net_income,0,No change
BA,THE BOEING COMPANY,Industrials,2022-04-30,2021-12-31,4,9,true,0.0484,-0.0466,-0.0675,-0.0706,-0.0054,57.92,long_term_debt_incl_current,-3.86,62.29,net_income,0,No change
BA,THE BOEING COMPANY,Industrials,2022-05-31,2021-12-31,4,9,true,0.0484,-0.0466,-0.0675,-0.0706,-0.0054,57.92,long_term_debt_incl_current,-3.86,62.29,net_income,0,No change
BA,THE BOEING COMPANY,Industrials,2022-06-30,2021-12-31,4,9,true,0.0484,-0.0466,-0.0675,-0.0706,-0.0054,57.92,long_term_debt_incl_current,-3.86,62.29,net_income,0,No change
BA,THE BOEING COMPANY,Industrials,2022-07-31,2021-12-31,4,9,true,0.0484,-0.0466,-0.0675,-0.0706,-0.0054,57.92,long_term_debt_incl_current,-3.86,62.29,net_income,0,No change
BA,THE BOEING COMPANY,Industrials,2022-08-31,2021-12-31,4,9,true,0.0484,-0.0466,-0.0675,-0.0706,-0.0054,57.92,long_term_debt_incl_current,-3.86,62.29,net_income,0,No change
BA,THE BOEING COMPANY,Industrials,2022-09-30,2021-12-31,4,9,true,0.0484,-0.0466,-0.0675,-0.0706,-0.0054,57.92,long_term_debt_incl_current,-3.86,62.29,net_income,0,No change
BA,THE BOEING COMPANY,Industrials,2022-10-31,2021-12-31,4,9,true,0.0484,-0.0466,-0.0675,-0.0706,-0.0054,57.92,long_term_debt_incl_current,-3.86,62.29,net_income,0,No change
BA,THE BOEING COMPANY,Industrials,2022-11-30,2021-12-31,4,9,true,0.0484,-0.0466,-0.0675,-0.0706,-0.0054,57.92,long_term_debt_incl_current,-3.86,62.29,net_income,0,No change
BA,THE BOEING COMPANY,Industrials,2022-12-31,2021-12-31,4,9,true,0.0484,-0.0466,-0.0675,-0.0706,-0.0054,57.92,long_term_debt_incl_current,-3.86,62.29,net_income,0,No change
BA,THE BOEING COMPANY,Industrials,2023-01-31,2022-12-31,4,9,true,0.0526,-0.0533,-0.0741,0.0344,-0.0613,56.79,long_term_debt_incl_current,-3.58,66.61,net_income,0,No change
BA,THE BOEING COMPANY,Industrials,2023-02-28,2022-12-31,4,9,true,0.0526,-0.0533,-0.0741,0.0344,-0.0613,56.79,long_term_debt_incl_current,-3.58,66.61,net_income,0,No change
BA,THE BOEING COMPANY,Industrials,2023-03-31,2022-12-31,4,9,true,0.0526,-0.0533,-0.0741,0.0344,-0.0613,56.79,long_term_debt_incl_current,-3.58,66.61,net_income,0,No change
BA,THE BOEING COMPANY,Industrials,2023-04-30,2022-12-31,4,9,true,0.0526,-0.0533,-0.0741,0.0344,-0.0613,56.79,long_term_debt_incl_current,-3.58,66.61,net_income,0,No change
BA,THE BOEING COMPANY,Industrials,2023-05-31,2022-12-31,4,9,true,0.0526,-0.0533,-0.0741,0.0344,-0.0613,56.79,long_term_debt_incl_current,-3.58,66.61,net_income,0,No change
BA,THE BOEING COMPANY,Industrials,2023-06-30,2022-12-31,4,9,true,0.0526,-0.0533,-0.0741,0.0344,-0.0613,56.79,long_term_debt_incl_current,-3.58,66.61,net_income,0,No change
BA,THE BOEING COMPANY,Industrials,2023-07-31,2022-12-31,4,9,true,0.0526,-0.0533,-0.0741,0.0344,-0.0613,56.79,long_term_debt_incl_current,-3.58,66.61,net_income,0,No change
BA,THE BOEING COMPANY,Industrials,2023-08-31,2022-12-31,4,9,true,0.0526,-0.0533,-0.0741,0.0344,-0.0613,56.79,long_term_debt_incl_current,-3.58,66.61,net_income,0,No change
BA,THE BOEING COMPANY,Industrials,2023-09-30,2022-12-31,4,9,true,0.0526,-0.0533,-0.0741,0.0344,-0.0613,56.79,long_term_debt_incl_current,-3.58,66.61,net_income,0,No change
BA,THE BOEING COMPANY,Industrials,2023-10-31,2022-12-31,4,9,true,0.0526,-0.0533,-0.0741,0.0344,-0.0613,56.79,long_term_debt_incl_current,-3.58,66.61,net_income,0,No change
BA,THE BOEING COMPANY,Industrials,2023-11-30,2022-12-31,4,9,true,0.0526,-0.0533,-0.0741,0.0344,-0.0613,56.79,long_term_debt_incl_current,-3.58,66.61,net_income,0,No change
BA,THE BOEING COMPANY,Industrials,2023-12-31,2022-12-31,4,9,true,0.0526,-0.0533,-0.0741,0.0344,-0.0613,56.79,long_term_debt_incl_current,-3.58,66.61,net_income,0,No change
BA,THE BOEING COMPANY,Industrials,2024-01-31,2022-12-31,4,9,true,0.0526,-0.0533,-0.0741,0.0344,-0.0613,56.79,long_term_debt_incl_current,-3.58,66.61,net_income,0,No change
BA,THE BOEING COMPANY,Industrials,2024-02-29,2023-12-31,6,9,true,0.0993,-0.0099,-0.0286,0.057,-0.0597,52.06,long_term_debt_incl_current,-3.02,77.79,net_income,2,New annual report
BA,THE BOEING COMPANY,Industrials,2024-03-31,2023-12-31,6,9,true,0.0993,-0.0099,-0.0286,0.057,-0.0597,52.06,long_term_debt_incl_current,-3.02,77.79,net_income,0,No change
BA,THE BOEING COMPANY,Industrials,2024-04-30,2023-12-31,6,9,true,0.0993,-0.0099,-0.0286,0.057,-0.0597,52.06,long_term_debt_incl_current,-3.02,77.79,net_income,0,No change
BA,THE BOEING COMPANY,Industrials,2024-05-31,2023-12-31,6,9,true,0.0993,-0.0099,-0.0286,0.057,-0.0597,52.06,long_term_debt_incl_current,-3.02,77.79,net_income,0,No change
BA,THE BOEING COMPANY,Industrials,2024-06-30,2023-12-31,6,9,true,0.0993,-0.0099,-0.0286,0.057,-0.0597,52.06,long_term_debt_incl_current,-3.02,77.79,net_income,0,No change
BA,THE BOEING COMPANY,Industrials,2024-07-31,2023-12-31,6,9,true,0.0993,-0.0099,-0.0286,0.057,-0.0597,52.06,long_term_debt_incl_current,-3.02,77.79,net_income,0,No change
BA,THE BOEING COMPANY,Industrials,2024-08-31,2023-12-31,6,9,true,0.0993,-0.0099,-0.0286,0.057,-0.0597,52.06,long_term_debt_incl_current,-3.02,77.79,net_income,0,No change
BA,THE BOEING COMPANY,Industrials,2024-09-30,2023-12-31,6,9,true,0.0993,-0.0099,-0.0286,0.057,-0.0597,52.06,long_term_debt_incl_current,-3.02,77.79,net_income,0,No change
BA,THE BOEING COMPANY,Industrials,2024-10-31,2023-12-31,6,9,true,0.0993,-0.0099,-0.0286,0.057,-0.0597,52.06,long_term_debt_incl_current,-3.02,77.79,net_income,0,No change
BA,THE BOEING COMPANY,Industrials,2024-11-30,2023-12-31,6,9,true,0.0993,-0.0099,-0.0286,0.057,-0.0597,52.06,long_term_debt_incl_current,-3.02,77.79,net_income,0,No change
BA,THE BOEING COMPANY,Industrials,2024-12-31,2023-12-31,6,9,true,0.0993,-0.0099,-0.0286,0.057,-0.0597,52.06,long_term_debt_incl_current,-3.02,77.79,net_income,0,No change
BA,THE BOEING COMPANY,Industrials,2025-01-31,2023-12-31,6,9,true,0.0993,-0.0099,-0.0286,0.057,-0.0597,52.06,long_term_debt_incl_current,-3.02,77.79,net_income,0,No change
BA,THE BOEING COMPANY,Industrials,2025-02-28,2024-12-31,2,9,true,-0.0299,-0.161,-0.1777,-0.2151,0.0018,53.63,long_term_debt_incl_current,-13.72,66.52,net_income,-4,New annual report
BA,THE BOEING COMPANY,Industrials,2025-03-31,2024-12-31,2,9,true,-0.0299,-0.161,-0.1777,-0.2151,0.0018,53.63,long_term_debt_incl_current,-13.72,66.52,net_income,0,No change
BA,THE BOEING COMPANY,Industrials,2025-04-30,2024-12-31,2,9,true,-0.0299,-0.161,-0.1777,-0.2151,0.0018,53.63,long_term_debt_incl_current,-13.72,66.52,net_income,0,No change
BA,THE BOEING COMPANY,Industrials,2025-05-31,2024-12-31,2,9,true,-0.0299,-0.161,-0.1777,-0.2151,0.0018,53.63,long_term_debt_incl_current,-13.72,66.52,net_income,0,No change
BA,THE BOEING COMPANY,Industrials,2025-06-30,2024-12-31,2,9,true,-0.0299,-0.161,-0.1777,-0.2151,0.0018,53.63,long_term_debt_incl_current,-13.72,66.52,net_income,0,No change
BA,THE BOEING COMPANY,Industrials,2025-07-31,2024-12-31,2,9,true,-0.0299,-0.161,-0.1777,-0.2151,0.0018,53.63,long_term_debt_incl_current,-13.72,66.52,net_income,0,No change
BA,THE BOEING COMPANY,Industrials,2025-08-31,2024-12-31,2,9,true,-0.0299,-0.161,-0.1777,-0.2151,0.0018,53.63,long_term_debt_incl_current,-13.72,66.52,net_income,0,No change
BA,THE BOEING COMPANY,Industrials,2025-09-30,2024-12-31,2,9,true,-0.0299,-0.161,-0.1777,-0.2151,0.0018,53.63,long_term_debt_incl_current,-13.72,66.52,net_income,0,No change
BA,THE BOEING COMPANY,Industrials,2025-10-31,2024-12-31,2,9,true,-0.0299,-0.161,-0.1777,-0.2151,0.0018,53.63,long_term_debt_incl_current,-13.72,66.52,net_income,0,No change
BA,THE BOEING COMPANY,Industrials,2025-11-30,2024-12-31,2,9,true,-0.0299,-0.161,-0.1777,-0.2151,0.0018,53.63,long_term_debt_incl_current,-13.72,66.52,net_income,0,No change
BA,THE BOEING COMPANY,Industrials,2025-12-31,2024-12-31,2,9,true,-0.0299,-0.161,-0.1777,-0.2151,0.0018,53.63,long_term_debt_incl_current,-13.72,66.52,net_income,0,No change
BA,THE BOEING COMPANY,Industrials,2026-01-31,2025-12-31,6,9,true,0.0479,0.0479,0.025,-0.021,0.0072,53.85,long_term_debt_incl_current,9.87,89.46,net_income,4,New annual report
BA,THE BOEING COMPANY,Industrials,2026-02-28,2025-12-31,6,9,true,0.0479,0.0479,0.025,-0.021,0.0072,53.85,long_term_debt_incl_current,9.87,89.46,net_income,0,No change
BA,THE BOEING COMPANY,Industrials,2026-03-31,2025-12-31,6,9,true,0.0479,0.0479,0.025,-0.021,0.0072,53.85,long_term_debt_incl_current,9.87,89.46,net_income,0,No change
BA,THE BOEING COMPANY,Industrials,2026-04-30,2025-12-31,6,9,true,0.0479,0.0479,0.025,-0.021,0.0072,53.85,long_term_debt_incl_current,9.87,89.46,net_income,0,No change
BA,THE BOEING COMPANY,Industrials,2026-05-31,2025-12-31,6,9,true,0.0479,0.0479,0.025,-0.021,0.0072,53.85,long_term_debt_incl_current,9.87,89.46,net_income,0,No change
BA,THE BOEING COMPANY,Industrials,2026-06-30,2025-12-31,6,9,true,0.0479,0.0479,0.025,-0.021,0.0072,53.85,long_term_debt_incl_current,9.87,89.46,net_income,0,No change
BA,THE BOEING COMPANY,Industrials,2026-07-31,2025-12-31,6,9,true,0.0479,0.0479,0.025,-0.021,0.0072,53.85,long_term_debt_incl_current,9.87,89.46,net_income,0,No change
BA,THE BOEING COMPANY,Industrials,2026-08-31,2025-12-31,6,9,true,0.0479,0.0479,0.025,-0.021,0.0072,53.85,long_term_debt_incl_current,9.87,89.46,net_income,0,No change
BA,THE BOEING COMPANY,Industrials,2026-09-30,2025-12-31,6,9,true,0.0479,0.0479,0.025,-0.021,0.0072,53.85,long_term_debt_incl_current,9.87,89.46,net_income,0,No change
CAT,CATERPILLAR INC,Industrials,2010-02-28,2009-12-31,6,8,false,0.2627,0.0178,0.0276,,-0.0852,,,,32.4,net_income,,No change
CAT,CATERPILLAR INC,Industrials,2010-03-31,2009-12-31,6,8,false,0.2627,0.0178,0.0276,,-0.0852,,,,32.4,net_income,0,No change
CAT,CATERPILLAR INC,Industrials,2010-04-30,2009-12-31,6,8,false,0.2627,0.0178,0.0276,,-0.0852,,,,32.4,net_income,0,No change
CAT,CATERPILLAR INC,Industrials,2010-05-31,2009-12-31,6,8,false,0.2627,0.0178,0.0276,,-0.0852,,,,32.4,net_income,0,No change
CAT,CATERPILLAR INC,Industrials,2010-06-30,2009-12-31,6,8,false,0.2627,0.0178,0.0276,,-0.0852,,,,32.4,net_income,0,No change
CAT,CATERPILLAR INC,Industrials,2010-07-31,2009-12-31,6,8,false,0.2627,0.0178,0.0276,,-0.0852,,,,32.4,net_income,0,No change
CAT,CATERPILLAR INC,Industrials,2010-08-31,2009-12-31,6,8,false,0.2627,0.0178,0.0276,,-0.0852,,,,32.4,net_income,0,No change
CAT,CATERPILLAR INC,Industrials,2010-09-30,2009-12-31,6,8,false,0.2627,0.0178,0.0276,,-0.0852,,,,32.4,net_income,0,No change
CAT,CATERPILLAR INC,Industrials,2010-10-31,2009-12-31,6,8,false,0.2627,0.0178,0.0276,,-0.0852,,,,32.4,net_income,0,No change
CAT,CATERPILLAR INC,Industrials,2010-11-30,2009-12-31,6,8,false,0.2627,0.0178,0.0276,,-0.0852,,,,32.4,net_income,0,No change
CAT,CATERPILLAR INC,Industrials,2010-12-31,2009-12-31,6,8,false,0.2627,0.0178,0.0276,,-0.0852,,,,32.4,net_income,0,No change
CAT,CATERPILLAR INC,Industrials,2011-01-31,2009-12-31,6,8,false,0.2627,0.0178,0.0276,,-0.0852,,,,32.4,net_income,0,No change
CAT,CATERPILLAR INC,Industrials,2011-02-28,2010-12-31,8,9,true,0.287,0.0931,0.0634,,-0.0372,24.49,noncurrent_plus_current,,42.59,net_income,2,New annual report
CAT,CATERPILLAR INC,Industrials,2011-03-31,2010-12-31,8,9,true,0.287,0.0931,0.0634,,-0.0372,24.49,noncurrent_plus_current,,42.59,net_income,0,No change
CAT,CATERPILLAR INC,Industrials,2011-04-30,2010-12-31,8,9,true,0.287,0.0931,0.0634,,-0.0372,24.49,noncurrent_plus_current,,42.59,net_income,0,No change
CAT,CATERPILLAR INC,Industrials,2011-05-31,2010-12-31,8,9,true,0.287,0.0931,0.0634,,-0.0372,24.49,noncurrent_plus_current,,42.59,net_income,0,No change
CAT,CATERPILLAR INC,Industrials,2011-06-30,2010-12-31,8,9,true,0.287,0.0931,0.0634,,-0.0372,24.49,noncurrent_plus_current,,42.59,net_income,0,No change
CAT,CATERPILLAR INC,Industrials,2011-07-31,2010-12-31,8,9,true,0.287,0.0931,0.0634,,-0.0372,24.49,noncurrent_plus_current,,42.59,net_income,0,No change
CAT,CATERPILLAR INC,Industrials,2011-08-31,2010-12-31,8,9,true,0.287,0.0931,0.0634,,-0.0372,24.49,noncurrent_plus_current,,42.59,net_income,0,No change
CAT,CATERPILLAR INC,Industrials,2011-09-30,2010-12-31,8,9,true,0.287,0.0931,0.0634,,-0.0372,24.49,noncurrent_plus_current,,42.59,net_income,0,No change
CAT,CATERPILLAR INC,Industrials,2011-10-31,2010-12-31,8,9,true,0.287,0.0931,0.0634,,-0.0372,24.49,noncurrent_plus_current,,42.59,net_income,0,No change
CAT,CATERPILLAR INC,Industrials,2011-11-30,2010-12-31,8,9,true,0.287,0.0931,0.0634,,-0.0372,24.49,noncurrent_plus_current,,42.59,net_income,0,No change
CAT,CATERPILLAR INC,Industrials,2011-12-31,2010-12-31,8,9,true,0.287,0.0931,0.0634,,-0.0372,24.49,noncurrent_plus_current,,42.59,net_income,0,No change
CAT,CATERPILLAR INC,Industrials,2012-01-31,2010-12-31,8,9,true,0.287,0.0931,0.0634,,-0.0372,24.49,noncurrent_plus_current,,42.59,net_income,0,No change
CAT,CATERPILLAR INC,Industrials,2012-02-29,2011-12-31,2,6,false,0.2754,0.1189,0.0828,,,28.93,noncurrent_plus_current,,60.14,net_income_incl_nci,-6,New annual report
CAT,CATERPILLAR INC,Industrials,2012-03-31,2011-12-31,2,6,false,0.2754,0.1189,0.0828,,,28.93,noncurrent_plus_current,,60.14,net_income_incl_nci,0,No change
CAT,CATERPILLAR INC,Industrials,2012-04-30,2011-12-31,2,6,false,0.2754,0.1189,0.0828,,,28.93,noncurrent_plus_current,,60.14,net_income_incl_nci,0,No change
CAT,CATERPILLAR INC,Industrials,2012-05-31,2011-12-31,2,6,false,0.2754,0.1189,0.0828,,,28.93,noncurrent_plus_current,,60.14,net_income_incl_nci,0,No change
CAT,CATERPILLAR INC,Industrials,2012-06-30,2011-12-31,2,6,false,0.2754,0.1189,0.0828,,,28.93,noncurrent_plus_current,,60.14,net_income_incl_nci,0,No change
CAT,CATERPILLAR INC,Industrials,2012-07-31,2011-12-31,2,6,false,0.2754,0.1189,0.0828,,,28.93,noncurrent_plus_current,,60.14,net_income_incl_nci,0,No change
CAT,CATERPILLAR INC,Industrials,2012-08-31,2011-12-31,2,6,false,0.2754,0.1189,0.0828,,,28.93,noncurrent_plus_current,,60.14,net_income_incl_nci,0,No change
CAT,CATERPILLAR INC,Industrials,2012-09-30,2011-12-31,2,6,false,0.2754,0.1189,0.0828,,,28.93,noncurrent_plus_current,,60.14,net_income_incl_nci,0,No change
CAT,CATERPILLAR INC,Industrials,2012-10-31,2011-12-31,2,6,false,0.2754,0.1189,0.0828,,,28.93,noncurrent_plus_current,,60.14,net_income_incl_nci,0,No change
CAT,CATERPILLAR INC,Industrials,2012-11-30,2011-12-31,2,6,false,0.2754,0.1189,0.0828,,,28.93,noncurrent_plus_current,,60.14,net_income_incl_nci,0,No change
CAT,CATERPILLAR INC,Industrials,2012-12-31,2011-12-31,2,6,false,0.2754,0.1189,0.0828,,,28.93,noncurrent_plus_current,,60.14,net_income_incl_nci,0,No change
CAT,CATERPILLAR INC,Industrials,2013-01-31,2011-12-31,2,6,false,0.2754,0.1189,0.0828,,,28.93,noncurrent_plus_current,,60.14,net_income_incl_nci,0,No change
CAT,CATERPILLAR INC,Industrials,2013-02-28,2012-12-31,4,7,false,0.2857,0.1301,0.0869,,,33.04,noncurrent_plus_current,,65.88,net_income_incl_nci,2,New annual report
CAT,CATERPILLAR INC,Industrials,2013-03-31,2012-12-31,4,7,false,0.2857,0.1301,0.0869,,,33.04,noncurrent_plus_current,,65.88,net_income_incl_nci,0,No change
CAT,CATERPILLAR INC,Industrials,2013-04-30,2012-12-31,4,7,false,0.2857,0.1301,0.0869,,,33.04,noncurrent_plus_current,,65.88,net_income_incl_nci,0,No change
CAT,CATERPILLAR INC,Industrials,2013-05-31,2012-12-31,4,7,false,0.2857,0.1301,0.0869,,,33.04,noncurrent_plus_current,,65.88,net_income_incl_nci,0,No change
CAT,CATERPILLAR INC,Industrials,2013-06-30,2012-12-31,4,7,false,0.2857,0.1301,0.0869,,,33.04,noncurrent_plus_current,,65.88,net_income_incl_nci,0,No change
CAT,CATERPILLAR INC,Industrials,2013-07-31,2012-12-31,4,7,false,0.2857,0.1301,0.0869,,,33.04,noncurrent_plus_current,,65.88,net_income_incl_nci,0,No change
CAT,CATERPILLAR INC,Industrials,2013-08-31,2012-12-31,4,7,false,0.2857,0.1301,0.0869,,,33.04,noncurrent_plus_current,,65.88,net_income_incl_nci,0,No change
CAT,CATERPILLAR INC,Industrials,2013-09-30,2012-12-31,4,7,false,0.2857,0.1301,0.0869,,,33.04,noncurrent_plus_current,,65.88,net_income_incl_nci,0,No change
CAT,CATERPILLAR INC,Industrials,2013-10-31,2012-12-31,4,7,false,0.2857,0.1301,0.0869,,,33.04,noncurrent_plus_current,,65.88,net_income_incl_nci,0,No change
CAT,CATERPILLAR INC,Industrials,2013-11-30,2012-12-31,4,7,false,0.2857,0.1301,0.0869,,,33.04,noncurrent_plus_current,,65.88,net_income_incl_nci,0,No change
CAT,CATERPILLAR INC,Industrials,2013-12-31,2012-12-31,4,7,false,0.2857,0.1301,0.0869,,,33.04,noncurrent_plus_current,,65.88,net_income_incl_nci,0,No change
CAT,CATERPILLAR INC,Industrials,2014-01-31,2012-12-31,4,7,false,0.2857,0.1301,0.0869,,,33.04,noncurrent_plus_current,,65.88,net_income_incl_nci,0,No change
CAT,CATERPILLAR INC,Industrials,2014-02-28,2013-12-31,3,7,false,0.2682,0.1011,0.0683,,,30.4,noncurrent_plus_current,,55.66,net_income_incl_nci,-1,New annual report
CAT,CATERPILLAR INC,Industrials,2014-03-31,2013-12-31,3,7,false,0.2682,0.1011,0.0683,,,30.4,noncurrent_plus_current,,55.66,net_income_incl_nci,0,No change
CAT,CATERPILLAR INC,Industrials,2014-04-30,2013-12-31,3,7,false,0.2682,0.1011,0.0683,,,30.4,noncurrent_plus_current,,55.66,net_income_incl_nci,0,No change
CAT,CATERPILLAR INC,Industrials,2014-05-31,2013-12-31,3,7,false,0.2682,0.1011,0.0683,,,30.4,noncurrent_plus_current,,55.66,net_income_incl_nci,0,No change
CAT,CATERPILLAR INC,Industrials,2014-06-30,2013-12-31,3,7,false,0.2682,0.1011,0.0683,,,30.4,noncurrent_plus_current,,55.66,net_income_incl_nci,0,No change
CAT,CATERPILLAR INC,Industrials,2014-07-31,2013-12-31,3,7,false,0.2682,0.1011,0.0683,,,30.4,noncurrent_plus_current,,55.66,net_income_incl_nci,0,No change
CAT,CATERPILLAR INC,Industrials,2014-08-31,2013-12-31,3,7,false,0.2682,0.1011,0.0683,,,30.4,noncurrent_plus_current,,55.66,net_income_incl_nci,0,No change
CAT,CATERPILLAR INC,Industrials,2014-09-30,2013-12-31,3,7,false,0.2682,0.1011,0.0683,,,30.4,noncurrent_plus_current,,55.66,net_income_incl_nci,0,No change
CAT,CATERPILLAR INC,Industrials,2014-10-31,2013-12-31,3,7,false,0.2682,0.1011,0.0683,,,30.4,noncurrent_plus_current,,55.66,net_income_incl_nci,0,No change
CAT,CATERPILLAR INC,Industrials,2014-11-30,2013-12-31,3,7,false,0.2682,0.1011,0.0683,,,30.4,noncurrent_plus_current,,55.66,net_income_incl_nci,0,No change
CAT,CATERPILLAR INC,Industrials,2014-12-31,2013-12-31,3,7,false,0.2682,0.1011,0.0683,,,30.4,noncurrent_plus_current,,55.66,net_income_incl_nci,0,No change
CAT,CATERPILLAR INC,Industrials,2015-01-31,2013-12-31,3,7,false,0.2682,0.1011,0.0683,,,30.4,noncurrent_plus_current,,55.66,net_income_incl_nci,0,No change
CAT,CATERPILLAR INC,Industrials,2015-02-28,2014-12-31,5,7,false,0.2794,0.0965,0.0672,,,32.49,noncurrent_plus_current,,55.18,net_income_incl_nci,2,New annual report
CAT,CATERPILLAR INC,Industrials,2015-03-31,2014-12-31,5,7,false,0.2794,0.0965,0.0672,,,32.49,noncurrent_plus_current,,55.18,net_income_incl_nci,0,No change
CAT,CATERPILLAR INC,Industrials,2015-04-30,2014-12-31,5,7,false,0.2794,0.0965,0.0672,,,32.49,noncurrent_plus_current,,55.18,net_income_incl_nci,0,No change
CAT,CATERPILLAR INC,Industrials,2015-05-31,2014-12-31,5,7,false,0.2794,0.0965,0.0672,,,32.49,noncurrent_plus_current,,55.18,net_income_incl_nci,0,No change
CAT,CATERPILLAR INC,Industrials,2015-06-30,2014-12-31,5,7,false,0.2794,0.0965,0.0672,,,32.49,noncurrent_plus_current,,55.18,net_income_incl_nci,0,No change
CAT,CATERPILLAR INC,Industrials,2015-07-31,2014-12-31,5,7,false,0.2794,0.0965,0.0672,,,32.49,noncurrent_plus_current,,55.18,net_income_incl_nci,0,No change
CAT,CATERPILLAR INC,Industrials,2015-08-31,2014-12-31,5,7,false,0.2794,0.0965,0.0672,,,32.49,noncurrent_plus_current,,55.18,net_income_incl_nci,0,No change
CAT,CATERPILLAR INC,Industrials,2015-09-30,2014-12-31,5,7,false,0.2794,0.0965,0.0672,,,32.49,noncurrent_plus_current,,55.18,net_income_incl_nci,0,No change
CAT,CATERPILLAR INC,Industrials,2015-10-31,2014-12-31,5,7,false,0.2794,0.0965,0.0672,,,32.49,noncurrent_plus_current,,55.18,net_income_incl_nci,0,No change
CAT,CATERPILLAR INC,Industrials,2015-11-30,2014-12-31,5,7,false,0.2794,0.0965,0.0672,,,32.49,noncurrent_plus_current,,55.18,net_income_incl_nci,0,No change
CAT,CATERPILLAR INC,Industrials,2015-12-31,2014-12-31,5,7,false,0.2794,0.0965,0.0672,,,32.49,noncurrent_plus_current,,55.18,net_income_incl_nci,0,No change
CAT,CATERPILLAR INC,Industrials,2016-01-31,2014-12-31,5,7,false,0.2794,0.0965,0.0672,,,32.49,noncurrent_plus_current,,55.18,net_income_incl_nci,0,No change
CAT,CATERPILLAR INC,Industrials,2016-02-29,2015-12-31,3,7,false,0.2823,0.0693,0.0449,,,32.21,noncurrent_plus_current,,47.01,net_income_incl_nci,-2,New annual report
CAT,CATERPILLAR INC,Industrials,2016-03-31,2015-12-31,3,7,false,0.2823,0.0693,0.0449,,,32.21,noncurrent_plus_current,,47.01,net_income_incl_nci,0,No change
CAT,CATERPILLAR INC,Industrials,2016-04-30,2015-12-31,3,7,false,0.2823,0.0693,0.0449,,,32.21,noncurrent_plus_current,,47.01,net_income_incl_nci,0,No change
CAT,CATERPILLAR INC,Industrials,2016-05-31,2015-12-31,3,7,false,0.2823,0.0693,0.0449,,,32.21,noncurrent_plus_current,,47.01,net_income_incl_nci,0,No change
CAT,CATERPILLAR INC,Industrials,2016-06-30,2015-12-31,3,7,false,0.2823,0.0693,0.0449,,,32.21,noncurrent_plus_current,,47.01,net_income_incl_nci,0,No change
CAT,CATERPILLAR INC,Industrials,2016-07-31,2015-12-31,3,7,false,0.2823,0.0693,0.0449,,,32.21,noncurrent_plus_current,,47.01,net_income_incl_nci,0,No change
CAT,CATERPILLAR INC,Industrials,2016-08-31,2015-12-31,3,7,false,0.2823,0.0693,0.0449,,,32.21,noncurrent_plus_current,,47.01,net_income_incl_nci,0,No change
CAT,CATERPILLAR INC,Industrials,2016-09-30,2015-12-31,3,7,false,0.2823,0.0693,0.0449,,,32.21,noncurrent_plus_current,,47.01,net_income_incl_nci,0,No change
CAT,CATERPILLAR INC,Industrials,2016-10-31,2015-12-31,3,7,false,0.2823,0.0693,0.0449,,,32.21,noncurrent_plus_current,,47.01,net_income_incl_nci,0,No change
CAT,CATERPILLAR INC,Industrials,2016-11-30,2015-12-31,3,7,false,0.2823,0.0693,0.0449,,,32.21,noncurrent_plus_current,,47.01,net_income_incl_nci,0,No change
CAT,CATERPILLAR INC,Industrials,2016-12-31,2015-12-31,3,7,false,0.2823,0.0693,0.0449,,,32.21,noncurrent_plus_current,,47.01,net_income_incl_nci,0,No change
CAT,CATERPILLAR INC,Industrials,2017-01-31,2015-12-31,3,7,false,0.2823,0.0693,0.0449,,,32.21,noncurrent_plus_current,,47.01,net_income_incl_nci,0,No change
CAT,CATERPILLAR INC,Industrials,2017-02-28,2016-12-31,2,7,false,0.2654,0.0129,-0.0015,,,30.12,noncurrent_plus_current,,38.54,net_income_incl_nci,-1,New annual report
CAT,CATERPILLAR INC,Industrials,2017-03-31,2016-12-31,2,7,false,0.2654,0.0129,-0.0015,,,30.12,noncurrent_plus_current,,38.54,net_income_incl_nci,0,No change
CAT,CATERPILLAR INC,Industrials,2017-04-30,2016-12-31,2,7,false,0.2654,0.0129,-0.0015,,,30.12,noncurrent_plus_current,,38.54,net_income_incl_nci,0,No change
CAT,CATERPILLAR INC,Industrials,2017-05-31,2016-12-31,2,7,false,0.2654,0.0129,-0.0015,,,30.12,noncurrent_plus_current,,38.54,net_income_incl_nci,0,No change
CAT,CATERPILLAR INC,Industrials,2017-06-30,2016-12-31,2,7,false,0.2654,0.0129,-0.0015,,,30.12,noncurrent_plus_current,,38.54,net_income_incl_nci,0,No change
CAT,CATERPILLAR INC,Industrials,2017-07-31,2016-12-31,2,7,false,0.2654,0.0129,-0.0015,,,30.12,noncurrent_plus_current,,38.54,net_income_incl_nci,0,No change
CAT,CATERPILLAR INC,Industrials,2017-08-31,2016-12-31,2,7,false,0.2654,0.0129,-0.0015,,,30.12,noncurrent_plus_current,,38.54,net_income_incl_nci,0,No change
CAT,CATERPILLAR INC,Industrials,2017-09-30,2016-12-31,2,7,false,0.2654,0.0129,-0.0015,,,30.12,noncurrent_plus_current,,38.54,net_income_incl_nci,0,No change
CAT,CATERPILLAR INC,Industrials,2017-10-31,2016-12-31,2,7,false,0.2654,0.0129,-0.0015,,,30.12,noncurrent_plus_current,,38.54,net_income_incl_nci,0,No change
CAT,CATERPILLAR INC,Industrials,2017-11-30,2016-12-31,2,7,false,0.2654,0.0129,-0.0015,,,30.12,noncurrent_plus_current,,38.54,net_income_incl_nci,0,No change
CAT,CATERPILLAR INC,Industrials,2017-12-31,2016-12-31,2,7,false,0.2654,0.0129,-0.0015,,,30.12,noncurrent_plus_current,,38.54,net_income_incl_nci,0,No change
CAT,CATERPILLAR INC,Industrials,2018-01-31,2016-12-31,2,7,false,0.2654,0.0129,-0.0015,,,30.12,noncurrent_plus_current,,38.54,net_income_incl_nci,0,No change
CAT,CATERPILLAR INC,Industrials,2018-02-28,2017-12-31,6,7,false,0.317,0.0969,0.0167,,,28.68,noncurrent_plus_current,,45.46,net_income_incl_nci,4,New annual report
CAT,CATERPILLAR INC,Industrials,2018-03-31,2017-12-31,6,7,false,0.317,0.0969,0.0167,,,28.68,noncurrent_plus_current,,45.46,net_income_incl_nci,0,No change
CAT,CATERPILLAR INC,Industrials,2018-04-30,2017-12-31,6,7,false,0.317,0.0969,0.0167,,,28.68,noncurrent_plus_current,,45.46,net_income_incl_nci,0,No change
CAT,CATERPILLAR INC,Industrials,2018-05-31,2017-12-31,6,7,false,0.317,0.0969,0.0167,,,28.68,noncurrent_plus_current,,45.46,net_income_incl_nci,0,No change
CAT,CATERPILLAR INC,Industrials,2018-06-30,2017-12-31,6,7,false,0.317,0.0969,0.0167,,,28.68,noncurrent_plus_current,,45.46,net_income_incl_nci,0,No change
CAT,CATERPILLAR INC,Industrials,2018-07-31,2017-12-31,6,7,false,0.317,0.0969,0.0167,,,28.68,noncurrent_plus_current,,45.46,net_income_incl_nci,0,No change
CAT,CATERPILLAR INC,Industrials,2018-08-31,2017-12-31,6,7,false,0.317,0.0969,0.0167,,,28.68,noncurrent_plus_current,,45.46,net_income_incl_nci,0,No change
CAT,CATERPILLAR INC,Industrials,2018-09-30,2017-12-31,6,7,false,0.317,0.0969,0.0167,,,28.68,noncurrent_plus_current,,45.46,net_income_incl_nci,0,No change
CAT,CATERPILLAR INC,Industrials,2018-10-31,2017-12-31,6,7,false,0.317,0.0969,0.0167,,,28.68,noncurrent_plus_current,,45.46,net_income_incl_nci,0,No change
CAT,CATERPILLAR INC,Industrials,2018-11-30,2017-12-31,6,7,false,0.317,0.0969,0.0167,,,28.68,noncurrent_plus_current,,45.46,net_income_incl_nci,0,No change
CAT,CATERPILLAR INC,Industrials,2018-12-31,2017-12-31,6,7,false,0.317,0.0969,0.0167,,,28.68,noncurrent_plus_current,,45.46,net_income_incl_nci,0,No change
CAT,CATERPILLAR INC,Industrials,2019-01-31,2017-12-31,6,7,false,0.317,0.0969,0.0167,,,28.68,noncurrent_plus_current,,45.46,net_income_incl_nci,0,No change
CAT,CATERPILLAR INC,Industrials,2019-02-28,2018-12-31,5,7,false,0.3239,0.1515,0.1123,,,30.72,noncurrent_plus_current,,54.72,net_income_incl_nci,-1,New annual report
CAT,CATERPILLAR INC,Industrials,2019-03-31,2018-12-31,5,7,false,0.3239,0.1515,0.1123,,,30.72,noncurrent_plus_current,,54.72,net_income_incl_nci,0,No change
CAT,CATERPILLAR INC,Industrials,2019-04-30,2018-12-31,5,7,false,0.3239,0.1515,0.1123,,,30.72,noncurrent_plus_current,,54.72,net_income_incl_nci,0,No change
CAT,CATERPILLAR INC,Industrials,2019-05-31,2018-12-31,5,7,false,0.3239,0.1515,0.1123,,,30.72,noncurrent_plus_current,,54.72,net_income_incl_nci,0,No change
CAT,CATERPILLAR INC,Industrials,2019-06-30,2018-12-31,5,7,false,0.3239,0.1515,0.1123,,,30.72,noncurrent_plus_current,,54.72,net_income_incl_nci,0,No change
CAT,CATERPILLAR INC,Industrials,2019-07-31,2018-12-31,5,7,false,0.3239,0.1515,0.1123,,,30.72,noncurrent_plus_current,,54.72,net_income_incl_nci,0,No change
CAT,CATERPILLAR INC,Industrials,2019-08-31,2018-12-31,5,7,false,0.3239,0.1515,0.1123,,,30.72,noncurrent_plus_current,,54.72,net_income_incl_nci,0,No change
CAT,CATERPILLAR INC,Industrials,2019-09-30,2018-12-31,5,7,false,0.3239,0.1515,0.1123,,,30.72,noncurrent_plus_current,,54.72,net_income_incl_nci,0,No change
CAT,CATERPILLAR INC,Industrials,2019-10-31,2018-12-31,5,7,false,0.3239,0.1515,0.1123,,,30.72,noncurrent_plus_current,,54.72,net_income_incl_nci,0,No change
CAT,CATERPILLAR INC,Industrials,2019-11-30,2018-12-31,5,7,false,0.3239,0.1515,0.1123,,,30.72,noncurrent_plus_current,,54.72,net_income_incl_nci,0,No change
CAT,CATERPILLAR INC,Industrials,2019-12-31,2018-12-31,5,7,false,0.3239,0.1515,0.1123,,,30.72,noncurrent_plus_current,,54.72,net_income_incl_nci,0,No change
CAT,CATERPILLAR INC,Industrials,2020-01-31,2018-12-31,5,7,false,0.3239,0.1515,0.1123,,,30.72,noncurrent_plus_current,,54.72,net_income_incl_nci,0,No change
CAT,CATERPILLAR INC,Industrials,2020-02-29,2019-12-31,5,9,true,0.3191,0.1541,0.1133,,-0.0104,31.45,noncurrent_plus_current,,53.8,net_income_incl_nci,0,No change
CAT,CATERPILLAR INC,Industrials,2020-03-31,2019-12-31,5,9,true,0.3191,0.1541,0.1133,,-0.0104,31.45,noncurrent_plus_current,,53.8,net_income_incl_nci,0,No change
CAT,CATERPILLAR INC,Industrials,2020-04-30,2019-12-31,5,9,true,0.3191,0.1541,0.1133,,-0.0104,31.45,noncurrent_plus_current,,53.8,net_income_incl_nci,0,No change
CAT,CATERPILLAR INC,Industrials,2020-05-31,2019-12-31,5,9,true,0.3191,0.1541,0.1133,,-0.0104,31.45,noncurrent_plus_current,,53.8,net_income_incl_nci,0,No change
CAT,CATERPILLAR INC,Industrials,2020-06-30,2019-12-31,5,9,true,0.3191,0.1541,0.1133,,-0.0104,31.45,noncurrent_plus_current,,53.8,net_income_incl_nci,0,No change
CAT,CATERPILLAR INC,Industrials,2020-07-31,2019-12-31,5,9,true,0.3191,0.1541,0.1133,,-0.0104,31.45,noncurrent_plus_current,,53.8,net_income_incl_nci,0,No change
CAT,CATERPILLAR INC,Industrials,2020-08-31,2019-12-31,5,9,true,0.3191,0.1541,0.1133,,-0.0104,31.45,noncurrent_plus_current,,53.8,net_income_incl_nci,0,No change
CAT,CATERPILLAR INC,Industrials,2020-09-30,2019-12-31,5,9,true,0.3191,0.1541,0.1133,,-0.0104,31.45,noncurrent_plus_current,,53.8,net_income_incl_nci,0,No change
CAT,CATERPILLAR INC,Industrials,2020-10-31,2019-12-31,5,9,true,0.3191,0.1541,0.1133,,-0.0104,31.45,noncurrent_plus_current,,53.8,net_income_incl_nci,0,No change
CAT,CATERPILLAR INC,Industrials,2020-11-30,2019-12-31,5,9,true,0.3191,0.1541,0.1133,,-0.0104,31.45,noncurrent_plus_current,,53.8,net_income_incl_nci,0,No change
CAT,CATERPILLAR INC,Industrials,2020-12-31,2019-12-31,5,9,true,0.3191,0.1541,0.1133,,-0.0104,31.45,noncurrent_plus_current,,53.8,net_income_incl_nci,0,No change
CAT,CATERPILLAR INC,Industrials,2021-01-31,2019-12-31,5,9,true,0.3191,0.1541,0.1133,,-0.0104,31.45,noncurrent_plus_current,,53.8,net_income_incl_nci,0,No change
CAT,CATERPILLAR INC,Industrials,2021-02-28,2020-12-31,6,9,true,0.3034,0.1091,0.0719,0.1281,-0.0424,28.01,noncurrent_plus_current,,41.75,net_income_incl_nci,1,New annual report
CAT,CATERPILLAR INC,Industrials,2021-03-31,2020-12-31,6,9,true,0.3034,0.1091,0.0719,0.1281,-0.0424,28.01,noncurrent_plus_current,,41.75,net_income_incl_nci,0,No change
CAT,CATERPILLAR INC,Industrials,2021-04-30,2020-12-31,6,9,true,0.3034,0.1091,0.0719,0.1281,-0.0424,28.01,noncurrent_plus_current,,41.75,net_income_incl_nci,0,No change
CAT,CATERPILLAR INC,Industrials,2021-05-31,2020-12-31,6,9,true,0.3034,0.1091,0.0719,0.1281,-0.0424,28.01,noncurrent_plus_current,,41.75,net_income_incl_nci,0,No change
CAT,CATERPILLAR INC,Industrials,2021-06-30,2020-12-31,6,9,true,0.3034,0.1091,0.0719,0.1281,-0.0424,28.01,noncurrent_plus_current,,41.75,net_income_incl_nci,0,No change
CAT,CATERPILLAR INC,Industrials,2021-07-31,2020-12-31,6,9,true,0.3034,0.1091,0.0719,0.1281,-0.0424,28.01,noncurrent_plus_current,,41.75,net_income_incl_nci,0,No change
CAT,CATERPILLAR INC,Industrials,2021-08-31,2020-12-31,6,9,true,0.3034,0.1091,0.0719,0.1281,-0.0424,28.01,noncurrent_plus_current,,41.75,net_income_incl_nci,0,No change
CAT,CATERPILLAR INC,Industrials,2021-09-30,2020-12-31,6,9,true,0.3034,0.1091,0.0719,0.1281,-0.0424,28.01,noncurrent_plus_current,,41.75,net_income_incl_nci,0,No change
CAT,CATERPILLAR INC,Industrials,2021-10-31,2020-12-31,6,9,true,0.3034,0.1091,0.0719,0.1281,-0.0424,28.01,noncurrent_plus_current,,41.75,net_income_incl_nci,0,No change
CAT,CATERPILLAR INC,Industrials,2021-11-30,2020-12-31,6,9,true,0.3034,0.1091,0.0719,0.1281,-0.0424,28.01,noncurrent_plus_current,,41.75,net_income_incl_nci,0,No change
CAT,CATERPILLAR INC,Industrials,2021-12-31,2020-12-31,6,9,true,0.3034,0.1091,0.0719,0.1281,-0.0424,28.01,noncurrent_plus_current,,41.75,net_income_incl_nci,0,No change
CAT,CATERPILLAR INC,Industrials,2022-01-31,2020-12-31,6,9,true,0.3034,0.1091,0.0719,0.1281,-0.0424,28.01,noncurrent_plus_current,,41.75,net_income_incl_nci,0,No change
CAT,CATERPILLAR INC,Industrials,2022-02-28,2021-12-31,6,9,true,0.3033,0.1349,0.1274,0.1198,-0.0088,31.44,noncurrent_plus_current,,50.97,net_income_incl_nci,0,No change
CAT,CATERPILLAR INC,Industrials,2022-03-31,2021-12-31,6,9,true,0.3033,0.1349,0.1274,0.1198,-0.0088,31.44,noncurrent_plus_current,,50.97,net_income_incl_nci,0,No change
CAT,CATERPILLAR INC,Industrials,2022-04-30,2021-12-31,6,9,true,0.3033,0.1349,0.1274,0.1198,-0.0088,31.44,noncurrent_plus_current,,50.97,net_income_incl_nci,0,No change
CAT,CATERPILLAR INC,Industrials,2022-05-31,2021-12-31,6,9,true,0.3033,0.1349,0.1274,0.1198,-0.0088,31.44,noncurrent_plus_current,,50.97,net_income_incl_nci,0,No change
CAT,CATERPILLAR INC,Industrials,2022-06-30,2021-12-31,6,9,true,0.3033,0.1349,0.1274,0.1198,-0.0088,31.44,noncurrent_plus_current,,50.97,net_income_incl_nci,0,No change
CAT,CATERPILLAR INC,Industrials,2022-07-31,2021-12-31,6,9,true,0.3033,0.1349,0.1274,0.1198,-0.0088,31.44,noncurrent_plus_current,,50.97,net_income_incl_nci,0,No change
CAT,CATERPILLAR INC,Industrials,2022-08-31,2021-12-31,6,9,true,0.3033,0.1349,0.1274,0.1198,-0.0088,31.44,noncurrent_plus_current,,50.97,net_income_incl_nci,0,No change
CAT,CATERPILLAR INC,Industrials,2022-09-30,2021-12-31,6,9,true,0.3033,0.1349,0.1274,0.1198,-0.0088,31.44,noncurrent_plus_current,,50.97,net_income_incl_nci,0,No change
CAT,CATERPILLAR INC,Industrials,2022-10-31,2021-12-31,6,9,true,0.3033,0.1349,0.1274,0.1198,-0.0088,31.44,noncurrent_plus_current,,50.97,net_income_incl_nci,0,No change
CAT,CATERPILLAR INC,Industrials,2022-11-30,2021-12-31,6,9,true,0.3033,0.1349,0.1274,0.1198,-0.0088,31.44,noncurrent_plus_current,,50.97,net_income_incl_nci,0,No change
CAT,CATERPILLAR INC,Industrials,2022-12-31,2021-12-31,6,9,true,0.3033,0.1349,0.1274,0.1198,-0.0088,31.44,noncurrent_plus_current,,50.97,net_income_incl_nci,0,No change
CAT,CATERPILLAR INC,Industrials,2023-01-31,2021-12-31,6,9,true,0.3033,0.1349,0.1274,0.1198,-0.0088,31.44,noncurrent_plus_current,,50.97,net_income_incl_nci,0,No change
CAT,CATERPILLAR INC,Industrials,2023-02-28,2022-12-31,7,9,true,0.3042,0.133,0.1128,0.1089,-0.0129,31.67,noncurrent_plus_current,,59.43,net_income_incl_nci,1,New annual report
CAT,CATERPILLAR INC,Industrials,2023-03-31,2022-12-31,7,9,true,0.3042,0.133,0.1128,0.1089,-0.0129,31.67,noncurrent_plus_current,,59.43,net_income_incl_nci,0,No change
CAT,CATERPILLAR INC,Industrials,2023-04-30,2022-12-31,7,9,true,0.3042,0.133,0.1128,0.1089,-0.0129,31.67,noncurrent_plus_current,,59.43,net_income_incl_nci,0,No change
CAT,CATERPILLAR INC,Industrials,2023-05-31,2022-12-31,7,9,true,0.3042,0.133,0.1128,0.1089,-0.0129,31.67,noncurrent_plus_current,,59.43,net_income_incl_nci,0,No change
CAT,CATERPILLAR INC,Industrials,2023-06-30,2022-12-31,7,9,true,0.3042,0.133,0.1128,0.1089,-0.0129,31.67,noncurrent_plus_current,,59.43,net_income_incl_nci,0,No change
CAT,CATERPILLAR INC,Industrials,2023-07-31,2022-12-31,7,9,true,0.3042,0.133,0.1128,0.1089,-0.0129,31.67,noncurrent_plus_current,,59.43,net_income_incl_nci,0,No change
CAT,CATERPILLAR INC,Industrials,2023-08-31,2022-12-31,7,9,true,0.3042,0.133,0.1128,0.1089,-0.0129,31.67,noncurrent_plus_current,,59.43,net_income_incl_nci,0,No change
CAT,CATERPILLAR INC,Industrials,2023-09-30,2022-12-31,7,9,true,0.3042,0.133,0.1128,0.1089,-0.0129,31.67,noncurrent_plus_current,,59.43,net_income_incl_nci,0,No change
CAT,CATERPILLAR INC,Industrials,2023-10-31,2022-12-31,7,9,true,0.3042,0.133,0.1128,0.1089,-0.0129,31.67,noncurrent_plus_current,,59.43,net_income_incl_nci,0,No change
CAT,CATERPILLAR INC,Industrials,2023-11-30,2022-12-31,7,9,true,0.3042,0.133,0.1128,0.1089,-0.0129,31.67,noncurrent_plus_current,,59.43,net_income_incl_nci,0,No change
CAT,CATERPILLAR INC,Industrials,2023-12-31,2022-12-31,7,9,true,0.3042,0.133,0.1128,0.1089,-0.0129,31.67,noncurrent_plus_current,,59.43,net_income_incl_nci,0,No change
CAT,CATERPILLAR INC,Industrials,2024-01-31,2022-12-31,7,9,true,0.3042,0.133,0.1128,0.1089,-0.0129,31.67,noncurrent_plus_current,,59.43,net_income_incl_nci,0,No change
CAT,CATERPILLAR INC,Industrials,2024-02-29,2023-12-31,8,9,true,0.3623,0.1933,0.1541,0.1683,-0.0301,29.12,noncurrent_plus_current,,67.06,net_income_incl_nci,1,New annual report
CAT,CATERPILLAR INC,Industrials,2024-03-31,2023-12-31,8,9,true,0.3623,0.1933,0.1541,0.1683,-0.0301,29.12,noncurrent_plus_current,,67.06,net_income_incl_nci,0,No change
CAT,CATERPILLAR INC,Industrials,2024-04-30,2023-12-31,8,9,true,0.3623,0.1933,0.1541,0.1683,-0.0301,29.12,noncurrent_plus_current,,67.06,net_income_incl_nci,0,No change
CAT,CATERPILLAR INC,Industrials,2024-05-31,2023-12-31,8,9,true,0.3623,0.1933,0.1541,0.1683,-0.0301,29.12,noncurrent_plus_current,,67.06,net_income_incl_nci,0,No change
CAT,CATERPILLAR INC,Industrials,2024-06-30,2023-12-31,8,9,true,0.3623,0.1933,0.1541,0.1683,-0.0301,29.12,noncurrent_plus_current,,67.06,net_income_incl_nci,0,No change
CAT,CATERPILLAR INC,Industrials,2024-07-31,2023-12-31,8,9,true,0.3623,0.1933,0.1541,0.1683,-0.0301,29.12,noncurrent_plus_current,,67.06,net_income_incl_nci,0,No change
CAT,CATERPILLAR INC,Industrials,2024-08-31,2023-12-31,8,9,true,0.3623,0.1933,0.1541,0.1683,-0.0301,29.12,noncurrent_plus_current,,67.06,net_income_incl_nci,0,No change
CAT,CATERPILLAR INC,Industrials,2024-09-30,2023-12-31,8,9,true,0.3623,0.1933,0.1541,0.1683,-0.0301,29.12,noncurrent_plus_current,,67.06,net_income_incl_nci,0,No change
CAT,CATERPILLAR INC,Industrials,2024-10-31,2023-12-31,8,9,true,0.3623,0.1933,0.1541,0.1683,-0.0301,29.12,noncurrent_plus_current,,67.06,net_income_incl_nci,0,No change
CAT,CATERPILLAR INC,Industrials,2024-11-30,2023-12-31,8,9,true,0.3623,0.1933,0.1541,0.1683,-0.0301,29.12,noncurrent_plus_current,,67.06,net_income_incl_nci,0,No change
CAT,CATERPILLAR INC,Industrials,2024-12-31,2023-12-31,8,9,true,0.3623,0.1933,0.1541,0.1683,-0.0301,29.12,noncurrent_plus_current,,67.06,net_income_incl_nci,0,No change
CAT,CATERPILLAR INC,Industrials,2025-01-31,2023-12-31,8,9,true,0.3623,0.1933,0.1541,0.1683,-0.0301,29.12,noncurrent_plus_current,,67.06,net_income_incl_nci,0,No change
CAT,CATERPILLAR INC,Industrials,2025-02-28,2024-12-31,6,9,true,0.3797,0.2017,0.1665,0.155,-0.0142,31.74,noncurrent_plus_current,,64.81,net_income_incl_nci,-2,New annual report
CAT,CATERPILLAR INC,Industrials,2025-03-31,2024-12-31,6,9,true,0.3797,0.2017,0.1665,0.155,-0.0142,31.74,noncurrent_plus_current,,64.81,net_income_incl_nci,0,No change
CAT,CATERPILLAR INC,Industrials,2025-04-30,2024-12-31,6,9,true,0.3797,0.2017,0.1665,0.155,-0.0142,31.74,noncurrent_plus_current,,64.81,net_income_incl_nci,0,No change
CAT,CATERPILLAR INC,Industrials,2025-05-31,2024-12-31,6,9,true,0.3797,0.2017,0.1665,0.155,-0.0142,31.74,noncurrent_plus_current,,64.81,net_income_incl_nci,0,No change
CAT,CATERPILLAR INC,Industrials,2025-06-30,2024-12-31,6,9,true,0.3797,0.2017,0.1665,0.155,-0.0142,31.74,noncurrent_plus_current,,64.81,net_income_incl_nci,0,No change
CAT,CATERPILLAR INC,Industrials,2025-07-31,2024-12-31,6,9,true,0.3797,0.2017,0.1665,0.155,-0.0142,31.74,noncurrent_plus_current,,64.81,net_income_incl_nci,0,No change
CAT,CATERPILLAR INC,Industrials,2025-08-31,2024-12-31,6,9,true,0.3797,0.2017,0.1665,0.155,-0.0142,31.74,noncurrent_plus_current,,64.81,net_income_incl_nci,0,No change
CAT,CATERPILLAR INC,Industrials,2025-09-30,2024-12-31,6,9,true,0.3797,0.2017,0.1665,0.155,-0.0142,31.74,noncurrent_plus_current,,64.81,net_income_incl_nci,0,No change
CAT,CATERPILLAR INC,Industrials,2025-10-31,2024-12-31,6,9,true,0.3797,0.2017,0.1665,0.155,-0.0142,31.74,noncurrent_plus_current,,64.81,net_income_incl_nci,0,No change
CAT,CATERPILLAR INC,Industrials,2025-11-30,2024-12-31,6,9,true,0.3797,0.2017,0.1665,0.155,-0.0142,31.74,noncurrent_plus_current,,64.81,net_income_incl_nci,0,No change
CAT,CATERPILLAR INC,Industrials,2025-12-31,2024-12-31,6,9,true,0.3797,0.2017,0.1665,0.155,-0.0142,31.74,noncurrent_plus_current,,64.81,net_income_incl_nci,0,No change
CAT,CATERPILLAR INC,Industrials,2026-01-31,2024-12-31,6,9,true,0.3797,0.2017,0.1665,0.155,-0.0142,31.74,noncurrent_plus_current,,64.81,net_income_incl_nci,0,No change
CAT,CATERPILLAR INC,Industrials,2026-02-28,2025-12-31,6,9,true,0.3379,0.165,0.1314,0.1319,-0.0307,36.21,noncurrent_plus_current,,67.59,net_income_incl_nci,0,No change
CAT,CATERPILLAR INC,Industrials,2026-03-31,2025-12-31,6,9,true,0.3379,0.165,0.1314,0.1319,-0.0307,36.21,noncurrent_plus_current,,67.59,net_income_incl_nci,0,No change
CAT,CATERPILLAR INC,Industrials,2026-04-30,2025-12-31,6,9,true,0.3379,0.165,0.1314,0.1319,-0.0307,36.21,noncurrent_plus_current,,67.59,net_income_incl_nci,0,No change
CAT,CATERPILLAR INC,Industrials,2026-05-31,2025-12-31,6,9,true,0.3379,0.165,0.1314,0.1319,-0.0307,36.21,noncurrent_plus_current,,67.59,net_income_incl_nci,0,No change
CAT,CATERPILLAR INC,Industrials,2026-06-30,2025-12-31,6,9,true,0.3379,0.165,0.1314,0.1319,-0.0307,36.21,noncurrent_plus_current,,67.59,net_income_incl_nci,0,No change
CAT,CATERPILLAR INC,Industrials,2026-07-31,2025-12-31,6,9,true,0.3379,0.165,0.1314,0.1319,-0.0307,36.21,noncurrent_plus_current,,67.59,net_income_incl_nci,0,No change
CAT,CATERPILLAR INC,Industrials,2026-08-31,2025-12-31,6,9,true,0.3379,0.165,0.1314,0.1319,-0.0307,36.21,noncurrent_plus_current,,67.59,net_income_incl_nci,0,No change
CAT,CATERPILLAR INC,Industrials,2026-09-30,2025-12-31,6,9,true,0.3379,0.165,0.1314,0.1319,-0.0307,36.21,noncurrent_plus_current,,67.59,net_income_incl_nci,0,No change
COST,COSTCO WHOLESALE CORP /NEW,Consumer Staples,2010-10-31,2010-08-29,8,9,true,0.1277,0.0266,0.0167,0.0221,-0.0645,2.17,long_term_debt_incl_current,0.2,77.95,net_income,,No change
COST,COSTCO WHOLESALE CORP /NEW,Consumer Staples,2010-11-30,2010-08-29,8,9,true,0.1277,0.0266,0.0167,0.0221,-0.0645,2.17,long_term_debt_incl_current,0.2,77.95,net_income,0,No change
COST,COSTCO WHOLESALE CORP /NEW,Consumer Staples,2010-12-31,2010-08-29,8,9,true,0.1277,0.0266,0.0167,0.0221,-0.0645,2.17,long_term_debt_incl_current,0.2,77.95,net_income,0,No change
COST,COSTCO WHOLESALE CORP /NEW,Consumer Staples,2011-01-31,2010-08-29,8,9,true,0.1277,0.0266,0.0167,0.0221,-0.0645,2.17,long_term_debt_incl_current,0.2,77.95,net_income,0,No change
COST,COSTCO WHOLESALE CORP /NEW,Consumer Staples,2011-02-28,2010-08-29,8,9,true,0.1277,0.0266,0.0167,0.0221,-0.0645,2.17,long_term_debt_incl_current,0.2,77.95,net_income,0,No change
COST,COSTCO WHOLESALE CORP /NEW,Consumer Staples,2011-03-31,2010-08-29,8,9,true,0.1277,0.0266,0.0167,0.0221,-0.0645,2.17,long_term_debt_incl_current,0.2,77.95,net_income,0,No change
COST,COSTCO WHOLESALE CORP /NEW,Consumer Staples,2011-04-30,2010-08-29,8,9,true,0.1277,0.0266,0.0167,0.0221,-0.0645,2.17,long_term_debt_incl_current,0.2,77.95,net_income,0,No change
COST,COSTCO WHOLESALE CORP /NEW,Consumer Staples,2011-05-31,2010-08-29,8,9,true,0.1277,0.0266,0.0167,0.0221,-0.0645,2.17,long_term_debt_incl_current,0.2,77.95,net_income,0,No change
COST,COSTCO WHOLESALE CORP /NEW,Consumer Staples,2011-06-30,2010-08-29,8,9,true,0.1277,0.0266,0.0167,0.0221,-0.0645,2.17,long_term_debt_incl_current,0.2,77.95,net_income,0,No change
COST,COSTCO WHOLESALE CORP /NEW,Consumer Staples,2011-07-31,2010-08-29,8,9,true,0.1277,0.0266,0.0167,0.0221,-0.0645,2.17,long_term_debt_incl_current,0.2,77.95,net_income,0,No change
COST,COSTCO WHOLESALE CORP /NEW,Consumer Staples,2011-08-31,2010-08-29,8,9,true,0.1277,0.0266,0.0167,0.0221,-0.0645,2.17,long_term_debt_incl_current,0.2,77.95,net_income,0,No change
COST,COSTCO WHOLESALE CORP /NEW,Consumer Staples,2011-09-30,2010-08-29,8,9,true,0.1277,0.0266,0.0167,0.0221,-0.0645,2.17,long_term_debt_incl_current,0.2,77.95,net_income,0,No change
COST,COSTCO WHOLESALE CORP /NEW,Consumer Staples,2011-10-31,2011-08-28,7,9,true,0.1257,0.0274,0.0164,0.0215,-0.0686,2.15,long_term_debt_incl_current,0.18,88.92,net_income,-1,New annual report
COST,COSTCO WHOLESALE CORP /NEW,Consumer Staples,2011-11-30,2011-08-28,7,9,true,0.1257,0.0274,0.0164,0.0215,-0.0686,2.15,long_term_debt_incl_current,0.18,88.92,net_income,0,No change
COST,COSTCO WHOLESALE CORP /NEW,Consumer Staples,2011-12-31,2011-08-28,7,9,true,0.1257,0.0274,0.0164,0.0215,-0.0686,2.15,long_term_debt_incl_current,0.18,88.92,net_income,0,No change
COST,COSTCO WHOLESALE CORP /NEW,Consumer Staples,2012-01-31,2011-08-28,7,9,true,0.1257,0.0274,0.0164,0.0215,-0.0686,2.15,long_term_debt_incl_current,0.18,88.92,net_income,0,No change
COST,COSTCO WHOLESALE CORP /NEW,Consumer Staples,2012-02-29,2011-08-28,7,9,true,0.1257,0.0274,0.0164,0.0215,-0.0686,2.15,long_term_debt_incl_current,0.18,88.92,net_income,0,No change
COST,COSTCO WHOLESALE CORP /NEW,Consumer Staples,2012-03-31,2011-08-28,7,9,true,0.1257,0.0274,0.0164,0.0215,-0.0686,2.15,long_term_debt_incl_current,0.18,88.92,net_income,0,No change
COST,COSTCO WHOLESALE CORP /NEW,Consumer Staples,2012-04-30,2011-08-28,7,9,true,0.1257,0.0274,0.0164,0.0215,-0.0686,2.15,long_term_debt_incl_current,0.18,88.92,net_income,0,No change
COST,COSTCO WHOLESALE CORP /NEW,Consumer Staples,2012-05-31,2011-08-28,7,9,true,0.1257,0.0274,0.0164,0.0215,-0.0686,2.15,long_term_debt_incl_current,0.18,88.92,net_income,0,No change
COST,COSTCO WHOLESALE CORP /NEW,Consumer Staples,2012-06-30,2011-08-28,7,9,true,0.1257,0.0274,0.0164,0.0215,-0.0686,2.15,long_term_debt_incl_current,0.18,88.92,net_income,0,No change
COST,COSTCO WHOLESALE CORP /NEW,Consumer Staples,2012-07-31,2011-08-28,7,9,true,0.1257,0.0274,0.0164,0.0215,-0.0686,2.15,long_term_debt_incl_current,0.18,88.92,net_income,0,No change
COST,COSTCO WHOLESALE CORP /NEW,Consumer Staples,2012-08-31,2011-08-28,7,9,true,0.1257,0.0274,0.0164,0.0215,-0.0686,2.15,long_term_debt_incl_current,0.18,88.92,net_income,0,No change
COST,COSTCO WHOLESALE CORP /NEW,Consumer Staples,2012-09-30,2011-08-28,7,9,true,0.1257,0.0274,0.0164,0.0215,-0.0686,2.15,long_term_debt_incl_current,0.18,88.92,net_income,0,No change
COST,COSTCO WHOLESALE CORP /NEW,Consumer Staples,2012-10-31,2012-09-02,6,9,true,0.1242,0.0278,0.0172,0.0159,-0.05,1.38,long_term_debt_incl_current,0.11,99.14,net_income,-1,New annual report
COST,COSTCO WHOLESALE CORP /NEW,Consumer Staples,2012-11-30,2012-09-02,6,9,true,0.1242,0.0278,0.0172,0.0159,-0.05,1.38,long_term_debt_incl_current,0.11,99.14,net_income,0,No change
COST,COSTCO WHOLESALE CORP /NEW,Consumer Staples,2012-12-31,2012-09-02,6,9,true,0.1242,0.0278,0.0172,0.0159,-0.05,1.38,long_term_debt_incl_current,0.11,99.14,net_income,0,No change
COST,COSTCO WHOLESALE CORP /NEW,Consumer Staples,2013-01-31,2012-09-02,6,9,true,0.1242,0.0278,0.0172,0.0159,-0.05,1.38,long_term_debt_incl_current,0.11,99.14,net_income,0,No change
COST,COSTCO WHOLESALE CORP /NEW,Consumer Staples,2013-02-28,2012-09-02,6,9,true,0.1242,0.0278,0.0172,0.0159,-0.05,1.38,long_term_debt_incl_current,0.11,99.14,net_income,0,No change
COST,COSTCO WHOLESALE CORP /NEW,Consumer Staples,2013-03-31,2012-09-02,6,9,true,0.1242,0.0278,0.0172,0.0159,-0.05,1.38,long_term_debt_incl_current,0.11,99.14,net_income,0,No change
COST,COSTCO WHOLESALE CORP /NEW,Consumer Staples,2013-04-30,2012-09-02,6,9,true,0.1242,0.0278,0.0172,0.0159,-0.05,1.38,long_term_debt_incl_current,0.11,99.14,net_income,0,No change
COST,COSTCO WHOLESALE CORP /NEW,Consumer Staples,2013-05-31,2012-09-02,6,9,true,0.1242,0.0278,0.0172,0.0159,-0.05,1.38,long_term_debt_incl_current,0.11,99.14,net_income,0,No change
COST,COSTCO WHOLESALE CORP /NEW,Consumer Staples,2013-06-30,2012-09-02,6,9,true,0.1242,0.0278,0.0172,0.0159,-0.05,1.38,long_term_debt_incl_current,0.11,99.14,net_income,0,No change
COST,COSTCO WHOLESALE CORP /NEW,Consumer Staples,2013-07-31,2012-09-02,6,9,true,0.1242,0.0278,0.0172,0.0159,-0.05,1.38,long_term_debt_incl_current,0.11,99.14,net_income,0,No change
COST,COSTCO WHOLESALE CORP /NEW,Consumer Staples,2013-08-31,2012-09-02,6,9,true,0.1242,0.0278,0.0172,0.0159,-0.05,1.38,long_term_debt_incl_current,0.11,99.14,net_income,0,No change
COST,COSTCO WHOLESALE CORP /NEW,Consumer Staples,2013-09-30,2012-09-02,6,9,true,0.1242,0.0278,0.0172,0.0159,-0.05,1.38,long_term_debt_incl_current,0.11,99.14,net_income,0,No change
COST,COSTCO WHOLESALE CORP /NEW,Consumer Staples,2013-10-31,2013-09-01,7,9,true,0.1256,0.029,0.0194,0.0129,-0.0487,5.0,long_term_debt_incl_current,0.46,105.16,net_income,1,New annual report
COST,COSTCO WHOLESALE CORP /NEW,Consumer Staples,2013-11-30,2013-09-01,7,9,true,0.1256,0.029,0.0194,0.0129,-0.0487,5.0,long_term_debt_incl_current,0.46,105.16,net_income,0,No change
COST,COSTCO WHOLESALE CORP /NEW,Consumer Staples,2013-12-31,2013-09-01,7,9,true,0.1256,0.029,0.0194,0.0129,-0.0487,5.0,long_term_debt_incl_current,0.46,105.16,net_income,0,No change
COST,COSTCO WHOLESALE CORP /NEW,Consumer Staples,2014-01-31,2013-09-01,7,9,true,0.1256,0.029,0.0194,0.0129,-0.0487,5.0,long_term_debt_incl_current,0.46,105.16,net_income,0,No change
COST,COSTCO WHOLESALE CORP /NEW,Consumer Staples,2014-02-28,2013-09-01,7,9,true,0.1256,0.029,0.0194,0.0129,-0.0487,5.0,long_term_debt_incl_current,0.46,105.16,net_income,0,No change
COST,COSTCO WHOLESALE CORP /NEW,Consumer Staples,2014-03-31,2013-09-01,7,9,true,0.1256,0.029,0.0194,0.0129,-0.0487,5.0,long_term_debt_incl_current,0.46,105.16,net_income,0,No change
COST,COSTCO WHOLESALE CORP /NEW,Consumer Staples,2014-04-30,2013-09-01,7,9,true,0.1256,0.029,0.0194,0.0129,-0.0487,5.0,long_term_debt_incl_current,0.46,105.16,net_income,0,No change
COST,COSTCO WHOLESALE CORP /NEW,Consumer Staples,2014-05-31,2013-09-01,7,9,true,0.1256,0.029,0.0194,0.0129,-0.0487,5.0,long_term_debt_incl_current,0.46,105.16,net_income,0,No change
COST,COSTCO WHOLESALE CORP /NEW,Consumer Staples,2014-06-30,2013-09-01,7,9,true,0.1256,0.029,0.0194,0.0129,-0.0487,5.0,long_term_debt_incl_current,0.46,105.16,net_income,0,No change
COST,COSTCO WHOLESALE CORP /NEW,Consumer Staples,2014-07-31,2013-09-01,7,9,true,0.1256,0.029,0.0194,0.0129,-0.0487,5.0,long_term_debt_incl_current,0.46,105.16,net_income,0,No change
COST,COSTCO WHOLESALE CORP /NEW,Consumer Staples,2014-08-31,2013-09-01,7,9,true,0.1256,0.029,0.0194,0.0129,-0.0487,5.0,long_term_debt_incl_current,0.46,105.16,net_income,0,No change
COST,COSTCO WHOLESALE CORP /NEW,Consumer Staples,2014-09-30,2013-09-01,7,9,true,0.1256,0.029,0.0194,0.0129,-0.0487,5.0,long_term_debt_incl_current,0.46,105.16,net_income,0,No change
COST,COSTCO WHOLESALE CORP /NEW,Consumer Staples,2014-10-31,2014-08-31,6,9,true,0.1259,0.0286,0.0183,0.0177,-0.0608,5.09,long_term_debt_incl_current,0.41,112.64,net_income,-1,New annual report
COST,COSTCO WHOLESALE CORP /NEW,Consumer Staples,2014-11-30,2014-08-31,6,9,true,0.1259,0.0286,0.0183,0.0177,-0.0608,5.09,long_term_debt_incl_current,0.41,112.64,net_income,0,No change
COST,COSTCO WHOLESALE CORP /NEW,Consumer Staples,2014-12-31,2014-08-31,6,9,true,0.1259,0.0286,0.0183,0.0177,-0.0608,5.09,long_term_debt_incl_current,0.41,112.64,net_income,0,No change
COST,COSTCO WHOLESALE CORP /NEW,Consumer Staples,2015-01-31,2014-08-31,6,9,true,0.1259,0.0286,0.0183,0.0177,-0.0608,5.09,long_term_debt_incl_current,0.41,112.64,net_income,0,No change
COST,COSTCO WHOLESALE CORP /NEW,Consumer Staples,2015-02-28,2014-08-31,6,9,true,0.1259,0.0286,0.0183,0.0177,-0.0608,5.09,long_term_debt_incl_current,0.41,112.64,net_income,0,No change
COST,COSTCO WHOLESALE CORP /NEW,Consumer Staples,2015-03-31,2014-08-31,6,9,true,0.1259,0.0286,0.0183,0.0177,-0.0608,5.09,long_term_debt_incl_current,0.41,112.64,net_income,0,No change
COST,COSTCO WHOLESALE CORP /NEW,Consumer Staples,2015-04-30,2014-08-31,6,9,true,0.1259,0.0286,0.0183,0.0177,-0.0608,5.09,long_term_debt_incl_current,0.41,112.64,net_income,0,No change
COST,COSTCO WHOLESALE CORP /NEW,Consumer Staples,2015-05-31,2014-08-31,6,9,true,0.1259,0.0286,0.0183,0.0177,-0.0608,5.09,long_term_debt_incl_current,0.41,112.64,net_income,0,No change
COST,COSTCO WHOLESALE CORP /NEW,Consumer Staples,2015-06-30,2014-08-31,6,9,true,0.1259,0.0286,0.0183,0.0177,-0.0608,5.09,long_term_debt_incl_current,0.41,112.64,net_income,0,No change
COST,COSTCO WHOLESALE CORP /NEW,Consumer Staples,2015-07-31,2014-08-31,6,9,true,0.1259,0.0286,0.0183,0.0177,-0.0608,5.09,long_term_debt_incl_current,0.41,112.64,net_income,0,No change
COST,COSTCO WHOLESALE CORP /NEW,Consumer Staples,2015-08-31,2014-08-31,6,9,true,0.1259,0.0286,0.0183,0.0177,-0.0608,5.09,long_term_debt_incl_current,0.41,112.64,net_income,0,No change
COST,COSTCO WHOLESALE CORP /NEW,Consumer Staples,2015-09-30,2014-08-31,6,9,true,0.1259,0.0286,0.0183,0.0177,-0.0608,5.09,long_term_debt_incl_current,0.41,112.64,net_income,0,No change
COST,COSTCO WHOLESALE CORP /NEW,Consumer Staples,2015-10-31,2015-08-30,3,7,false,0.1302,0.0312,0.0205,,,6.15,long_term_debt_incl_current,0.58,116.2,net_income,-3,New annual report
COST,COSTCO WHOLESALE CORP /NEW,Consumer Staples,2015-11-30,2015-08-30,3,7,false,0.1302,0.0312,0.0205,,,6.15,long_term_debt_incl_current,0.58,116.2,net_income,0,No change
COST,COSTCO WHOLESALE CORP /NEW,Consumer Staples,2015-12-31,2015-08-30,3,7,false,0.1302,0.0312,0.0205,,,6.14,long_term_debt_incl_current,0.58,116.2,net_income,0,No change
COST,COSTCO WHOLESALE CORP /NEW,Consumer Staples,2016-01-31,2015-08-30,3,7,false,0.1302,0.0312,0.0205,,,6.14,long_term_debt_incl_current,0.58,116.2,net_income,0,No change
COST,COSTCO WHOLESALE CORP /NEW,Consumer Staples,2016-02-29,2015-08-30,3,7,false,0.1302,0.0312,0.0205,,,6.14,long_term_debt_incl_current,0.58,116.2,net_income,0,No change
COST,COSTCO WHOLESALE CORP /NEW,Consumer Staples,2016-03-31,2015-08-30,3,7,false,0.1302,0.0312,0.0205,,,6.14,long_term_debt_incl_current,0.58,116.2,net_income,0,No change
COST,COSTCO WHOLESALE CORP /NEW,Consumer Staples,2016-04-30,2015-08-30,3,7,false,0.1302,0.0312,0.0205,,,6.14,long_term_debt_incl_current,0.58,116.2,net_income,0,No change
COST,COSTCO WHOLESALE CORP /NEW,Consumer Staples,2016-05-31,2015-08-30,3,7,false,0.1302,0.0312,0.0205,,,6.14,long_term_debt_incl_current,0.58,116.2,net_income,0,No change
COST,COSTCO WHOLESALE CORP /NEW,Consumer Staples,2016-06-30,2015-08-30,3,7,false,0.1302,0.0312,0.0205,,,6.14,long_term_debt_incl_current,0.58,116.2,net_income,0,No change
COST,COSTCO WHOLESALE CORP /NEW,Consumer Staples,2016-07-31,2015-08-30,3,7,false,0.1302,0.0312,0.0205,,,6.14,long_term_debt_incl_current,0.58,116.2,net_income,0,No change
COST,COSTCO WHOLESALE CORP /NEW,Consumer Staples,2016-08-31,2015-08-30,3,7,false,0.1302,0.0312,0.0205,,,6.14,long_term_debt_incl_current,0.58,116.2,net_income,0,No change
COST,COSTCO WHOLESALE CORP /NEW,Consumer Staples,2016-09-30,2015-08-30,3,7,false,0.1302,0.0312,0.0205,,,6.14,long_term_debt_incl_current,0.58,116.2,net_income,0,No change
COST,COSTCO WHOLESALE CORP /NEW,Consumer Staples,2016-10-31,2016-08-28,5,7,false,0.1332,0.0309,0.0198,,,5.16,long_term_debt_incl_current,0.43,118.72,net_income,2,New annual report
COST,COSTCO WHOLESALE CORP /NEW,Consumer Staples,2016-11-30,2016-08-28,5,7,false,0.1332,0.0309,0.0198,,,5.16,long_term_debt_incl_current,0.43,118.72,net_income,0,No change
COST,COSTCO WHOLESALE CORP /NEW,Consumer Staples,2016-12-31,2016-08-28,5,7,false,0.1332,0.0309,0.0198,,,5.16,long_term_debt_incl_current,0.43,118.72,net_income,0,No change
COST,COSTCO WHOLESALE CORP /NEW,Consumer Staples,2017-01-31,2016-08-28,5,7,false,0.1332,0.0309,0.0198,,,5.16,long_term_debt_incl_current,0.43,118.72,net_income,0,No change
COST,COSTCO WHOLESALE CORP /NEW,Consumer Staples,2017-02-28,2016-08-28,5,7,false,0.1332,0.0309,0.0198,,,5.16,long_term_debt_incl_current,0.43,118.72,net_income,0,No change
COST,COSTCO WHOLESALE CORP /NEW,Consumer Staples,2017-03-31,2016-08-28,5,7,false,0.1332,0.0309,0.0198,,,5.16,long_term_debt_incl_current,0.43,118.72,net_income,0,No change
COST,COSTCO WHOLESALE CORP /NEW,Consumer Staples,2017-04-30,2016-08-28,5,7,false,0.1332,0.0309,0.0198,,,5.16,long_term_debt_incl_current,0.43,118.72,net_income,0,No change
COST,COSTCO WHOLESALE CORP /NEW,Consumer Staples,2017-05-31,2016-08-28,5,7,false,0.1332,0.0309,0.0198,,,5.16,long_term_debt_incl_current,0.43,118.72,net_income,0,No change
COST,COSTCO WHOLESALE CORP /NEW,Consumer Staples,2017-06-30,2016-08-28,5,7,false,0.1332,0.0309,0.0198,,,5.16,long_term_debt_incl_current,0.43,118.72,net_income,0,No change
COST,COSTCO WHOLESALE CORP /NEW,Consumer Staples,2017-07-31,2016-08-28,5,7,false,0.1332,0.0309,0.0198,,,5.16,long_term_debt_incl_current,0.43,118.72,net_income,0,No change
COST,COSTCO WHOLESALE CORP /NEW,Consumer Staples,2017-08-31,2016-08-28,5,7,false,0.1332,0.0309,0.0198,,,5.16,long_term_debt_incl_current,0.43,118.72,net_income,0,No change
COST,COSTCO WHOLESALE CORP /NEW,Consumer Staples,2017-09-30,2016-08-28,5,7,false,0.1332,0.0309,0.0198,,,5.16,long_term_debt_incl_current,0.43,118.72,net_income,0,No change
COST,COSTCO WHOLESALE CORP /NEW,Consumer Staples,2017-10-31,2017-09-03,5,7,false,0.1329,0.0319,0.0208,,,6.66,long_term_debt_incl_current,0.62,129.03,net_income,0,No change
COST,COSTCO WHOLESALE CORP /NEW,Consumer Staples,2017-11-30,2017-09-03,5,7,false,0.1329,0.0319,0.0208,,,6.66,long_term_debt_incl_current,0.62,129.03,net_income,0,No change
COST,COSTCO WHOLESALE CORP /NEW,Consumer Staples,2017-12-31,2017-09-03,5,7,false,0.1329,0.0319,0.0208,,,6.66,long_term_debt_incl_current,0.62,129.03,net_income,0,No change
COST,COSTCO WHOLESALE CORP /NEW,Consumer Staples,2018-01-31,2017-09-03,5,7,false,0.1329,0.0319,0.0208,,,6.66,long_term_debt_incl_current,0.62,129.03,net_income,0,No change
COST,COSTCO WHOLESALE CORP /NEW,Consumer Staples,2018-02-28,2017-09-03,5,7,false,0.1329,0.0319,0.0208,,,6.66,long_term_debt_incl_current,0.62,129.03,net_income,0,No change
COST,COSTCO WHOLESALE CORP /NEW,Consumer Staples,2018-03-31,2017-09-03,5,7,false,0.1329,0.0319,0.0208,,,6.66,long_term_debt_incl_current,0.62,129.03,net_income,0,No change
COST,COSTCO WHOLESALE CORP /NEW,Consumer Staples,2018-04-30,2017-09-03,5,7,false,0.1329,0.0319,0.0208,,,6.66,long_term_debt_incl_current,0.62,129.03,net_income,0,No change
COST,COSTCO WHOLESALE CORP /NEW,Consumer Staples,2018-05-31,2017-09-03,5,7,false,0.1329,0.0319,0.0208,,,6.66,long_term_debt_incl_current,0.62,129.03,net_income,0,No change
COST,COSTCO WHOLESALE CORP /NEW,Consumer Staples,2018-06-30,2017-09-03,5,7,false,0.1329,0.0319,0.0208,,,6.66,long_term_debt_incl_current,0.62,129.03,net_income,0,No change
COST,COSTCO WHOLESALE CORP /NEW,Consumer Staples,2018-07-31,2017-09-03,5,7,false,0.1329,0.0319,0.0208,,,6.66,long_term_debt_incl_current,0.62,129.03,net_income,0,No change
COST,COSTCO WHOLESALE CORP /NEW,Consumer Staples,2018-08-31,2017-09-03,5,7,false,0.1329,0.0319,0.0208,,,6.66,long_term_debt_incl_current,0.62,129.03,net_income,0,No change
COST,COSTCO WHOLESALE CORP /NEW,Consumer Staples,2018-09-30,2017-09-03,5,7,false,0.1329,0.0319,0.0208,,,6.66,long_term_debt_incl_current,0.62,129.03,net_income,0,No change
COST,COSTCO WHOLESALE CORP /NEW,Consumer Staples,2018-10-31,2018-09-02,5,7,false,0.1301,0.0316,0.0221,,,6.58,long_term_debt_incl_current,0.51,141.58,net_income,0,No change
COST,COSTCO WHOLESALE CORP /NEW,Consumer Staples,2018-11-30,2018-09-02,5,7,false,0.1301,0.0316,0.0221,,,6.58,long_term_debt_incl_current,0.51,141.58,net_income,0,No change
COST,COSTCO WHOLESALE CORP /NEW,Consumer Staples,2018-12-31,2018-09-02,5,7,false,0.1301,0.0316,0.0221,,,6.61,long_term_debt_incl_current,0.52,141.58,net_income,0,No change
COST,COSTCO WHOLESALE CORP /NEW,Consumer Staples,2019-01-31,2018-09-02,5,7,false,0.1301,0.0316,0.0221,,,6.61,long_term_debt_incl_current,0.52,141.58,net_income,0,No change
COST,COSTCO WHOLESALE CORP /NEW,Consumer Staples,2019-02-28,2018-09-02,5,7,false,0.1301,0.0316,0.0221,,,6.61,long_term_debt_incl_current,0.52,141.58,net_income,0,No change
COST,COSTCO WHOLESALE CORP /NEW,Consumer Staples,2019-03-31,2018-09-02,5,7,false,0.1301,0.0316,0.0221,,,6.61,long_term_debt_incl_current,0.52,141.58,net_income,0,No change
COST,COSTCO WHOLESALE CORP /NEW,Consumer Staples,2019-04-30,2018-09-02,5,7,false,0.1301,0.0316,0.0221,,,6.61,long_term_debt_incl_current,0.52,141.58,net_income,0,No change
COST,COSTCO WHOLESALE CORP /NEW,Consumer Staples,2019-05-31,2018-09-02,5,7,false,0.1301,0.0316,0.0221,,,6.61,long_term_debt_incl_current,0.52,141.58,net_income,0,No change
COST,COSTCO WHOLESALE CORP /NEW,Consumer Staples,2019-06-30,2018-09-02,5,7,false,0.1301,0.0316,0.0221,,,6.61,long_term_debt_incl_current,0.52,141.58,net_income,0,No change
COST,COSTCO WHOLESALE CORP /NEW,Consumer Staples,2019-07-31,2018-09-02,5,7,false,0.1301,0.0316,0.0221,,,6.61,long_term_debt_incl_current,0.52,141.58,net_income,0,No change
COST,COSTCO WHOLESALE CORP /NEW,Consumer Staples,2019-08-31,2018-09-02,5,7,false,0.1301,0.0316,0.0221,,,6.61,long_term_debt_incl_current,0.52,141.58,net_income,0,No change
COST,COSTCO WHOLESALE CORP /NEW,Consumer Staples,2019-09-30,2018-09-02,5,7,false,0.1301,0.0316,0.0221,,,6.61,long_term_debt_incl_current,0.52,141.58,net_income,0,No change
COST,COSTCO WHOLESALE CORP /NEW,Consumer Staples,2019-10-31,2019-09-01,5,9,true,0.1078,0.031,0.024,0.022,-0.0626,6.85,long_term_debt_incl_current,0.45,152.7,net_income,0,No change
COST,COSTCO WHOLESALE CORP /NEW,Consumer Staples,2019-11-30,2019-09-01,5,9,true,0.1078,0.031,0.024,0.022,-0.0626,6.85,long_term_debt_incl_current,0.45,152.7,net_income,0,No change
COST,COSTCO WHOLESALE CORP /NEW,Consumer Staples,2019-12-31,2019-09-01,5,9,true,0.1078,0.031,0.024,0.022,-0.0626,6.85,long_term_debt_incl_current,0.45,152.7,net_income,0,No change
COST,COSTCO WHOLESALE CORP /NEW,Consumer Staples,2020-01-31,2019-09-01,5,9,true,0.1078,0.031,0.024,0.022,-0.0626,6.85,long_term_debt_incl_current,0.45,152.7,net_income,0,No change
COST,COSTCO WHOLESALE CORP /NEW,Consumer Staples,2020-02-29,2019-09-01,5,9,true,0.1078,0.031,0.024,0.022,-0.0626,6.85,long_term_debt_incl_current,0.45,152.7,net_income,0,No change
COST,COSTCO WHOLESALE CORP /NEW,Consumer Staples,2020-03-31,2019-09-01,5,9,true,0.1078,0.031,0.024,0.022,-0.0626,6.85,long_term_debt_incl_current,0.45,152.7,net_income,0,No change
COST,COSTCO WHOLESALE CORP /NEW,Consumer Staples,2020-04-30,2019-09-01,5,9,true,0.1078,0.031,0.024,0.022,-0.0626,6.85,long_term_debt_incl_current,0.45,152.7,net_income,0,No change
COST,COSTCO WHOLESALE CORP /NEW,Consumer Staples,2020-05-31,2019-09-01,5,9,true,0.1078,0.031,0.024,0.022,-0.0626,6.85,long_term_debt_incl_current,0.45,152.7,net_income,0,No change
COST,COSTCO WHOLESALE CORP /NEW,Consumer Staples,2020-06-30,2019-09-01,5,9,true,0.1078,0.031,0.024,0.022,-0.0626,6.85,long_term_debt_incl_current,0.45,152.7,net_income,0,No change
COST,COSTCO WHOLESALE CORP /NEW,Consumer Staples,2020-07-31,2019-09-01,5,9,true,0.1078,0.031,0.024,0.022,-0.0626,6.85,long_term_debt_incl_current,0.45,152.7,net_income,0,No change
COST,COSTCO WHOLESALE CORP /NEW,Consumer Staples,2020-08-31,2019-09-01,5,9,true,0.1078,0.031,0.024,0.022,-0.0626,6.85,long_term_debt_incl_current,0.45,152.7,net_income,0,No change
COST,COSTCO WHOLESALE CORP /NEW,Consumer Staples,2020-09-30,2019-09-01,5,9,true,0.1078,0.031,0.024,0.022,-0.0626,6.85,long_term_debt_incl_current,0.45,152.7,net_income,0,No change
COST,COSTCO WHOLESALE CORP /NEW,Consumer Staples,2020-10-31,2020-08-30,6,9,true,0.1309,0.0326,0.024,0.0363,-0.0963,7.66,long_term_debt_incl_current,0.42,166.76,net_income,1,New annual report
COST,COSTCO WHOLESALE CORP /NEW,Consumer Staples,2020-11-30,2020-08-30,6,9,true,0.1309,0.0326,0.024,0.0363,-0.0963,7.66,long_term_debt_incl_current,0.42,166.76,net_income,0,No change
COST,COSTCO WHOLESALE CORP /NEW,Consumer Staples,2020-12-31,2020-08-30,6,9,true,0.1309,0.0326,0.024,0.0363,-0.0963,7.66,long_term_debt_incl_current,0.42,166.76,net_income,0,No change
COST,COSTCO WHOLESALE CORP /NEW,Consumer Staples,2021-01-31,2020-08-30,6,9,true,0.1309,0.0326,0.024,0.0363,-0.0963,7.66,long_term_debt_incl_current,0.42,166.76,net_income,0,No change
COST,COSTCO WHOLESALE CORP /NEW,Consumer Staples,2021-02-28,2020-08-30,6,9,true,0.1309,0.0326,0.024,0.0363,-0.0963,7.66,long_term_debt_incl_current,0.42,166.76,net_income,0,No change
COST,COSTCO WHOLESALE CORP /NEW,Consumer Staples,2021-03-31,2020-08-30,6,9,true,0.1309,0.0326,0.024,0.0363,-0.0963,7.66,long_term_debt_incl_current,0.42,166.76,net_income,0,No change
COST,COSTCO WHOLESALE CORP /NEW,Consumer Staples,2021-04-30,2020-08-30,6,9,true,0.1309,0.0326,0.024,0.0363,-0.0963,7.66,long_term_debt_incl_current,0.42,166.76,net_income,0,No change
COST,COSTCO WHOLESALE CORP /NEW,Consumer Staples,2021-05-31,2020-08-30,6,9,true,0.1309,0.0326,0.024,0.0363,-0.0963,7.66,long_term_debt_incl_current,0.42,166.76,net_income,0,No change
COST,COSTCO WHOLESALE CORP /NEW,Consumer Staples,2021-06-30,2020-08-30,6,9,true,0.1309,0.0326,0.024,0.0363,-0.0963,7.66,long_term_debt_incl_current,0.42,166.76,net_income,0,No change
COST,COSTCO WHOLESALE CORP /NEW,Consumer Staples,2021-07-31,2020-08-30,6,9,true,0.1309,0.0326,0.024,0.0363,-0.0963,7.66,long_term_debt_incl_current,0.42,166.76,net_income,0,No change
COST,COSTCO WHOLESALE CORP /NEW,Consumer Staples,2021-08-31,2020-08-30,6,9,true,0.1309,0.0326,0.024,0.0363,-0.0963,7.66,long_term_debt_incl_current,0.42,166.76,net_income,0,No change
COST,COSTCO WHOLESALE CORP /NEW,Consumer Staples,2021-09-30,2020-08-30,6,9,true,0.1309,0.0326,0.024,0.0363,-0.0963,7.66,long_term_debt_incl_current,0.42,166.76,net_income,0,No change
COST,COSTCO WHOLESALE CORP /NEW,Consumer Staples,2021-10-31,2021-08-29,5,9,true,0.1288,0.0342,0.0256,0.0274,-0.0688,7.53,long_term_debt_incl_current,0.43,195.93,net_income,-1,New annual report
COST,COSTCO WHOLESALE CORP /NEW,Consumer Staples,2021-11-30,2021-08-29,5,9,true,0.1288,0.0342,0.0256,0.0274,-0.0688,7.53,long_term_debt_incl_current,0.43,195.93,net_income,0,No change
COST,COSTCO WHOLESALE CORP /NEW,Consumer Staples,2021-12-31,2021-08-29,5,9,true,0.1288,0.0342,0.0256,0.0274,-0.0688,7.53,long_term_debt_incl_current,0.43,195.93,net_income,0,No change
COST,COSTCO WHOLESALE CORP /NEW,Consumer Staples,2022-01-31,2021-08-29,5,9,true,0.1288,0.0342,0.0256,0.0274,-0.0688,7.53,long_term_debt_incl_current,0.43,195.93,net_income,0,No change
COST,COSTCO WHOLESALE CORP /NEW,Consumer Staples,2022-02-28,2021-08-29,5,9,true,0.1288,0.0342,0.0256,0.0274,-0.0688,7.53,long_term_debt_incl_current,0.43,195.93,net_income,0,No change
COST,COSTCO WHOLESALE CORP /NEW,Consumer Staples,2022-03-31,2021-08-29,5,9,true,0.1288,0.0342,0.0256,0.0274,-0.0688,7.53,long_term_debt_incl_current,0.43,195.93,net_income,0,No change
COST,COSTCO WHOLESALE CORP /NEW,Consumer Staples,2022-04-30,2021-08-29,5,9,true,0.1288,0.0342,0.0256,0.0274,-0.0688,7.53,long_term_debt_incl_current,0.43,195.93,net_income,0,No change
COST,COSTCO WHOLESALE CORP /NEW,Consumer Staples,2022-05-31,2021-08-29,5,9,true,0.1288,0.0342,0.0256,0.0274,-0.0688,7.53,long_term_debt_incl_current,0.43,195.93,net_income,0,No change
COST,COSTCO WHOLESALE CORP /NEW,Consumer Staples,2022-06-30,2021-08-29,5,9,true,0.1288,0.0342,0.0256,0.0274,-0.0688,7.53,long_term_debt_incl_current,0.43,195.93,net_income,0,No change
COST,COSTCO WHOLESALE CORP /NEW,Consumer Staples,2022-07-31,2021-08-29,5,9,true,0.1288,0.0342,0.0256,0.0274,-0.0688,7.53,long_term_debt_incl_current,0.43,195.93,net_income,0,No change
COST,COSTCO WHOLESALE CORP /NEW,Consumer Staples,2022-08-31,2021-08-29,5,9,true,0.1288,0.0342,0.0256,0.0274,-0.0688,7.53,long_term_debt_incl_current,0.43,195.93,net_income,0,No change
COST,COSTCO WHOLESALE CORP /NEW,Consumer Staples,2022-09-30,2021-08-29,5,9,true,0.1288,0.0342,0.0256,0.0274,-0.0688,7.53,long_term_debt_incl_current,0.43,195.93,net_income,0,No change
COST,COSTCO WHOLESALE CORP /NEW,Consumer Staples,2022-10-31,2022-08-28,6,8,false,0.1215,0.0343,0.0257,0.0154,-0.0251,6.56,noncurrent_plus_current,0.32,226.95,net_income,1,New annual report
COST,COSTCO WHOLESALE CORP /NEW,Consumer Staples,2022-11-30,2022-08-28,6,8,false,0.1215,0.0343,0.0257,0.0154,-0.0251,6.56,noncurrent_plus_current,0.32,226.95,net_income,0,No change
COST,COSTCO WHOLESALE CORP /NEW,Consumer Staples,2022-12-31,2022-08-28,6,8,false,0.1215,0.0343,0.0257,0.0154,-0.0251,6.56,noncurrent_plus_current,0.32,226.95,net_income,0,No change
COST,COSTCO WHOLESALE CORP /NEW,Consumer Staples,2023-01-31,2022-08-28,6,8,false,0.1215,0.0343,0.0257,0.0154,-0.0251,6.56,noncurrent_plus_current,0.32,226.95,net_income,0,No change
COST,COSTCO WHOLESALE CORP /NEW,Consumer Staples,2023-02-28,2022-08-28,6,8,false,0.1215,0.0343,0.0257,0.0154,-0.0251,6.56,noncurrent_plus_current,0.32,226.95,net_income,0,No change
COST,COSTCO WHOLESALE CORP /NEW,Consumer Staples,2023-03-31,2022-08-28,6,8,false,0.1215,0.0343,0.0257,0.0154,-0.0251,6.56,noncurrent_plus_current,0.32,226.95,net_income,0,No change
COST,COSTCO WHOLESALE CORP /NEW,Consumer Staples,2023-04-30,2022-08-28,6,8,false,0.1215,0.0343,0.0257,0.0154,-0.0251,6.56,noncurrent_plus_current,0.32,226.95,net_income,0,No change
COST,COSTCO WHOLESALE CORP /NEW,Consumer Staples,2023-05-31,2022-08-28,6,8,false,0.1215,0.0343,0.0257,0.0154,-0.0251,6.56,noncurrent_plus_current,0.32,226.95,net_income,0,No change
COST,COSTCO WHOLESALE CORP /NEW,Consumer Staples,2023-06-30,2022-08-28,6,8,false,0.1215,0.0343,0.0257,0.0154,-0.0251,6.56,noncurrent_plus_current,0.32,226.95,net_income,0,No change
COST,COSTCO WHOLESALE CORP /NEW,Consumer Staples,2023-07-31,2022-08-28,6,8,false,0.1215,0.0343,0.0257,0.0154,-0.0251,6.56,noncurrent_plus_current,0.32,226.95,net_income,0,No change
COST,COSTCO WHOLESALE CORP /NEW,Consumer Staples,2023-08-31,2022-08-28,6,8,false,0.1215,0.0343,0.0257,0.0154,-0.0251,6.56,noncurrent_plus_current,0.32,226.95,net_income,0,No change
COST,COSTCO WHOLESALE CORP /NEW,Consumer Staples,2023-09-30,2022-08-28,6,8,false,0.1215,0.0343,0.0257,0.0154,-0.0251,6.56,noncurrent_plus_current,0.32,226.95,net_income,0,No change
COST,COSTCO WHOLESALE CORP /NEW,Consumer Staples,2023-10-31,2023-09-03,7,9,true,0.1226,0.0335,0.026,0.0278,-0.0717,6.46,noncurrent_plus_current,0.26,242.29,net_income,1,New annual report
COST,COSTCO WHOLESALE CORP /NEW,Consumer Staples,2023-11-30,2023-09-03,7,9,true,0.1226,0.0335,0.026,0.0278,-0.0717,6.46,noncurrent_plus_current,0.26,242.29,net_income,0,No change
COST,COSTCO WHOLESALE CORP /NEW,Consumer Staples,2023-12-31,2023-09-03,7,9,true,0.1226,0.0335,0.026,0.0278,-0.0717,6.46,noncurrent_plus_current,0.26,242.29,net_income,0,No change
COST,COSTCO WHOLESALE CORP /NEW,Consumer Staples,2024-01-31,2023-09-03,7,9,true,0.1226,0.0335,0.026,0.0278,-0.0717,6.46,noncurrent_plus_current,0.26,242.29,net_income,0,No change
COST,COSTCO WHOLESALE CORP /NEW,Consumer Staples,2024-02-29,2023-09-03,7,9,true,0.1226,0.0335,0.026,0.0278,-0.0717,6.46,noncurrent_plus_current,0.26,242.29,net_income,0,No change
COST,COSTCO WHOLESALE CORP /NEW,Consumer Staples,2024-03-31,2023-09-03,7,9,true,0.1226,0.0335,0.026,0.0278,-0.0717,6.46,noncurrent_plus_current,0.26,242.29,net_income,0,No change
COST,COSTCO WHOLESALE CORP /NEW,Consumer Staples,2024-04-30,2023-09-03,7,9,true,0.1226,0.0335,0.026,0.0278,-0.0717,6.46,noncurrent_plus_current,0.26,242.29,net_income,0,No change
COST,COSTCO WHOLESALE CORP /NEW,Consumer Staples,2024-05-31,2023-09-03,7,9,true,0.1226,0.0335,0.026,0.0278,-0.0717,6.46,noncurrent_plus_current,0.26,242.29,net_income,0,No change
COST,COSTCO WHOLESALE CORP /NEW,Consumer Staples,2024-06-30,2023-09-03,7,9,true,0.1226,0.0335,0.026,0.0278,-0.0717,6.46,noncurrent_plus_current,0.26,242.29,net_income,0,No change
COST,COSTCO WHOLESALE CORP /NEW,Consumer Staples,2024-07-31,2023-09-03,7,9,true,0.1226,0.0335,0.026,0.0278,-0.0717,6.46,noncurrent_plus_current,0.26,242.29,net_income,0,No change
COST,COSTCO WHOLESALE CORP /NEW,Consumer Staples,2024-08-31,2023-09-03,7,9,true,0.1226,0.0335,0.026,0.0278,-0.0717,6.46,noncurrent_plus_current,0.26,242.29,net_income,0,No change
COST,COSTCO WHOLESALE CORP /NEW,Consumer Staples,2024-09-30,2023-09-03,7,9,true,0.1226,0.0335,0.026,0.0278,-0.0717,6.46,noncurrent_plus_current,0.26,242.29,net_income,0,No change
COST,COSTCO WHOLESALE CORP /NEW,Consumer Staples,2024-10-31,2024-09-01,6,9,true,0.1261,0.0365,0.029,0.0261,-0.0572,5.9,noncurrent_plus_current,0.25,254.45,net_income,-1,New annual report
COST,COSTCO WHOLESALE CORP /NEW,Consumer Staples,2024-11-30,2024-09-01,6,9,true,0.1261,0.0365,0.029,0.0261,-0.0572,5.9,noncurrent_plus_current,0.25,254.45,net_income,0,No change
COST,COSTCO WHOLESALE CORP /NEW,Consumer Staples,2024-12-31,2024-09-01,6,9,true,0.1261,0.0365,0.029,0.0261,-0.0572,5.9,noncurrent_plus_current,0.25,254.45,net_income,0,No change
COST,COSTCO WHOLESALE CORP /NEW,Consumer Staples,2025-01-31,2024-09-01,6,9,true,0.1261,0.0365,0.029,0.0261,-0.0572,5.9,noncurrent_plus_current,0.25,254.45,net_income,0,No change
COST,COSTCO WHOLESALE CORP /NEW,Consumer Staples,2025-02-28,2024-09-01,6,9,true,0.1261,0.0365,0.029,0.0261,-0.0572,5.9,noncurrent_plus_current,0.25,254.45,net_income,0,No change
COST,COSTCO WHOLESALE CORP /NEW,Consumer Staples,2025-03-31,2024-09-01,6,9,true,0.1261,0.0365,0.029,0.0261,-0.0572,5.9,noncurrent_plus_current,0.25,254.45,net_income,0,No change
COST,COSTCO WHOLESALE CORP /NEW,Consumer Staples,2025-04-30,2024-09-01,6,9,true,0.1261,0.0365,0.029,0.0261,-0.0572,5.9,noncurrent_plus_current,0.25,254.45,net_income,0,No change
COST,COSTCO WHOLESALE CORP /NEW,Consumer Staples,2025-05-31,2024-09-01,6,9,true,0.1261,0.0365,0.029,0.0261,-0.0572,5.9,noncurrent_plus_current,0.25,254.45,net_income,0,No change
COST,COSTCO WHOLESALE CORP /NEW,Consumer Staples,2025-06-30,2024-09-01,6,9,true,0.1261,0.0365,0.029,0.0261,-0.0572,5.9,noncurrent_plus_current,0.25,254.45,net_income,0,No change
COST,COSTCO WHOLESALE CORP /NEW,Consumer Staples,2025-07-31,2024-09-01,6,9,true,0.1261,0.0365,0.029,0.0261,-0.0572,5.9,noncurrent_plus_current,0.25,254.45,net_income,0,No change
COST,COSTCO WHOLESALE CORP /NEW,Consumer Staples,2025-08-31,2024-09-01,6,9,true,0.1261,0.0365,0.029,0.0261,-0.0572,5.9,noncurrent_plus_current,0.25,254.45,net_income,0,No change
COST,COSTCO WHOLESALE CORP /NEW,Consumer Staples,2025-09-30,2024-09-01,6,9,true,0.1261,0.0365,0.029,0.0261,-0.0572,5.9,noncurrent_plus_current,0.25,254.45,net_income,0,No change
COST,COSTCO WHOLESALE CORP /NEW,Consumer Staples,2025-10-31,2025-08-31,8,9,true,0.1284,0.0377,0.0294,0.0285,-0.0713,5.79,noncurrent_plus_current,0.2,275.24,net_income,2,New annual report
COST,COSTCO WHOLESALE CORP /NEW,Consumer Staples,2025-11-30,2025-08-31,8,9,true,0.1284,0.0377,0.0294,0.0285,-0.0713,5.79,noncurrent_plus_current,0.2,275.24,net_income,0,No change
COST,COSTCO WHOLESALE CORP /NEW,Consumer Staples,2025-12-31,2025-08-31,8,9,true,0.1284,0.0377,0.0294,0.0285,-0.0713,5.79,noncurrent_plus_current,0.2,275.24,net_income,0,No change
COST,COSTCO WHOLESALE CORP /NEW,Consumer Staples,2026-01-31,2025-08-31,8,9,true,0.1284,0.0377,0.0294,0.0285,-0.0713,5.79,noncurrent_plus_current,0.2,275.24,net_income,0,No change
COST,COSTCO WHOLESALE CORP /NEW,Consumer Staples,2026-02-28,2025-08-31,8,9,true,0.1284,0.0377,0.0294,0.0285,-0.0713,5.79,noncurrent_plus_current,0.2,275.24,net_income,0,No change
COST,COSTCO WHOLESALE CORP /NEW,Consumer Staples,2026-03-31,2025-08-31,8,9,true,0.1284,0.0377,0.0294,0.0285,-0.0713,5.79,noncurrent_plus_current,0.2,275.24,net_income,0,No change
COST,COSTCO WHOLESALE CORP /NEW,Consumer Staples,2026-04-30,2025-08-31,8,9,true,0.1284,0.0377,0.0294,0.0285,-0.0713,5.79,noncurrent_plus_current,0.2,275.24,net_income,0,No change
COST,COSTCO WHOLESALE CORP /NEW,Consumer Staples,2026-05-31,2025-08-31,8,9,true,0.1284,0.0377,0.0294,0.0285,-0.0713,5.79,noncurrent_plus_current,0.2,275.24,net_income,0,No change
COST,COSTCO WHOLESALE CORP /NEW,Consumer Staples,2026-06-30,2025-08-31,8,9,true,0.1284,0.0377,0.0294,0.0285,-0.0713,5.79,noncurrent_plus_current,0.2,275.24,net_income,0,No change
COST,COSTCO WHOLESALE CORP /NEW,Consumer Staples,2026-07-31,2025-08-31,8,9,true,0.1284,0.0377,0.0294,0.0285,-0.0713,5.79,noncurrent_plus_current,0.2,275.24,net_income,0,No change
COST,COSTCO WHOLESALE CORP /NEW,Consumer Staples,2026-08-31,2025-08-31,8,9,true,0.1284,0.0377,0.0294,0.0285,-0.0713,5.79,noncurrent_plus_current,0.2,275.24,net_income,0,No change
COST,COSTCO WHOLESALE CORP /NEW,Consumer Staples,2026-09-30,2025-08-31,8,9,true,0.1284,0.0377,0.0294,0.0285,-0.0713,5.79,noncurrent_plus_current,0.2,275.24,net_income,0,No change
CSCO,"CISCO SYSTEMS, INC.",Information Technology,2010-09-30,2010-07-31,5,6,false,0.6404,0.2289,0.194,0.2289,-0.0322,15.28,long_term_debt_incl_current,0.35,40.04,net_income,,No change
CSCO,"CISCO SYSTEMS, INC.",Information Technology,2010-10-31,2010-07-31,5,6,false,0.6404,0.2289,0.194,0.2289,-0.0322,15.28,long_term_debt_incl_current,0.35,40.04,net_income,0,No change
CSCO,"CISCO SYSTEMS, INC.",Information Technology,2010-11-30,2010-07-31,5,6,false,0.6404,0.2289,0.194,0.2289,-0.0322,15.28,long_term_debt_incl_current,0.35,40.04,net_income,0,No change
CSCO,"CISCO SYSTEMS, INC.",Information Technology,2010-12-31,2010-07-31,5,6,false,0.6404,0.2289,0.194,0.2289,-0.0322,15.28,long_term_debt_incl_current,0.35,40.04,net_income,0,No change
CSCO,"CISCO SYSTEMS, INC.",Information Technology,2011-01-31,2010-07-31,5,6,false,0.6404,0.2289,0.194,0.2289,-0.0322,15.28,long_term_debt_incl_current,0.35,40.04,net_income,0,No change
CSCO,"CISCO SYSTEMS, INC.",Information Technology,2011-02-28,2010-07-31,5,6,false,0.6404,0.2289,0.194,0.2289,-0.0322,15.28,long_term_debt_incl_current,0.35,40.04,net_income,0,No change
CSCO,"CISCO SYSTEMS, INC.",Information Technology,2011-03-31,2010-07-31,5,6,false,0.6404,0.2289,0.194,0.2289,-0.0322,15.28,long_term_debt_incl_current,0.35,40.04,net_income,0,No change
CSCO,"CISCO SYSTEMS, INC.",Information Technology,2011-04-30,2010-07-31,5,6,false,0.6404,0.2289,0.194,0.2289,-0.0322,15.28,long_term_debt_incl_current,0.35,40.04,net_income,0,No change
CSCO,"CISCO SYSTEMS, INC.",Information Technology,2011-05-31,2010-07-31,5,6,false,0.6404,0.2289,0.194,0.2289,-0.0322,15.23,long_term_debt_incl_current,0.34,40.04,net_income,0,No change
CSCO,"CISCO SYSTEMS, INC.",Information Technology,2011-06-30,2010-07-31,5,6,false,0.6404,0.2289,0.194,0.2289,-0.0322,15.23,long_term_debt_incl_current,0.34,40.04,net_income,0,No change
CSCO,"CISCO SYSTEMS, INC.",Information Technology,2011-07-31,2010-07-31,5,6,false,0.6404,0.2289,0.194,0.2289,-0.0322,15.23,long_term_debt_incl_current,0.34,40.04,net_income,0,No change
CSCO,"CISCO SYSTEMS, INC.",Information Technology,2011-08-31,2010-07-31,5,6,false,0.6404,0.2289,0.194,0.2289,-0.0322,15.23,long_term_debt_incl_current,0.34,40.04,net_income,0,No change
CSCO,"CISCO SYSTEMS, INC.",Information Technology,2011-09-30,2011-07-30,6,9,true,0.614,0.1776,0.1502,0.206,-0.0427,16.23,long_term_debt_incl_current,0.34,43.22,net_income,1,New annual report
CSCO,"CISCO SYSTEMS, INC.",Information Technology,2011-10-31,2011-07-30,6,9,true,0.614,0.1776,0.1502,0.206,-0.0427,16.23,long_term_debt_incl_current,0.34,43.22,net_income,0,No change
CSCO,"CISCO SYSTEMS, INC.",Information Technology,2011-11-30,2011-07-30,6,9,true,0.614,0.1776,0.1502,0.206,-0.0427,16.23,long_term_debt_incl_current,0.34,43.22,net_income,0,No change
CSCO,"CISCO SYSTEMS, INC.",Information Technology,2011-12-31,2011-07-30,6,9,true,0.614,0.1776,0.1502,0.206,-0.0427,16.23,long_term_debt_incl_current,0.34,43.22,net_income,0,No change
CSCO,"CISCO SYSTEMS, INC.",Information Technology,2012-01-31,2011-07-30,6,9,true,0.614,0.1776,0.1502,0.206,-0.0427,16.23,long_term_debt_incl_current,0.34,43.22,net_income,0,No change
CSCO,"CISCO SYSTEMS, INC.",Information Technology,2012-02-29,2011-07-30,6,9,true,0.614,0.1776,0.1502,0.206,-0.0427,16.82,long_term_debt_incl_current,0.36,43.22,net_income,0,No change
CSCO,"CISCO SYSTEMS, INC.",Information Technology,2012-03-31,2011-07-30,6,9,true,0.614,0.1776,0.1502,0.206,-0.0427,16.82,long_term_debt_incl_current,0.36,43.22,net_income,0,No change
CSCO,"CISCO SYSTEMS, INC.",Information Technology,2012-04-30,2011-07-30,6,9,true,0.614,0.1776,0.1502,0.206,-0.0427,16.82,long_term_debt_incl_current,0.36,43.22,net_income,0,No change
CSCO,"CISCO SYSTEMS, INC.",Information Technology,2012-05-31,2011-07-30,6,9,true,0.614,0.1776,0.1502,0.206,-0.0427,16.82,long_term_debt_incl_current,0.36,43.22,net_income,0,No change
CSCO,"CISCO SYSTEMS, INC.",Information Technology,2012-06-30,2011-07-30,6,9,true,0.614,0.1776,0.1502,0.206,-0.0427,16.82,long_term_debt_incl_current,0.36,43.22,net_income,0,No change
CSCO,"CISCO SYSTEMS, INC.",Information Technology,2012-07-31,2011-07-30,6,9,true,0.614,0.1776,0.1502,0.206,-0.0427,16.82,long_term_debt_incl_current,0.36,43.22,net_income,0,No change
CSCO,"CISCO SYSTEMS, INC.",Information Technology,2012-08-31,2011-07-30,6,9,true,0.614,0.1776,0.1502,0.206,-0.0427,16.82,long_term_debt_incl_current,0.36,43.22,net_income,0,No change
CSCO,"CISCO SYSTEMS, INC.",Information Technology,2012-09-30,2012-07-28,6,8,false,0.6124,0.2185,0.1746,0.225,-0.0386,16.33,noncurrent_plus_current,0.32,46.06,net_income,0,No change
CSCO,"CISCO SYSTEMS, INC.",Information Technology,2012-10-31,2012-07-28,6,8,false,0.6124,0.2185,0.1746,0.225,-0.0386,16.33,noncurrent_plus_current,0.32,46.06,net_income,0,No change
CSCO,"CISCO SYSTEMS, INC.",Information Technology,2012-11-30,2012-07-28,7,9,true,0.6124,0.2185,0.1746,0.225,-0.0386,16.33,long_term_debt_incl_current,0.32,46.06,net_income,1,Revised data for same fiscal year
CSCO,"CISCO SYSTEMS, INC.",Information Technology,2012-12-31,2012-07-28,7,9,true,0.6124,0.2185,0.1746,0.225,-0.0386,16.33,long_term_debt_incl_current,0.32,46.06,net_income,0,No change
CSCO,"CISCO SYSTEMS, INC.",Information Technology,2013-01-31,2012-07-28,7,9,true,0.6124,0.2185,0.1746,0.225,-0.0386,16.33,long_term_debt_incl_current,0.32,46.06,net_income,0,No change
CSCO,"CISCO SYSTEMS, INC.",Information Technology,2013-02-28,2012-07-28,7,9,true,0.6124,0.2185,0.1746,0.225,-0.0386,16.33,long_term_debt_incl_current,0.32,46.06,net_income,0,No change
CSCO,"CISCO SYSTEMS, INC.",Information Technology,2013-03-31,2012-07-28,7,9,true,0.6124,0.2185,0.1746,0.225,-0.0386,16.33,long_term_debt_incl_current,0.32,46.06,net_income,0,No change
CSCO,"CISCO SYSTEMS, INC.",Information Technology,2013-04-30,2012-07-28,7,9,true,0.6124,0.2185,0.1746,0.225,-0.0386,16.33,long_term_debt_incl_current,0.32,46.06,net_income,0,No change
CSCO,"CISCO SYSTEMS, INC.",Information Technology,2013-05-31,2012-07-28,7,9,true,0.6124,0.2185,0.1746,0.225,-0.0386,16.33,long_term_debt_incl_current,0.32,46.06,net_income,0,No change
CSCO,"CISCO SYSTEMS, INC.",Information Technology,2013-06-30,2012-07-28,7,9,true,0.6124,0.2185,0.1746,0.225,-0.0386,16.33,long_term_debt_incl_current,0.32,46.06,net_income,0,No change
CSCO,"CISCO SYSTEMS, INC.",Information Technology,2013-07-31,2012-07-28,7,9,true,0.6124,0.2185,0.1746,0.225,-0.0386,16.33,long_term_debt_incl_current,0.32,46.06,net_income,0,No change
CSCO,"CISCO SYSTEMS, INC.",Information Technology,2013-08-31,2012-07-28,7,9,true,0.6124,0.2185,0.1746,0.225,-0.0386,16.33,long_term_debt_incl_current,0.32,46.06,net_income,0,No change
CSCO,"CISCO SYSTEMS, INC.",Information Technology,2013-09-30,2013-07-27,7,9,true,0.6057,0.2303,0.2054,0.2414,-0.0302,16.2,long_term_debt_incl_current,0.27,48.61,net_income,0,No change
CSCO,"CISCO SYSTEMS, INC.",Information Technology,2013-10-31,2013-07-27,7,9,true,0.6057,0.2303,0.2054,0.2414,-0.0302,16.2,long_term_debt_incl_current,0.27,48.61,net_income,0,No change
CSCO,"CISCO SYSTEMS, INC.",Information Technology,2013-11-30,2013-07-27,7,9,true,0.6057,0.2303,0.2054,0.2414,-0.0302,16.2,long_term_debt_incl_current,0.27,48.61,net_income,0,No change
CSCO,"CISCO SYSTEMS, INC.",Information Technology,2013-12-31,2013-07-27,7,9,true,0.6057,0.2303,0.2054,0.2414,-0.0302,16.2,long_term_debt_incl_current,0.27,48.61,net_income,0,No change
CSCO,"CISCO SYSTEMS, INC.",Information Technology,2014-01-31,2013-07-27,7,9,true,0.6057,0.2303,0.2054,0.2414,-0.0302,16.2,long_term_debt_incl_current,0.27,48.61,net_income,0,No change
CSCO,"CISCO SYSTEMS, INC.",Information Technology,2014-02-28,2013-07-27,7,9,true,0.6057,0.2303,0.2054,0.2414,-0.0302,16.2,long_term_debt_incl_current,0.27,48.61,net_income,0,No change
CSCO,"CISCO SYSTEMS, INC.",Information Technology,2014-03-31,2013-07-27,7,9,true,0.6057,0.2303,0.2054,0.2414,-0.0302,16.2,long_term_debt_incl_current,0.27,48.61,net_income,0,No change
CSCO,"CISCO SYSTEMS, INC.",Information Technology,2014-04-30,2013-07-27,7,9,true,0.6057,0.2303,0.2054,0.2414,-0.0302,16.2,long_term_debt_incl_current,0.27,48.61,net_income,0,No change
CSCO,"CISCO SYSTEMS, INC.",Information Technology,2014-05-31,2013-07-27,7,9,true,0.6057,0.2303,0.2054,0.2414,-0.0302,16.2,long_term_debt_incl_current,0.27,48.61,net_income,0,No change
CSCO,"CISCO SYSTEMS, INC.",Information Technology,2014-06-30,2013-07-27,7,9,true,0.6057,0.2303,0.2054,0.2414,-0.0302,16.2,long_term_debt_incl_current,0.27,48.61,net_income,0,No change
CSCO,"CISCO SYSTEMS, INC.",Information Technology,2014-07-31,2013-07-27,7,9,true,0.6057,0.2303,0.2054,0.2414,-0.0302,16.2,long_term_debt_incl_current,0.27,48.61,net_income,0,No change
CSCO,"CISCO SYSTEMS, INC.",Information Technology,2014-08-31,2013-07-27,7,9,true,0.6057,0.2303,0.2054,0.2414,-0.0302,16.2,long_term_debt_incl_current,0.27,48.61,net_income,0,No change
CSCO,"CISCO SYSTEMS, INC.",Information Technology,2014-09-30,2014-07-26,3,7,false,0.5891,0.1982,0.1666,,,20.9,long_term_debt_incl_current,0.37,47.14,net_income,-4,New annual report
CSCO,"CISCO SYSTEMS, INC.",Information Technology,2014-10-31,2014-07-26,3,7,false,0.5891,0.1982,0.1666,,,20.9,long_term_debt_incl_current,0.37,47.14,net_income,0,No change
CSCO,"CISCO SYSTEMS, INC.",Information Technology,2014-11-30,2014-07-26,3,7,false,0.5891,0.1982,0.1666,,,20.9,long_term_debt_incl_current,0.37,47.14,net_income,0,No change
CSCO,"CISCO SYSTEMS, INC.",Information Technology,2014-12-31,2014-07-26,3,7,false,0.5891,0.1982,0.1666,,,20.9,long_term_debt_incl_current,0.37,47.14,net_income,0,No change
CSCO,"CISCO SYSTEMS, INC.",Information Technology,2015-01-31,2014-07-26,3,7,false,0.5891,0.1982,0.1666,,,20.9,long_term_debt_incl_current,0.37,47.14,net_income,0,No change
CSCO,"CISCO SYSTEMS, INC.",Information Technology,2015-02-28,2014-07-26,3,7,false,0.5891,0.1982,0.1666,,,20.9,long_term_debt_incl_current,0.37,47.14,net_income,0,No change
CSCO,"CISCO SYSTEMS, INC.",Information Technology,2015-03-31,2014-07-26,3,7,false,0.5891,0.1982,0.1666,,,20.9,long_term_debt_incl_current,0.37,47.14,net_income,0,No change
CSCO,"CISCO SYSTEMS, INC.",Information Technology,2015-04-30,2014-07-26,3,7,false,0.5891,0.1982,0.1666,,,20.9,long_term_debt_incl_current,0.37,47.14,net_income,0,No change
CSCO,"CISCO SYSTEMS, INC.",Information Technology,2015-05-31,2014-07-26,3,7,false,0.5891,0.1982,0.1666,,,20.9,long_term_debt_incl_current,0.37,47.14,net_income,0,No change
CSCO,"CISCO SYSTEMS, INC.",Information Technology,2015-06-30,2014-07-26,3,7,false,0.5891,0.1982,0.1666,,,20.9,long_term_debt_incl_current,0.37,47.14,net_income,0,No change
CSCO,"CISCO SYSTEMS, INC.",Information Technology,2015-07-31,2014-07-26,3,7,false,0.5891,0.1982,0.1666,,,20.9,long_term_debt_incl_current,0.37,47.14,net_income,0,No change
CSCO,"CISCO SYSTEMS, INC.",Information Technology,2015-08-31,2014-07-26,3,7,false,0.5891,0.1982,0.1666,,,20.9,long_term_debt_incl_current,0.37,47.14,net_income,0,No change
CSCO,"CISCO SYSTEMS, INC.",Information Technology,2015-09-30,2015-07-25,5,7,false,0.6038,0.2191,0.1827,,,25.35,long_term_debt_incl_current,0.42,49.16,net_income,2,New annual report
CSCO,"CISCO SYSTEMS, INC.",Information Technology,2015-10-31,2015-07-25,5,7,false,0.6038,0.2191,0.1827,,,25.35,long_term_debt_incl_current,0.42,49.16,net_income,0,No change
CSCO,"CISCO SYSTEMS, INC.",Information Technology,2015-11-30,2015-07-25,5,7,false,0.6038,0.2191,0.1827,,,25.35,long_term_debt_incl_current,0.42,49.16,net_income,0,No change
CSCO,"CISCO SYSTEMS, INC.",Information Technology,2015-12-31,2015-07-25,5,7,false,0.6038,0.2191,0.1827,,,25.35,long_term_debt_incl_current,0.42,49.16,net_income,0,No change
CSCO,"CISCO SYSTEMS, INC.",Information Technology,2016-01-31,2015-07-25,5,7,false,0.6038,0.2191,0.1827,,,25.35,long_term_debt_incl_current,0.42,49.16,net_income,0,No change
CSCO,"CISCO SYSTEMS, INC.",Information Technology,2016-02-29,2015-07-25,5,7,false,0.6038,0.2191,0.1827,,,25.35,long_term_debt_incl_current,0.42,49.16,net_income,0,No change
CSCO,"CISCO SYSTEMS, INC.",Information Technology,2016-03-31,2015-07-25,5,7,false,0.6038,0.2191,0.1827,,,25.35,long_term_debt_incl_current,0.42,49.16,net_income,0,No change
CSCO,"CISCO SYSTEMS, INC.",Information Technology,2016-04-30,2015-07-25,5,7,false,0.6038,0.2191,0.1827,,,25.35,long_term_debt_incl_current,0.42,49.16,net_income,0,No change
CSCO,"CISCO SYSTEMS, INC.",Information Technology,2016-05-31,2015-07-25,5,7,false,0.6038,0.2191,0.1827,,,25.35,long_term_debt_incl_current,0.42,49.16,net_income,0,No change
CSCO,"CISCO SYSTEMS, INC.",Information Technology,2016-06-30,2015-07-25,5,7,false,0.6038,0.2191,0.1827,,,25.35,long_term_debt_incl_current,0.42,49.16,net_income,0,No change
CSCO,"CISCO SYSTEMS, INC.",Information Technology,2016-07-31,2015-07-25,5,7,false,0.6038,0.2191,0.1827,,,25.35,long_term_debt_incl_current,0.42,49.16,net_income,0,No change
CSCO,"CISCO SYSTEMS, INC.",Information Technology,2016-08-31,2015-07-25,5,7,false,0.6038,0.2191,0.1827,,,25.35,long_term_debt_incl_current,0.42,49.16,net_income,0,No change
CSCO,"CISCO SYSTEMS, INC.",Information Technology,2016-09-30,2016-07-30,5,7,false,0.6287,0.2571,0.2181,,,28.64,long_term_debt_incl_current,0.45,49.25,net_income,0,No change
CSCO,"CISCO SYSTEMS, INC.",Information Technology,2016-10-31,2016-07-30,5,7,false,0.6287,0.2571,0.2181,,,28.64,long_term_debt_incl_current,0.45,49.25,net_income,0,No change
CSCO,"CISCO SYSTEMS, INC.",Information Technology,2016-11-30,2016-07-30,5,7,false,0.6287,0.2571,0.2181,,,28.64,long_term_debt_incl_current,0.45,49.25,net_income,0,No change
CSCO,"CISCO SYSTEMS, INC.",Information Technology,2016-12-31,2016-07-30,5,7,false,0.6287,0.2571,0.2181,,,28.64,long_term_debt_incl_current,0.45,49.25,net_income,0,No change
CSCO,"CISCO SYSTEMS, INC.",Information Technology,2017-01-31,2016-07-30,5,7,false,0.6287,0.2571,0.2181,,,28.64,long_term_debt_incl_current,0.45,49.25,net_income,0,No change
CSCO,"CISCO SYSTEMS, INC.",Information Technology,2017-02-28,2016-07-30,5,7,false,0.6287,0.2571,0.2181,,,28.64,long_term_debt_incl_current,0.45,49.25,net_income,0,No change
CSCO,"CISCO SYSTEMS, INC.",Information Technology,2017-03-31,2016-07-30,5,7,false,0.6287,0.2571,0.2181,,,28.64,long_term_debt_incl_current,0.45,49.25,net_income,0,No change
CSCO,"CISCO SYSTEMS, INC.",Information Technology,2017-04-30,2016-07-30,5,7,false,0.6287,0.2571,0.2181,,,28.64,long_term_debt_incl_current,0.45,49.25,net_income,0,No change
CSCO,"CISCO SYSTEMS, INC.",Information Technology,2017-05-31,2016-07-30,5,7,false,0.6287,0.2571,0.2181,,,28.64,long_term_debt_incl_current,0.45,49.25,net_income,0,No change
CSCO,"CISCO SYSTEMS, INC.",Information Technology,2017-06-30,2016-07-30,5,7,false,0.6287,0.2571,0.2181,,,28.64,long_term_debt_incl_current,0.45,49.25,net_income,0,No change
CSCO,"CISCO SYSTEMS, INC.",Information Technology,2017-07-31,2016-07-30,5,7,false,0.6287,0.2571,0.2181,,,28.64,long_term_debt_incl_current,0.45,49.25,net_income,0,No change
CSCO,"CISCO SYSTEMS, INC.",Information Technology,2017-08-31,2016-07-30,5,7,false,0.6287,0.2571,0.2181,,,28.64,long_term_debt_incl_current,0.45,49.25,net_income,0,No change
CSCO,"CISCO SYSTEMS, INC.",Information Technology,2017-09-30,2017-07-29,4,7,false,0.6296,0.2494,0.2002,,,30.47,long_term_debt_incl_current,0.46,48.01,net_income,-1,New annual report
CSCO,"CISCO SYSTEMS, INC.",Information Technology,2017-10-31,2017-07-29,4,7,false,0.6296,0.2494,0.2002,,,30.47,long_term_debt_incl_current,0.46,48.01,net_income,0,No change
CSCO,"CISCO SYSTEMS, INC.",Information Technology,2017-11-30,2017-07-29,4,7,false,0.6296,0.2494,0.2002,,,30.47,long_term_debt_incl_current,0.46,48.01,net_income,0,No change
CSCO,"CISCO SYSTEMS, INC.",Information Technology,2017-12-31,2017-07-29,4,7,false,0.6296,0.2494,0.2002,,,30.47,long_term_debt_incl_current,0.46,48.01,net_income,0,No change
CSCO,"CISCO SYSTEMS, INC.",Information Technology,2018-01-31,2017-07-29,4,7,false,0.6296,0.2494,0.2002,,,30.47,long_term_debt_incl_current,0.46,48.01,net_income,0,No change
CSCO,"CISCO SYSTEMS, INC.",Information Technology,2018-02-28,2017-07-29,4,7,false,0.6296,0.2494,0.2002,,,30.47,long_term_debt_incl_current,0.46,48.01,net_income,0,No change
CSCO,"CISCO SYSTEMS, INC.",Information Technology,2018-03-31,2017-07-29,4,7,false,0.6296,0.2494,0.2002,,,30.47,long_term_debt_incl_current,0.46,48.01,net_income,0,No change
CSCO,"CISCO SYSTEMS, INC.",Information Technology,2018-04-30,2017-07-29,4,7,false,0.6296,0.2494,0.2002,,,30.47,long_term_debt_incl_current,0.46,48.01,net_income,0,No change
CSCO,"CISCO SYSTEMS, INC.",Information Technology,2018-05-31,2017-07-29,4,7,false,0.6296,0.2494,0.2002,,,30.47,long_term_debt_incl_current,0.46,48.01,net_income,0,No change
CSCO,"CISCO SYSTEMS, INC.",Information Technology,2018-06-30,2017-07-29,4,7,false,0.6296,0.2494,0.2002,,,30.47,long_term_debt_incl_current,0.46,48.01,net_income,0,No change
CSCO,"CISCO SYSTEMS, INC.",Information Technology,2018-07-31,2017-07-29,4,7,false,0.6296,0.2494,0.2002,,,30.47,long_term_debt_incl_current,0.46,48.01,net_income,0,No change
CSCO,"CISCO SYSTEMS, INC.",Information Technology,2018-08-31,2017-07-29,4,7,false,0.6296,0.2494,0.2002,,,30.47,long_term_debt_incl_current,0.46,48.01,net_income,0,No change
CSCO,"CISCO SYSTEMS, INC.",Information Technology,2018-09-30,2018-07-28,5,9,true,0.6204,0.2495,0.0022,0.2601,-0.1136,25.57,long_term_debt_incl_current,0.59,49.33,net_income,1,New annual report
CSCO,"CISCO SYSTEMS, INC.",Information Technology,2018-10-31,2018-07-28,5,9,true,0.6204,0.2495,0.0022,0.2601,-0.1136,25.57,long_term_debt_incl_current,0.59,49.33,net_income,0,No change
CSCO,"CISCO SYSTEMS, INC.",Information Technology,2018-11-30,2018-07-28,5,9,true,0.6204,0.2495,0.0022,0.2601,-0.1136,25.57,long_term_debt_incl_current,0.59,49.33,net_income,0,No change
CSCO,"CISCO SYSTEMS, INC.",Information Technology,2018-12-31,2018-07-28,5,9,true,0.6204,0.2495,0.0022,0.2601,-0.1136,25.57,long_term_debt_incl_current,0.59,49.33,net_income,0,No change
CSCO,"CISCO SYSTEMS, INC.",Information Technology,2019-01-31,2018-07-28,5,9,true,0.6204,0.2495,0.0022,0.2601,-0.1136,25.57,long_term_debt_incl_current,0.59,49.33,net_income,0,No change
CSCO,"CISCO SYSTEMS, INC.",Information Technology,2019-02-28,2018-07-28,5,9,true,0.6204,0.2495,0.0022,0.2601,-0.1136,25.57,long_term_debt_incl_current,0.59,49.33,net_income,0,No change
CSCO,"CISCO SYSTEMS, INC.",Information Technology,2019-03-31,2018-07-28,5,9,true,0.6204,0.2495,0.0022,0.2601,-0.1136,25.57,long_term_debt_incl_current,0.59,49.33,net_income,0,No change
CSCO,"CISCO SYSTEMS, INC.",Information Technology,2019-04-30,2018-07-28,5,9,true,0.6204,0.2495,0.0022,0.2601,-0.1136,25.57,long_term_debt_incl_current,0.59,49.33,net_income,0,No change
CSCO,"CISCO SYSTEMS, INC.",Information Technology,2019-05-31,2018-07-28,5,9,true,0.6204,0.2495,0.0022,0.2601,-0.1136,25.57,long_term_debt_incl_current,0.59,49.33,net_income,0,No change
CSCO,"CISCO SYSTEMS, INC.",Information Technology,2019-06-30,2018-07-28,5,9,true,0.6204,0.2495,0.0022,0.2601,-0.1136,25.57,long_term_debt_incl_current,0.59,49.33,net_income,0,No change
CSCO,"CISCO SYSTEMS, INC.",Information Technology,2019-07-31,2018-07-28,5,9,true,0.6204,0.2495,0.0022,0.2601,-0.1136,25.57,long_term_debt_incl_current,0.59,49.33,net_income,0,No change
CSCO,"CISCO SYSTEMS, INC.",Information Technology,2019-08-31,2018-07-28,5,9,true,0.6204,0.2495,0.0022,0.2601,-0.1136,25.57,long_term_debt_incl_current,0.59,49.33,net_income,0,No change
CSCO,"CISCO SYSTEMS, INC.",Information Technology,2019-09-30,2019-07-27,8,9,true,0.6294,0.2739,0.2239,0.2875,-0.0408,20.47,long_term_debt_incl_current,0.61,51.9,net_income,3,New annual report
CSCO,"CISCO SYSTEMS, INC.",Information Technology,2019-10-31,2019-07-27,8,9,true,0.6294,0.2739,0.2239,0.2875,-0.0408,20.47,long_term_debt_incl_current,0.61,51.9,net_income,0,No change
CSCO,"CISCO SYSTEMS, INC.",Information Technology,2019-11-30,2019-07-27,8,9,true,0.6294,0.2739,0.2239,0.2875,-0.0408,20.47,long_term_debt_incl_current,0.61,51.9,net_income,0,No change
CSCO,"CISCO SYSTEMS, INC.",Information Technology,2019-12-31,2019-07-27,8,9,true,0.6294,0.2739,0.2239,0.2875,-0.0408,20.47,long_term_debt_incl_current,0.61,51.9,net_income,0,No change
CSCO,"CISCO SYSTEMS, INC.",Information Technology,2020-01-31,2019-07-27,8,9,true,0.6294,0.2739,0.2239,0.2875,-0.0408,20.47,long_term_debt_incl_current,0.61,51.9,net_income,0,No change
CSCO,"CISCO SYSTEMS, INC.",Information Technology,2020-02-29,2019-07-27,8,9,true,0.6294,0.2739,0.2239,0.2875,-0.0408,20.47,long_term_debt_incl_current,0.61,51.9,net_income,0,No change
CSCO,"CISCO SYSTEMS, INC.",Information Technology,2020-03-31,2019-07-27,8,9,true,0.6294,0.2739,0.2239,0.2875,-0.0408,20.47,long_term_debt_incl_current,0.61,51.9,net_income,0,No change
CSCO,"CISCO SYSTEMS, INC.",Information Technology,2020-04-30,2019-07-27,8,9,true,0.6294,0.2739,0.2239,0.2875,-0.0408,20.47,long_term_debt_incl_current,0.61,51.9,net_income,0,No change
CSCO,"CISCO SYSTEMS, INC.",Information Technology,2020-05-31,2019-07-27,8,9,true,0.6294,0.2739,0.2239,0.2875,-0.0408,20.47,long_term_debt_incl_current,0.61,51.9,net_income,0,No change
CSCO,"CISCO SYSTEMS, INC.",Information Technology,2020-06-30,2019-07-27,8,9,true,0.6294,0.2739,0.2239,0.2875,-0.0408,20.47,long_term_debt_incl_current,0.61,51.9,net_income,0,No change
CSCO,"CISCO SYSTEMS, INC.",Information Technology,2020-07-31,2019-07-27,8,9,true,0.6294,0.2739,0.2239,0.2875,-0.0408,20.47,long_term_debt_incl_current,0.61,51.9,net_income,0,No change
CSCO,"CISCO SYSTEMS, INC.",Information Technology,2020-08-31,2019-07-27,8,9,true,0.6294,0.2739,0.2239,0.2875,-0.0408,20.47,long_term_debt_incl_current,0.61,51.9,net_income,0,No change
CSCO,"CISCO SYSTEMS, INC.",Information Technology,2020-09-30,2020-07-25,9,9,true,0.6426,0.2763,0.2275,0.2973,-0.0437,14.58,long_term_debt_incl_current,0.38,49.3,net_income,1,New annual report
CSCO,"CISCO SYSTEMS, INC.",Information Technology,2020-10-31,2020-07-25,9,9,true,0.6426,0.2763,0.2275,0.2973,-0.0437,14.58,long_term_debt_incl_current,0.38,49.3,net_income,0,No change
CSCO,"CISCO SYSTEMS, INC.",Information Technology,2020-11-30,2020-07-25,9,9,true,0.6426,0.2763,0.2275,0.2973,-0.0437,14.58,long_term_debt_incl_current,0.38,49.3,net_income,0,No change
CSCO,"CISCO SYSTEMS, INC.",Information Technology,2020-12-31,2020-07-25,9,9,true,0.6426,0.2763,0.2275,0.2973,-0.0437,14.58,long_term_debt_incl_current,0.38,49.3,net_income,0,No change
CSCO,"CISCO SYSTEMS, INC.",Information Technology,2021-01-31,2020-07-25,9,9,true,0.6426,0.2763,0.2275,0.2973,-0.0437,14.58,long_term_debt_incl_current,0.38,49.3,net_income,0,No change
CSCO,"CISCO SYSTEMS, INC.",Information Technology,2021-02-28,2020-07-25,9,9,true,0.6426,0.2763,0.2275,0.2973,-0.0437,14.58,long_term_debt_incl_current,0.38,49.3,net_income,0,No change
CSCO,"CISCO SYSTEMS, INC.",Information Technology,2021-03-31,2020-07-25,9,9,true,0.6426,0.2763,0.2275,0.2973,-0.0437,14.58,long_term_debt_incl_current,0.38,49.3,net_income,0,No change
CSCO,"CISCO SYSTEMS, INC.",Information Technology,2021-04-30,2020-07-25,9,9,true,0.6426,0.2763,0.2275,0.2973,-0.0437,14.58,long_term_debt_incl_current,0.38,49.3,net_income,0,No change
CSCO,"CISCO SYSTEMS, INC.",Information Technology,2021-05-31,2020-07-25,9,9,true,0.6426,0.2763,0.2275,0.2973,-0.0437,14.58,long_term_debt_incl_current,0.38,49.3,net_income,0,No change
CSCO,"CISCO SYSTEMS, INC.",Information Technology,2021-06-30,2020-07-25,9,9,true,0.6426,0.2763,0.2275,0.2973,-0.0437,14.58,long_term_debt_incl_current,0.38,49.3,net_income,0,No change
CSCO,"CISCO SYSTEMS, INC.",Information Technology,2021-07-31,2020-07-25,9,9,true,0.6426,0.2763,0.2275,0.2973,-0.0437,14.58,long_term_debt_incl_current,0.38,49.3,net_income,0,No change
CSCO,"CISCO SYSTEMS, INC.",Information Technology,2021-08-31,2020-07-25,9,9,true,0.6426,0.2763,0.2275,0.2973,-0.0437,14.58,long_term_debt_incl_current,0.38,49.3,net_income,0,No change
CSCO,"CISCO SYSTEMS, INC.",Information Technology,2021-09-30,2021-07-31,6,9,true,0.6402,0.2576,0.2126,0.2963,-0.0506,11.53,long_term_debt_incl_current,0.28,49.82,net_income,-3,New annual report
CSCO,"CISCO SYSTEMS, INC.",Information Technology,2021-10-31,2021-07-31,6,9,true,0.6402,0.2576,0.2126,0.2963,-0.0506,11.53,long_term_debt_incl_current,0.28,49.82,net_income,0,No change
CSCO,"CISCO SYSTEMS, INC.",Information Technology,2021-11-30,2021-07-31,6,9,true,0.6402,0.2576,0.2126,0.2963,-0.0506,11.53,long_term_debt_incl_current,0.28,49.82,net_income,0,No change
CSCO,"CISCO SYSTEMS, INC.",Information Technology,2021-12-31,2021-07-31,6,9,true,0.6402,0.2576,0.2126,0.2963,-0.0506,11.53,long_term_debt_incl_current,0.28,49.82,net_income,0,No change
CSCO,"CISCO SYSTEMS, INC.",Information Technology,2022-01-31,2021-07-31,6,9,true,0.6402,0.2576,0.2126,0.2963,-0.0506,11.53,long_term_debt_incl_current,0.28,49.82,net_income,0,No change
CSCO,"CISCO SYSTEMS, INC.",Information Technology,2022-02-28,2021-07-31,6,9,true,0.6402,0.2576,0.2126,0.2963,-0.0506,11.53,long_term_debt_incl_current,0.28,49.82,net_income,0,No change
CSCO,"CISCO SYSTEMS, INC.",Information Technology,2022-03-31,2021-07-31,6,9,true,0.6402,0.2576,0.2126,0.2963,-0.0506,11.53,long_term_debt_incl_current,0.28,49.82,net_income,0,No change
CSCO,"CISCO SYSTEMS, INC.",Information Technology,2022-04-30,2021-07-31,6,9,true,0.6402,0.2576,0.2126,0.2963,-0.0506,11.53,long_term_debt_incl_current,0.28,49.82,net_income,0,No change
CSCO,"CISCO SYSTEMS, INC.",Information Technology,2022-05-31,2021-07-31,6,9,true,0.6402,0.2576,0.2126,0.2963,-0.0506,11.53,long_term_debt_incl_current,0.28,49.82,net_income,0,No change
CSCO,"CISCO SYSTEMS, INC.",Information Technology,2022-06-30,2021-07-31,6,9,true,0.6402,0.2576,0.2126,0.2963,-0.0506,11.53,long_term_debt_incl_current,0.28,49.82,net_income,0,No change
CSCO,"CISCO SYSTEMS, INC.",Information Technology,2022-07-31,2021-07-31,6,9,true,0.6402,0.2576,0.2126,0.2963,-0.0506,11.53,long_term_debt_incl_current,0.28,49.82,net_income,0,No change
CSCO,"CISCO SYSTEMS, INC.",Information Technology,2022-08-31,2021-07-31,6,9,true,0.6402,0.2576,0.2126,0.2963,-0.0506,11.53,long_term_debt_incl_current,0.28,49.82,net_income,0,No change
CSCO,"CISCO SYSTEMS, INC.",Information Technology,2022-09-30,2022-07-30,7,9,true,0.6255,0.2709,0.2291,0.2473,-0.0148,8.91,long_term_debt_incl_current,0.22,51.56,net_income,1,New annual report
CSCO,"CISCO SYSTEMS, INC.",Information Technology,2022-10-31,2022-07-30,7,9,true,0.6255,0.2709,0.2291,0.2473,-0.0148,8.91,long_term_debt_incl_current,0.22,51.56,net_income,0,No change
CSCO,"CISCO SYSTEMS, INC.",Information Technology,2022-11-30,2022-07-30,7,9,true,0.6255,0.2709,0.2291,0.2473,-0.0148,8.91,long_term_debt_incl_current,0.22,51.56,net_income,0,No change
CSCO,"CISCO SYSTEMS, INC.",Information Technology,2022-12-31,2022-07-30,7,9,true,0.6255,0.2709,0.2291,0.2473,-0.0148,8.91,long_term_debt_incl_current,0.22,51.56,net_income,0,No change
CSCO,"CISCO SYSTEMS, INC.",Information Technology,2023-01-31,2022-07-30,7,9,true,0.6255,0.2709,0.2291,0.2473,-0.0148,8.91,long_term_debt_incl_current,0.22,51.56,net_income,0,No change
CSCO,"CISCO SYSTEMS, INC.",Information Technology,2023-02-28,2022-07-30,7,9,true,0.6255,0.2709,0.2291,0.2473,-0.0148,8.91,long_term_debt_incl_current,0.22,51.56,net_income,0,No change
CSCO,"CISCO SYSTEMS, INC.",Information Technology,2023-03-31,2022-07-30,7,9,true,0.6255,0.2709,0.2291,0.2473,-0.0148,8.91,long_term_debt_incl_current,0.22,51.56,net_income,0,No change
CSCO,"CISCO SYSTEMS, INC.",Information Technology,2023-04-30,2022-07-30,7,9,true,0.6255,0.2709,0.2291,0.2473,-0.0148,8.91,long_term_debt_incl_current,0.22,51.56,net_income,0,No change
CSCO,"CISCO SYSTEMS, INC.",Information Technology,2023-05-31,2022-07-30,7,9,true,0.6255,0.2709,0.2291,0.2473,-0.0148,8.91,long_term_debt_incl_current,0.22,51.56,net_income,0,No change
CSCO,"CISCO SYSTEMS, INC.",Information Technology,2023-06-30,2022-07-30,7,9,true,0.6255,0.2709,0.2291,0.2473,-0.0148,8.91,long_term_debt_incl_current,0.22,51.56,net_income,0,No change
CSCO,"CISCO SYSTEMS, INC.",Information Technology,2023-07-31,2022-07-30,7,9,true,0.6255,0.2709,0.2291,0.2473,-0.0148,8.91,long_term_debt_incl_current,0.22,51.56,net_income,0,No change
CSCO,"CISCO SYSTEMS, INC.",Information Technology,2023-08-31,2022-07-30,7,9,true,0.6255,0.2709,0.2291,0.2473,-0.0148,8.91,long_term_debt_incl_current,0.22,51.56,net_income,0,No change
CSCO,"CISCO SYSTEMS, INC.",Information Technology,2023-09-30,2023-07-29,8,9,true,0.6273,0.2637,0.2213,0.334,-0.0743,8.39,long_term_debt_incl_current,0.19,57.0,net_income,1,New annual report
CSCO,"CISCO SYSTEMS, INC.",Information Technology,2023-10-31,2023-07-29,8,9,true,0.6273,0.2637,0.2213,0.334,-0.0743,8.39,long_term_debt_incl_current,0.19,57.0,net_income,0,No change
CSCO,"CISCO SYSTEMS, INC.",Information Technology,2023-11-30,2023-07-29,8,9,true,0.6273,0.2637,0.2213,0.334,-0.0743,8.39,long_term_debt_incl_current,0.19,57.0,net_income,0,No change
CSCO,"CISCO SYSTEMS, INC.",Information Technology,2023-12-31,2023-07-29,8,9,true,0.6273,0.2637,0.2213,0.334,-0.0743,8.39,long_term_debt_incl_current,0.19,57.0,net_income,0,No change
CSCO,"CISCO SYSTEMS, INC.",Information Technology,2024-01-31,2023-07-29,8,9,true,0.6273,0.2637,0.2213,0.334,-0.0743,8.39,long_term_debt_incl_current,0.19,57.0,net_income,0,No change
CSCO,"CISCO SYSTEMS, INC.",Information Technology,2024-02-29,2023-07-29,8,9,true,0.6273,0.2637,0.2213,0.334,-0.0743,8.39,long_term_debt_incl_current,0.19,57.0,net_income,0,No change
CSCO,"CISCO SYSTEMS, INC.",Information Technology,2024-03-31,2023-07-29,8,9,true,0.6273,0.2637,0.2213,0.334,-0.0743,8.39,long_term_debt_incl_current,0.19,57.0,net_income,0,No change
CSCO,"CISCO SYSTEMS, INC.",Information Technology,2024-04-30,2023-07-29,8,9,true,0.6273,0.2637,0.2213,0.334,-0.0743,8.39,long_term_debt_incl_current,0.19,57.0,net_income,0,No change
CSCO,"CISCO SYSTEMS, INC.",Information Technology,2024-05-31,2023-07-29,8,9,true,0.6273,0.2637,0.2213,0.334,-0.0743,8.39,long_term_debt_incl_current,0.19,57.0,net_income,0,No change
CSCO,"CISCO SYSTEMS, INC.",Information Technology,2024-06-30,2023-07-29,8,9,true,0.6273,0.2637,0.2213,0.334,-0.0743,8.39,long_term_debt_incl_current,0.19,57.0,net_income,0,No change
CSCO,"CISCO SYSTEMS, INC.",Information Technology,2024-07-31,2023-07-29,8,9,true,0.6273,0.2637,0.2213,0.334,-0.0743,8.39,long_term_debt_incl_current,0.19,57.0,net_income,0,No change
CSCO,"CISCO SYSTEMS, INC.",Information Technology,2024-08-31,2023-07-29,8,9,true,0.6273,0.2637,0.2213,0.334,-0.0743,8.39,long_term_debt_incl_current,0.19,57.0,net_income,0,No change
CSCO,"CISCO SYSTEMS, INC.",Information Technology,2024-09-30,2024-07-27,5,9,true,0.6473,0.2264,0.1918,0.1898,-0.0049,20.11,long_term_debt_incl_current,0.44,53.8,net_income,-3,New annual report
CSCO,"CISCO SYSTEMS, INC.",Information Technology,2024-10-31,2024-07-27,5,9,true,0.6473,0.2264,0.1918,0.1898,-0.0049,20.11,long_term_debt_incl_current,0.44,53.8,net_income,0,No change
CSCO,"CISCO SYSTEMS, INC.",Information Technology,2024-11-30,2024-07-27,5,9,true,0.6473,0.2264,0.1918,0.1898,-0.0049,20.11,long_term_debt_incl_current,0.44,53.8,net_income,0,No change
CSCO,"CISCO SYSTEMS, INC.",Information Technology,2024-12-31,2024-07-27,5,9,true,0.6473,0.2264,0.1918,0.1898,-0.0049,20.11,long_term_debt_incl_current,0.44,53.8,net_income,0,No change
CSCO,"CISCO SYSTEMS, INC.",Information Technology,2025-01-31,2024-07-27,5,9,true,0.6473,0.2264,0.1918,0.1898,-0.0049,20.11,long_term_debt_incl_current,0.44,53.8,net_income,0,No change
CSCO,"CISCO SYSTEMS, INC.",Information Technology,2025-02-28,2024-07-27,5,9,true,0.6473,0.2264,0.1918,0.1898,-0.0049,20.11,long_term_debt_incl_current,0.44,53.8,net_income,0,No change
CSCO,"CISCO SYSTEMS, INC.",Information Technology,2025-03-31,2024-07-27,5,9,true,0.6473,0.2264,0.1918,0.1898,-0.0049,20.11,long_term_debt_incl_current,0.44,53.8,net_income,0,No change
CSCO,"CISCO SYSTEMS, INC.",Information Technology,2025-04-30,2024-07-27,5,9,true,0.6473,0.2264,0.1918,0.1898,-0.0049,20.11,long_term_debt_incl_current,0.44,53.8,net_income,0,No change
CSCO,"CISCO SYSTEMS, INC.",Information Technology,2025-05-31,2024-07-27,5,9,true,0.6473,0.2264,0.1918,0.1898,-0.0049,20.11,long_term_debt_incl_current,0.44,53.8,net_income,0,No change
CSCO,"CISCO SYSTEMS, INC.",Information Technology,2025-06-30,2024-07-27,5,9,true,0.6473,0.2264,0.1918,0.1898,-0.0049,20.11,long_term_debt_incl_current,0.44,53.8,net_income,0,No change
CSCO,"CISCO SYSTEMS, INC.",Information Technology,2025-07-31,2024-07-27,5,9,true,0.6473,0.2264,0.1918,0.1898,-0.0049,20.11,long_term_debt_incl_current,0.44,53.8,net_income,0,No change
CSCO,"CISCO SYSTEMS, INC.",Information Technology,2025-08-31,2024-07-27,5,9,true,0.6473,0.2264,0.1918,0.1898,-0.0049,20.11,long_term_debt_incl_current,0.44,53.8,net_income,0,No change
CSCO,"CISCO SYSTEMS, INC.",Information Technology,2025-09-30,2025-07-26,6,9,true,0.6494,0.2076,0.1797,0.2345,-0.0325,24.61,long_term_debt_incl_current,0.53,56.65,net_income,1,New annual report
CSCO,"CISCO SYSTEMS, INC.",Information Technology,2025-10-31,2025-07-26,6,9,true,0.6494,0.2076,0.1797,0.2345,-0.0325,24.61,long_term_debt_incl_current,0.53,56.65,net_income,0,No change
CSCO,"CISCO SYSTEMS, INC.",Information Technology,2025-11-30,2025-07-26,6,9,true,0.6494,0.2076,0.1797,0.2345,-0.0325,24.61,long_term_debt_incl_current,0.53,56.65,net_income,0,No change
CSCO,"CISCO SYSTEMS, INC.",Information Technology,2025-12-31,2025-07-26,6,9,true,0.6494,0.2076,0.1797,0.2345,-0.0325,24.61,long_term_debt_incl_current,0.53,56.65,net_income,0,No change
CSCO,"CISCO SYSTEMS, INC.",Information Technology,2026-01-31,2025-07-26,6,9,true,0.6494,0.2076,0.1797,0.2345,-0.0325,24.61,long_term_debt_incl_current,0.53,56.65,net_income,0,No change
CSCO,"CISCO SYSTEMS, INC.",Information Technology,2026-02-28,2025-07-26,6,9,true,0.6494,0.2076,0.1797,0.2345,-0.0325,24.61,long_term_debt_incl_current,0.53,56.65,net_income,0,No change
CSCO,"CISCO SYSTEMS, INC.",Information Technology,2026-03-31,2025-07-26,6,9,true,0.6494,0.2076,0.1797,0.2345,-0.0325,24.61,long_term_debt_incl_current,0.53,56.65,net_income,0,No change
CSCO,"CISCO SYSTEMS, INC.",Information Technology,2026-04-30,2025-07-26,6,9,true,0.6494,0.2076,0.1797,0.2345,-0.0325,24.61,long_term_debt_incl_current,0.53,56.65,net_income,0,No change
CSCO,"CISCO SYSTEMS, INC.",Information Technology,2026-05-31,2025-07-26,6,9,true,0.6494,0.2076,0.1797,0.2345,-0.0325,24.61,long_term_debt_incl_current,0.53,56.65,net_income,0,No change
CSCO,"CISCO SYSTEMS, INC.",Information Technology,2026-06-30,2025-07-26,6,9,true,0.6494,0.2076,0.1797,0.2345,-0.0325,24.61,long_term_debt_incl_current,0.53,56.65,net_income,0,No change
CSCO,"CISCO SYSTEMS, INC.",Information Technology,2026-07-31,2025-07-26,6,9,true,0.6494,0.2076,0.1797,0.2345,-0.0325,24.61,long_term_debt_incl_current,0.53,56.65,net_income,0,No change
CSCO,"CISCO SYSTEMS, INC.",Information Technology,2026-08-31,2025-07-26,6,9,true,0.6494,0.2076,0.1797,0.2345,-0.0325,24.61,long_term_debt_incl_current,0.53,56.65,net_income,0,No change
CSCO,"CISCO SYSTEMS, INC.",Information Technology,2026-09-30,2026-07-25,7,9,true,0.6452,0.2427,0.2095,0.2016,-0.0072,22.87,long_term_debt_incl_current,0.45,63.33,net_income,1,New annual report
CVX,Chevron Corp,Energy,2010-02-28,2009-12-31,4,4,false,,,0.0611,,-0.0546,10.21,noncurrent_plus_current,0.11,171.64,net_income,,No change
CVX,Chevron Corp,Energy,2010-03-31,2009-12-31,4,4,false,,,0.0611,,-0.0546,10.21,noncurrent_plus_current,0.11,171.64,net_income,0,No change
CVX,Chevron Corp,Energy,2010-04-30,2009-12-31,4,4,false,,,0.0611,,-0.0546,10.21,noncurrent_plus_current,0.11,171.64,net_income,0,No change
CVX,Chevron Corp,Energy,2010-05-31,2009-12-31,4,4,false,,,0.0611,,-0.0546,10.21,noncurrent_plus_current,0.11,171.64,net_income,0,No change
CVX,Chevron Corp,Energy,2010-06-30,2009-12-31,4,4,false,,,0.0611,,-0.0546,10.21,noncurrent_plus_current,0.11,171.64,net_income,0,No change
CVX,Chevron Corp,Energy,2010-07-31,2009-12-31,4,4,false,,,0.0611,,-0.0546,10.21,noncurrent_plus_current,0.11,171.64,net_income,0,No change
CVX,Chevron Corp,Energy,2010-08-31,2009-12-31,4,4,false,,,0.0611,,-0.0546,10.21,noncurrent_plus_current,0.11,171.64,net_income,0,No change
CVX,Chevron Corp,Energy,2010-09-30,2009-12-31,4,4,false,,,0.0611,,-0.0546,10.21,noncurrent_plus_current,0.11,171.64,net_income,0,No change
CVX,Chevron Corp,Energy,2010-10-31,2009-12-31,4,4,false,,,0.0611,,-0.0546,10.21,noncurrent_plus_current,0.11,171.64,net_income,0,No change
CVX,Chevron Corp,Energy,2010-11-30,2009-12-31,4,4,false,,,0.0611,,-0.0546,10.21,noncurrent_plus_current,0.11,171.64,net_income,0,No change
CVX,Chevron Corp,Energy,2010-12-31,2009-12-31,4,4,false,,,0.0611,,-0.0546,10.21,noncurrent_plus_current,0.11,171.64,net_income,0,No change
CVX,Chevron Corp,Energy,2011-01-31,2009-12-31,4,4,false,,,0.0611,,-0.0546,10.21,noncurrent_plus_current,0.11,171.64,net_income,0,No change
CVX,Chevron Corp,Energy,2011-02-28,2010-12-31,7,8,false,,,0.0928,,-0.0706,5.82,long_term_debt_incl_current,0.06,204.93,net_income,3,New annual report
CVX,Chevron Corp,Energy,2011-03-31,2010-12-31,7,8,false,,,0.0928,,-0.0706,5.82,long_term_debt_incl_current,0.06,204.93,net_income,0,No change
CVX,Chevron Corp,Energy,2011-04-30,2010-12-31,7,8,false,,,0.0928,,-0.0706,5.82,long_term_debt_incl_current,0.06,204.93,net_income,0,No change
CVX,Chevron Corp,Energy,2011-05-31,2010-12-31,7,8,false,,,0.0928,,-0.0706,5.82,long_term_debt_incl_current,0.06,204.93,net_income,0,No change
CVX,Chevron Corp,Energy,2011-06-30,2010-12-31,7,8,false,,,0.0928,,-0.0706,5.82,long_term_debt_incl_current,0.06,204.93,net_income,0,No change
CVX,Chevron Corp,Energy,2011-07-31,2010-12-31,7,8,false,,,0.0928,,-0.0706,5.82,long_term_debt_incl_current,0.06,204.93,net_income,0,No change
CVX,Chevron Corp,Energy,2011-08-31,2010-12-31,7,8,false,,,0.0928,,-0.0706,5.82,long_term_debt_incl_current,0.06,204.93,net_income,0,No change
CVX,Chevron Corp,Energy,2011-09-30,2010-12-31,7,8,false,,,0.0928,,-0.0706,5.82,long_term_debt_incl_current,0.06,204.93,net_income,0,No change
CVX,Chevron Corp,Energy,2011-10-31,2010-12-31,7,8,false,,,0.0928,,-0.0706,5.82,long_term_debt_incl_current,0.06,204.93,net_income,0,No change
CVX,Chevron Corp,Energy,2011-11-30,2010-12-31,7,8,false,,,0.0928,,-0.0706,5.82,long_term_debt_incl_current,0.06,204.93,net_income,0,No change
CVX,Chevron Corp,Energy,2011-12-31,2010-12-31,7,8,false,,,0.0928,,-0.0706,5.82,long_term_debt_incl_current,0.06,204.93,net_income,0,No change
CVX,Chevron Corp,Energy,2012-01-31,2010-12-31,7,8,false,,,0.0928,,-0.0706,5.82,long_term_debt_incl_current,0.06,204.93,net_income,0,No change
CVX,Chevron Corp,Energy,2012-02-29,2011-12-31,7,8,false,,,0.106,,-0.0721,4.44,long_term_debt_incl_current,0.04,253.71,net_income,0,No change
CVX,Chevron Corp,Energy,2012-03-31,2011-12-31,7,8,false,,,0.106,,-0.0721,4.44,long_term_debt_incl_current,0.04,253.71,net_income,0,No change
CVX,Chevron Corp,Energy,2012-04-30,2011-12-31,7,8,false,,,0.106,,-0.0721,4.44,long_term_debt_incl_current,0.04,253.71,net_income,0,No change
CVX,Chevron Corp,Energy,2012-05-31,2011-12-31,7,8,false,,,0.106,,-0.0721,4.44,long_term_debt_incl_current,0.04,253.71,net_income,0,No change
CVX,Chevron Corp,Energy,2012-06-30,2011-12-31,7,8,false,,,0.106,,-0.0721,4.44,long_term_debt_incl_current,0.04,253.71,net_income,0,No change
CVX,Chevron Corp,Energy,2012-07-31,2011-12-31,7,8,false,,,0.106,,-0.0721,4.44,long_term_debt_incl_current,0.04,253.71,net_income,0,No change
CVX,Chevron Corp,Energy,2012-08-31,2011-12-31,7,8,false,,,0.106,,-0.0721,4.44,long_term_debt_incl_current,0.04,253.71,net_income,0,No change
CVX,Chevron Corp,Energy,2012-09-30,2011-12-31,7,8,false,,,0.106,,-0.0721,4.44,long_term_debt_incl_current,0.04,253.71,net_income,0,No change
CVX,Chevron Corp,Energy,2012-10-31,2011-12-31,7,8,false,,,0.106,,-0.0721,4.44,long_term_debt_incl_current,0.04,253.71,net_income,0,No change
CVX,Chevron Corp,Energy,2012-11-30,2011-12-31,7,8,false,,,0.106,,-0.0721,4.44,long_term_debt_incl_current,0.04,253.71,net_income,0,No change
CVX,Chevron Corp,Energy,2012-12-31,2011-12-31,7,8,false,,,0.106,,-0.0721,4.44,long_term_debt_incl_current,0.04,253.71,net_income,0,No change
CVX,Chevron Corp,Energy,2013-01-31,2011-12-31,7,8,false,,,0.106,,-0.0721,4.44,long_term_debt_incl_current,0.04,253.71,net_income,0,No change
CVX,Chevron Corp,Energy,2013-02-28,2012-12-31,5,8,false,,,0.1082,,-0.0571,6.21,long_term_debt_incl_current,0.05,241.91,net_income,-2,New annual report
CVX,Chevron Corp,Energy,2013-03-31,2012-12-31,5,8,false,,,0.1082,,-0.0571,6.21,long_term_debt_incl_current,0.05,241.91,net_income,0,No change
CVX,Chevron Corp,Energy,2013-04-30,2012-12-31,5,8,false,,,0.1082,,-0.0571,6.21,long_term_debt_incl_current,0.05,241.91,net_income,0,No change
CVX,Chevron Corp,Energy,2013-05-31,2012-12-31,5,8,false,,,0.1082,,-0.0571,6.21,long_term_debt_incl_current,0.05,241.91,net_income,0,No change
CVX,Chevron Corp,Energy,2013-06-30,2012-12-31,5,8,false,,,0.1082,,-0.0571,6.21,long_term_debt_incl_current,0.05,241.91,net_income,0,No change
CVX,Chevron Corp,Energy,2013-07-31,2012-12-31,5,8,false,,,0.1082,,-0.0571,6.21,long_term_debt_incl_current,0.05,241.91,net_income,0,No change
CVX,Chevron Corp,Energy,2013-08-31,2012-12-31,5,8,false,,,0.1082,,-0.0571,6.21,long_term_debt_incl_current,0.05,241.91,net_income,0,No change
CVX,Chevron Corp,Energy,2013-09-30,2012-12-31,5,8,false,,,0.1082,,-0.0571,6.21,long_term_debt_incl_current,0.05,241.91,net_income,0,No change
CVX,Chevron Corp,Energy,2013-10-31,2012-12-31,5,8,false,,,0.1082,,-0.0571,6.21,long_term_debt_incl_current,0.05,241.91,net_income,0,No change
CVX,Chevron Corp,Energy,2013-11-30,2012-12-31,5,8,false,,,0.1082,,-0.0571,6.21,long_term_debt_incl_current,0.05,241.91,net_income,0,No change
CVX,Chevron Corp,Energy,2013-12-31,2012-12-31,5,8,false,,,0.1082,,-0.0571,6.21,long_term_debt_incl_current,0.05,241.91,net_income,0,No change
CVX,Chevron Corp,Energy,2014-01-31,2012-12-31,5,8,false,,,0.1082,,-0.0571,6.21,long_term_debt_incl_current,0.05,241.91,net_income,0,No change
CVX,Chevron Corp,Energy,2014-02-28,2013-12-31,4,8,false,,,0.0936,,-0.0558,12.33,long_term_debt_incl_current,0.08,228.85,net_income,-1,New annual report
CVX,Chevron Corp,Energy,2014-03-31,2013-12-31,4,8,false,,,0.0936,,-0.0558,12.33,long_term_debt_incl_current,0.08,228.85,net_income,0,No change
CVX,Chevron Corp,Energy,2014-04-30,2013-12-31,4,8,false,,,0.0936,,-0.0558,12.33,long_term_debt_incl_current,0.08,228.85,net_income,0,No change
CVX,Chevron Corp,Energy,2014-05-31,2013-12-31,4,8,false,,,0.0936,,-0.0558,12.33,long_term_debt_incl_current,0.08,228.85,net_income,0,No change
CVX,Chevron Corp,Energy,2014-06-30,2013-12-31,4,8,false,,,0.0936,,-0.0558,12.33,long_term_debt_incl_current,0.08,228.85,net_income,0,No change
CVX,Chevron Corp,Energy,2014-07-31,2013-12-31,4,8,false,,,0.0936,,-0.0558,12.33,long_term_debt_incl_current,0.08,228.85,net_income,0,No change
CVX,Chevron Corp,Energy,2014-08-31,2013-12-31,4,8,false,,,0.0936,,-0.0558,12.67,long_term_debt_incl_current,0.08,228.85,net_income,0,No change
CVX,Chevron Corp,Energy,2014-09-30,2013-12-31,4,8,false,,,0.0936,,-0.0558,12.67,long_term_debt_incl_current,0.08,228.85,net_income,0,No change
CVX,Chevron Corp,Energy,2014-10-31,2013-12-31,4,8,false,,,0.0936,,-0.0558,12.67,long_term_debt_incl_current,0.08,228.85,net_income,0,No change
CVX,Chevron Corp,Energy,2014-11-30,2013-12-31,4,8,false,,,0.0936,,-0.0558,12.67,long_term_debt_incl_current,0.08,228.85,net_income,0,No change
CVX,Chevron Corp,Energy,2014-12-31,2013-12-31,4,8,false,,,0.0936,,-0.0558,12.67,long_term_debt_incl_current,0.08,228.85,net_income,0,No change
CVX,Chevron Corp,Energy,2015-01-31,2013-12-31,4,8,false,,,0.0936,,-0.0558,12.67,long_term_debt_incl_current,0.08,228.85,net_income,0,No change
CVX,Chevron Corp,Energy,2015-02-28,2014-12-31,4,8,false,,,0.0908,,-0.0471,19.75,long_term_debt_incl_current,0.13,211.97,net_income,0,No change
CVX,Chevron Corp,Energy,2015-03-31,2014-12-31,4,8,false,,,0.0908,,-0.0471,19.75,long_term_debt_incl_current,0.13,211.97,net_income,0,No change
CVX,Chevron Corp,Energy,2015-04-30,2014-12-31,4,8,false,,,0.0908,,-0.0471,19.75,long_term_debt_incl_current,0.13,211.97,net_income,0,No change
CVX,Chevron Corp,Energy,2015-05-31,2014-12-31,4,8,false,,,0.0908,,-0.0471,20.29,long_term_debt_incl_current,0.13,211.97,net_income,0,No change
CVX,Chevron Corp,Energy,2015-06-30,2014-12-31,4,8,false,,,0.0908,,-0.0471,20.29,long_term_debt_incl_current,0.13,211.97,net_income,0,No change
CVX,Chevron Corp,Energy,2015-07-31,2014-12-31,4,8,false,,,0.0908,,-0.0471,20.29,long_term_debt_incl_current,0.13,211.97,net_income,0,No change
CVX,Chevron Corp,Energy,2015-08-31,2014-12-31,4,8,false,,,0.0908,,-0.0471,20.29,long_term_debt_incl_current,0.13,211.97,net_income,0,No change
CVX,Chevron Corp,Energy,2015-09-30,2014-12-31,4,8,false,,,0.0908,,-0.0471,20.29,long_term_debt_incl_current,0.13,211.97,net_income,0,No change
CVX,Chevron Corp,Energy,2015-10-31,2014-12-31,4,8,false,,,0.0908,,-0.0471,20.29,long_term_debt_incl_current,0.13,211.97,net_income,0,No change
CVX,Chevron Corp,Energy,2015-11-30,2014-12-31,4,8,false,,,0.0908,,-0.0471,20.29,long_term_debt_incl_current,0.13,211.97,net_income,0,No change
CVX,Chevron Corp,Energy,2015-12-31,2014-12-31,4,8,false,,,0.0908,,-0.0471,20.29,long_term_debt_incl_current,0.13,211.97,net_income,0,No change
CVX,Chevron Corp,Energy,2016-01-31,2014-12-31,4,8,false,,,0.0908,,-0.0471,20.29,long_term_debt_incl_current,0.13,211.97,net_income,0,No change
CVX,Chevron Corp,Energy,2016-02-29,2015-12-31,5,8,false,,,0.0331,,-0.0559,32.0,long_term_debt_incl_current,0.21,138.48,net_income,1,New annual report
CVX,Chevron Corp,Energy,2016-03-31,2015-12-31,5,8,false,,,0.0331,,-0.0559,32.0,long_term_debt_incl_current,0.21,138.48,net_income,0,No change
CVX,Chevron Corp,Energy,2016-04-30,2015-12-31,5,8,false,,,0.0331,,-0.0559,32.0,long_term_debt_incl_current,0.21,138.48,net_income,0,No change
CVX,Chevron Corp,Energy,2016-05-31,2015-12-31,5,8,false,,,0.0331,,-0.056,32.0,long_term_debt_incl_current,0.21,138.48,net_income,0,No change
CVX,Chevron Corp,Energy,2016-06-30,2015-12-31,5,8,false,,,0.0331,,-0.056,32.0,long_term_debt_incl_current,0.21,138.48,net_income,0,No change
CVX,Chevron Corp,Energy,2016-07-31,2015-12-31,5,8,false,,,0.0331,,-0.056,32.0,long_term_debt_incl_current,0.21,138.48,net_income,0,No change
CVX,Chevron Corp,Energy,2016-08-31,2015-12-31,5,8,false,,,0.0331,,-0.056,32.0,long_term_debt_incl_current,0.21,138.48,net_income,0,No change
CVX,Chevron Corp,Energy,2016-09-30,2015-12-31,5,8,false,,,0.0331,,-0.056,32.0,long_term_debt_incl_current,0.21,138.48,net_income,0,No change
CVX,Chevron Corp,Energy,2016-10-31,2015-12-31,5,8,false,,,0.0331,,-0.056,32.0,long_term_debt_incl_current,0.21,138.48,net_income,0,No change
CVX,Chevron Corp,Energy,2016-11-30,2015-12-31,5,8,false,,,0.0331,,-0.056,32.0,long_term_debt_incl_current,0.21,138.48,net_income,0,No change
CVX,Chevron Corp,Energy,2016-12-31,2015-12-31,5,8,false,,,0.0331,,-0.056,32.0,long_term_debt_incl_current,0.21,138.48,net_income,0,No change
CVX,Chevron Corp,Energy,2017-01-31,2015-12-31,5,8,false,,,0.0331,,-0.056,32.0,long_term_debt_incl_current,0.21,138.48,net_income,0,No change
CVX,Chevron Corp,Energy,2017-02-28,2016-12-31,3,8,false,,,-0.0043,,-0.0509,43.33,long_term_debt_incl_current,0.3,114.47,net_income,-2,New annual report
CVX,Chevron Corp,Energy,2017-03-31,2016-12-31,3,8,false,,,-0.0043,,-0.0509,43.33,long_term_debt_incl_current,0.3,114.47,net_income,0,No change
CVX,Chevron Corp,Energy,2017-04-30,2016-12-31,3,8,false,,,-0.0043,,-0.0509,43.33,long_term_debt_incl_current,0.3,114.47,net_income,0,No change
CVX,Chevron Corp,Energy,2017-05-31,2016-12-31,3,8,false,,,-0.0043,,-0.0509,43.33,long_term_debt_incl_current,0.3,114.47,net_income,0,No change
CVX,Chevron Corp,Energy,2017-06-30,2016-12-31,3,8,false,,,-0.0043,,-0.0509,43.33,long_term_debt_incl_current,0.3,114.47,net_income,0,No change
CVX,Chevron Corp,Energy,2017-07-31,2016-12-31,3,8,false,,,-0.0043,,-0.0509,43.33,long_term_debt_incl_current,0.3,114.47,net_income,0,No change
CVX,Chevron Corp,Energy,2017-08-31,2016-12-31,3,8,false,,,-0.0043,,-0.0509,43.33,long_term_debt_incl_current,0.3,114.47,net_income,0,No change
CVX,Chevron Corp,Energy,2017-09-30,2016-12-31,3,8,false,,,-0.0043,,-0.0509,43.33,long_term_debt_incl_current,0.3,114.47,net_income,0,No change
CVX,Chevron Corp,Energy,2017-10-31,2016-12-31,3,8,false,,,-0.0043,,-0.0509,43.33,long_term_debt_incl_current,0.3,114.47,net_income,0,No change
CVX,Chevron Corp,Energy,2017-11-30,2016-12-31,3,8,false,,,-0.0043,,-0.0509,43.33,long_term_debt_incl_current,0.3,114.47,net_income,0,No change
CVX,Chevron Corp,Energy,2017-12-31,2016-12-31,3,8,false,,,-0.0043,,-0.0509,43.33,long_term_debt_incl_current,0.3,114.47,net_income,0,No change
CVX,Chevron Corp,Energy,2018-01-31,2016-12-31,3,8,false,,,-0.0043,,-0.0509,43.33,long_term_debt_incl_current,0.3,114.47,net_income,0,No change
CVX,Chevron Corp,Energy,2018-02-28,2017-12-31,7,8,false,,,0.0649,,-0.0441,35.43,long_term_debt_incl_current,0.24,141.72,net_income,4,New annual report
CVX,Chevron Corp,Energy,2018-03-31,2017-12-31,7,8,false,,,0.0649,,-0.0441,35.43,long_term_debt_incl_current,0.24,141.72,net_income,0,No change
CVX,Chevron Corp,Energy,2018-04-30,2017-12-31,7,8,false,,,0.0649,,-0.0441,35.43,long_term_debt_incl_current,0.24,141.72,net_income,0,No change
CVX,Chevron Corp,Energy,2018-05-31,2017-12-31,7,8,false,,,0.0649,,-0.0441,35.43,long_term_debt_incl_current,0.24,141.72,net_income,0,No change
CVX,Chevron Corp,Energy,2018-06-30,2017-12-31,7,8,false,,,0.0649,,-0.0441,35.43,long_term_debt_incl_current,0.24,141.72,net_income,0,No change
CVX,Chevron Corp,Energy,2018-07-31,2017-12-31,7,8,false,,,0.0649,,-0.0441,35.43,long_term_debt_incl_current,0.24,141.72,net_income,0,No change
CVX,Chevron Corp,Energy,2018-08-31,2017-12-31,7,8,false,,,0.0649,,-0.0441,35.43,long_term_debt_incl_current,0.24,141.72,net_income,0,No change
CVX,Chevron Corp,Energy,2018-09-30,2017-12-31,7,8,false,,,0.0649,,-0.0441,35.43,long_term_debt_incl_current,0.24,141.72,net_income,0,No change
CVX,Chevron Corp,Energy,2018-10-31,2017-12-31,7,8,false,,,0.0649,,-0.0441,35.43,long_term_debt_incl_current,0.24,141.72,net_income,0,No change
CVX,Chevron Corp,Energy,2018-11-30,2017-12-31,7,8,false,,,0.0649,,-0.0441,35.43,long_term_debt_incl_current,0.24,141.72,net_income,0,No change
CVX,Chevron Corp,Energy,2018-12-31,2017-12-31,7,8,false,,,0.0649,,-0.0441,35.43,long_term_debt_incl_current,0.24,141.72,net_income,0,No change
CVX,Chevron Corp,Energy,2019-01-31,2017-12-31,7,8,false,,,0.0649,,-0.0441,35.43,long_term_debt_incl_current,0.24,141.72,net_income,0,No change
CVX,Chevron Corp,Energy,2019-02-28,2018-12-31,7,9,true,0.4048,,0.0933,,-0.0622,29.46,long_term_debt_incl_current,0.19,158.9,net_income,0,No change
CVX,Chevron Corp,Energy,2019-03-31,2018-12-31,7,9,true,0.4048,,0.0933,,-0.0622,29.46,long_term_debt_incl_current,0.19,158.9,net_income,0,No change
CVX,Chevron Corp,Energy,2019-04-30,2018-12-31,7,9,true,0.4048,,0.0933,,-0.0622,29.46,long_term_debt_incl_current,0.19,158.9,net_income,0,No change
CVX,Chevron Corp,Energy,2019-05-31,2018-12-31,7,9,true,0.4048,,0.0933,,-0.0622,29.46,long_term_debt_incl_current,0.19,158.9,net_income,0,No change
CVX,Chevron Corp,Energy,2019-06-30,2018-12-31,7,9,true,0.4048,,0.0933,,-0.0622,29.46,long_term_debt_incl_current,0.19,158.9,net_income,0,No change
CVX,Chevron Corp,Energy,2019-07-31,2018-12-31,7,9,true,0.4048,,0.0933,,-0.0622,29.46,long_term_debt_incl_current,0.19,158.9,net_income,0,No change
CVX,Chevron Corp,Energy,2019-08-31,2018-12-31,7,9,true,0.4048,,0.0933,,-0.0622,29.46,long_term_debt_incl_current,0.19,158.9,net_income,0,No change
CVX,Chevron Corp,Energy,2019-09-30,2018-12-31,7,9,true,0.4048,,0.0933,,-0.0622,29.46,long_term_debt_incl_current,0.19,158.9,net_income,0,No change
CVX,Chevron Corp,Energy,2019-10-31,2018-12-31,7,9,true,0.4048,,0.0933,,-0.0622,29.46,long_term_debt_incl_current,0.19,158.9,net_income,0,No change
CVX,Chevron Corp,Energy,2019-11-30,2018-12-31,7,9,true,0.4048,,0.0933,,-0.0622,29.46,long_term_debt_incl_current,0.19,158.9,net_income,0,No change
CVX,Chevron Corp,Energy,2019-12-31,2018-12-31,7,9,true,0.4048,,0.0933,,-0.0622,29.46,long_term_debt_incl_current,0.19,158.9,net_income,0,No change
CVX,Chevron Corp,Energy,2020-01-31,2018-12-31,7,9,true,0.4048,,0.0933,,-0.0622,29.46,long_term_debt_incl_current,0.19,158.9,net_income,0,No change
CVX,Chevron Corp,Energy,2020-02-29,2019-12-31,6,9,true,0.4272,,0.0209,,-0.0993,22.01,long_term_debt_incl_current,0.15,139.87,net_income,-1,New annual report
CVX,Chevron Corp,Energy,2020-03-31,2019-12-31,6,9,true,0.4272,,0.0209,,-0.0993,22.01,long_term_debt_incl_current,0.15,139.87,net_income,0,No change
CVX,Chevron Corp,Energy,2020-04-30,2019-12-31,6,9,true,0.4272,,0.0209,,-0.0993,22.01,long_term_debt_incl_current,0.15,139.87,net_income,0,No change
CVX,Chevron Corp,Energy,2020-05-31,2019-12-31,6,9,true,0.4272,,0.0209,,-0.0993,22.01,long_term_debt_incl_current,0.15,139.87,net_income,0,No change
CVX,Chevron Corp,Energy,2020-06-30,2019-12-31,6,9,true,0.4272,,0.0209,,-0.0993,22.01,long_term_debt_incl_current,0.15,139.87,net_income,0,No change
CVX,Chevron Corp,Energy,2020-07-31,2019-12-31,6,9,true,0.4272,,0.0209,,-0.0993,22.01,long_term_debt_incl_current,0.15,139.87,net_income,0,No change
CVX,Chevron Corp,Energy,2020-08-31,2019-12-31,6,9,true,0.4272,,0.0209,,-0.0993,22.01,long_term_debt_incl_current,0.15,139.87,net_income,0,No change
CVX,Chevron Corp,Energy,2020-09-30,2019-12-31,6,9,true,0.4272,,0.0209,,-0.0993,22.01,long_term_debt_incl_current,0.15,139.87,net_income,0,No change
CVX,Chevron Corp,Energy,2020-10-31,2019-12-31,6,9,true,0.4272,,0.0209,,-0.0993,22.01,long_term_debt_incl_current,0.15,139.87,net_income,0,No change
CVX,Chevron Corp,Energy,2020-11-30,2019-12-31,6,9,true,0.4272,,0.0209,,-0.0993,22.01,long_term_debt_incl_current,0.15,139.87,net_income,0,No change
CVX,Chevron Corp,Energy,2020-12-31,2019-12-31,6,9,true,0.4272,,0.0209,,-0.0993,22.01,long_term_debt_incl_current,0.15,139.87,net_income,0,No change
CVX,Chevron Corp,Energy,2021-01-31,2019-12-31,6,9,true,0.4272,,0.0209,,-0.0993,22.01,long_term_debt_incl_current,0.15,139.87,net_income,0,No change
CVX,Chevron Corp,Energy,2021-02-28,2020-12-31,5,9,true,0.4656,,-0.0587,,-0.0676,27.22,long_term_debt_incl_current,0.21,94.47,net_income,-1,New annual report
CVX,Chevron Corp,Energy,2021-03-31,2020-12-31,5,9,true,0.4656,,-0.0587,,-0.0676,27.22,long_term_debt_incl_current,0.21,94.47,net_income,0,No change
CVX,Chevron Corp,Energy,2021-04-30,2020-12-31,5,9,true,0.4656,,-0.0587,,-0.0676,27.22,long_term_debt_incl_current,0.21,94.47,net_income,0,No change
CVX,Chevron Corp,Energy,2021-05-31,2020-12-31,5,9,true,0.4656,,-0.0587,,-0.0676,27.22,long_term_debt_incl_current,0.21,94.47,net_income,0,No change
CVX,Chevron Corp,Energy,2021-06-30,2020-12-31,5,9,true,0.4656,,-0.0587,,-0.0676,27.22,long_term_debt_incl_current,0.21,94.47,net_income,0,No change
CVX,Chevron Corp,Energy,2021-07-31,2020-12-31,5,9,true,0.4656,,-0.0587,,-0.0676,27.22,long_term_debt_incl_current,0.21,94.47,net_income,0,No change
CVX,Chevron Corp,Energy,2021-08-31,2020-12-31,5,9,true,0.4656,,-0.0587,,-0.0676,27.22,long_term_debt_incl_current,0.21,94.47,net_income,0,No change
CVX,Chevron Corp,Energy,2021-09-30,2020-12-31,5,9,true,0.4656,,-0.0587,,-0.0676,27.22,long_term_debt_incl_current,0.21,94.47,net_income,0,No change
CVX,Chevron Corp,Energy,2021-10-31,2020-12-31,5,9,true,0.4656,,-0.0587,,-0.0676,27.22,long_term_debt_incl_current,0.21,94.47,net_income,0,No change
CVX,Chevron Corp,Energy,2021-11-30,2020-12-31,5,9,true,0.4656,,-0.0587,,-0.0676,27.22,long_term_debt_incl_current,0.21,94.47,net_income,0,No change
CVX,Chevron Corp,Energy,2021-12-31,2020-12-31,5,9,true,0.4656,,-0.0587,,-0.0676,27.22,long_term_debt_incl_current,0.21,94.47,net_income,0,No change
CVX,Chevron Corp,Energy,2022-01-31,2020-12-31,5,9,true,0.4656,,-0.0587,,-0.0676,27.22,long_term_debt_incl_current,0.21,94.47,net_income,0,No change
CVX,Chevron Corp,Energy,2022-02-28,2021-12-31,7,9,true,0.4257,,0.1004,,-0.0566,25.93,long_term_debt_incl_current,0.19,155.61,net_income,2,New annual report
CVX,Chevron Corp,Energy,2022-03-31,2021-12-31,7,9,true,0.4257,,0.1004,,-0.0566,25.93,long_term_debt_incl_current,0.19,155.61,net_income,0,No change
CVX,Chevron Corp,Energy,2022-04-30,2021-12-31,7,9,true,0.4257,,0.1004,,-0.0566,25.93,long_term_debt_incl_current,0.19,155.61,net_income,0,No change
CVX,Chevron Corp,Energy,2022-05-31,2021-12-31,7,9,true,0.4257,,0.1004,,-0.0566,25.93,long_term_debt_incl_current,0.19,155.61,net_income,0,No change
CVX,Chevron Corp,Energy,2022-06-30,2021-12-31,7,9,true,0.4257,,0.1004,,-0.0566,25.93,long_term_debt_incl_current,0.19,155.61,net_income,0,No change
CVX,Chevron Corp,Energy,2022-07-31,2021-12-31,7,9,true,0.4257,,0.1004,,-0.0566,25.93,long_term_debt_incl_current,0.19,155.61,net_income,0,No change
CVX,Chevron Corp,Energy,2022-08-31,2021-12-31,7,9,true,0.4257,,0.1004,,-0.0566,25.93,long_term_debt_incl_current,0.19,155.61,net_income,0,No change
CVX,Chevron Corp,Energy,2022-09-30,2021-12-31,7,9,true,0.4257,,0.1004,,-0.0566,25.93,long_term_debt_incl_current,0.19,155.61,net_income,0,No change
CVX,Chevron Corp,Energy,2022-10-31,2021-12-31,7,9,true,0.4257,,0.1004,,-0.0566,25.93,long_term_debt_incl_current,0.19,155.61,net_income,0,No change
CVX,Chevron Corp,Energy,2022-11-30,2021-12-31,7,9,true,0.4257,,0.1004,,-0.0566,25.93,long_term_debt_incl_current,0.19,155.61,net_income,0,No change
CVX,Chevron Corp,Energy,2022-12-31,2021-12-31,7,9,true,0.4257,,0.1004,,-0.0566,25.93,long_term_debt_incl_current,0.19,155.61,net_income,0,No change
CVX,Chevron Corp,Energy,2023-01-31,2021-12-31,7,9,true,0.4257,,0.1004,,-0.0566,25.93,long_term_debt_incl_current,0.19,155.61,net_income,0,No change
CVX,Chevron Corp,Energy,2023-02-28,2022-12-31,6,8,false,0.3831,,0.1505,,-0.0569,23.34,incl_finance_leases,0.15,235.72,net_income,-1,New annual report
CVX,Chevron Corp,Energy,2023-03-31,2022-12-31,6,8,false,0.3831,,0.1505,,-0.0569,23.34,incl_finance_leases,0.15,235.72,net_income,0,No change
CVX,Chevron Corp,Energy,2023-04-30,2022-12-31,6,8,false,0.3831,,0.1505,,-0.0569,23.34,incl_finance_leases,0.15,235.72,net_income,0,No change
CVX,Chevron Corp,Energy,2023-05-31,2022-12-31,6,8,false,0.3831,,0.1505,,-0.0569,23.34,incl_finance_leases,0.15,235.72,net_income,0,No change
CVX,Chevron Corp,Energy,2023-06-30,2022-12-31,6,8,false,0.3831,,0.1505,,-0.0569,23.34,incl_finance_leases,0.15,235.72,net_income,0,No change
CVX,Chevron Corp,Energy,2023-07-31,2022-12-31,6,8,false,0.3831,,0.1505,,-0.0569,23.34,incl_finance_leases,0.15,235.72,net_income,0,No change
CVX,Chevron Corp,Energy,2023-08-31,2022-12-31,6,8,false,0.3831,,0.1505,,-0.0569,23.34,incl_finance_leases,0.15,235.72,net_income,0,No change
CVX,Chevron Corp,Energy,2023-09-30,2022-12-31,6,8,false,0.3831,,0.1505,,-0.0569,23.34,incl_finance_leases,0.15,235.72,net_income,0,No change
CVX,Chevron Corp,Energy,2023-10-31,2022-12-31,6,8,false,0.3831,,0.1505,,-0.0569,23.34,incl_finance_leases,0.15,235.72,net_income,0,No change
CVX,Chevron Corp,Energy,2023-11-30,2022-12-31,6,8,false,0.3831,,0.1505,,-0.0569,23.34,incl_finance_leases,0.15,235.72,net_income,0,No change
CVX,Chevron Corp,Energy,2023-12-31,2022-12-31,6,8,false,0.3831,,0.1505,,-0.0569,23.34,incl_finance_leases,0.15,235.72,net_income,0,No change
CVX,Chevron Corp,Energy,2024-01-31,2022-12-31,6,8,false,0.3831,,0.1505,,-0.0569,23.34,incl_finance_leases,0.15,235.72,net_income,0,No change
CVX,Chevron Corp,Energy,2024-02-29,2023-12-31,6,9,true,0.3947,,0.1085,,-0.0548,20.84,incl_finance_leases,0.13,196.91,net_income,0,No change
CVX,Chevron Corp,Energy,2024-03-31,2023-12-31,6,9,true,0.3947,,0.1085,,-0.0548,20.84,incl_finance_leases,0.13,196.91,net_income,0,No change
CVX,Chevron Corp,Energy,2024-04-30,2023-12-31,6,9,true,0.3947,,0.1085,,-0.0548,20.84,incl_finance_leases,0.13,196.91,net_income,0,No change
CVX,Chevron Corp,Energy,2024-05-31,2023-12-31,6,9,true,0.3947,,0.1085,,-0.0548,20.84,incl_finance_leases,0.13,196.91,net_income,0,No change
CVX,Chevron Corp,Energy,2024-06-30,2023-12-31,6,9,true,0.3947,,0.1085,,-0.0548,20.84,incl_finance_leases,0.13,196.91,net_income,0,No change
CVX,Chevron Corp,Energy,2024-07-31,2023-12-31,6,9,true,0.3947,,0.1085,,-0.0548,20.84,incl_finance_leases,0.13,196.91,net_income,0,No change
CVX,Chevron Corp,Energy,2024-08-31,2023-12-31,6,9,true,0.3947,,0.1085,,-0.0548,20.84,incl_finance_leases,0.13,196.91,net_income,0,No change
CVX,Chevron Corp,Energy,2024-09-30,2023-12-31,6,9,true,0.3947,,0.1085,,-0.0548,20.84,incl_finance_leases,0.13,196.91,net_income,0,No change
CVX,Chevron Corp,Energy,2024-10-31,2023-12-31,6,9,true,0.3947,,0.1085,,-0.0548,20.84,incl_finance_leases,0.13,196.91,net_income,0,No change
CVX,Chevron Corp,Energy,2024-11-30,2023-12-31,6,9,true,0.3947,,0.1085,,-0.0548,20.84,incl_finance_leases,0.13,196.91,net_income,0,No change
CVX,Chevron Corp,Energy,2024-12-31,2023-12-31,6,9,true,0.3947,,0.1085,,-0.0548,20.84,incl_finance_leases,0.13,196.91,net_income,0,No change
CVX,Chevron Corp,Energy,2025-01-31,2023-12-31,6,9,true,0.3947,,0.1085,,-0.0548,20.84,incl_finance_leases,0.13,196.91,net_income,0,No change
CVX,Chevron Corp,Energy,2025-02-28,2024-12-31,4,9,true,0.3837,,0.0913,,-0.0533,24.54,incl_finance_leases,0.16,193.41,net_income,-2,New annual report
CVX,Chevron Corp,Energy,2025-03-31,2024-12-31,4,9,true,0.3837,,0.0913,,-0.0533,24.54,incl_finance_leases,0.16,193.41,net_income,0,No change
CVX,Chevron Corp,Energy,2025-04-30,2024-12-31,4,9,true,0.3837,,0.0913,,-0.0533,24.54,incl_finance_leases,0.16,193.41,net_income,0,No change
CVX,Chevron Corp,Energy,2025-05-31,2024-12-31,4,9,true,0.3837,,0.0913,,-0.0533,24.54,incl_finance_leases,0.16,193.41,net_income,0,No change
CVX,Chevron Corp,Energy,2025-06-30,2024-12-31,4,9,true,0.3837,,0.0913,,-0.0533,24.54,incl_finance_leases,0.16,193.41,net_income,0,No change
CVX,Chevron Corp,Energy,2025-07-31,2024-12-31,4,9,true,0.3837,,0.0913,,-0.0533,24.54,incl_finance_leases,0.16,193.41,net_income,0,No change
CVX,Chevron Corp,Energy,2025-08-31,2024-12-31,4,9,true,0.3837,,0.0913,,-0.0533,24.54,incl_finance_leases,0.16,193.41,net_income,0,No change
CVX,Chevron Corp,Energy,2025-09-30,2024-12-31,4,9,true,0.3837,,0.0913,,-0.0533,24.54,incl_finance_leases,0.16,193.41,net_income,0,No change
CVX,Chevron Corp,Energy,2025-10-31,2024-12-31,4,9,true,0.3837,,0.0913,,-0.0533,24.54,incl_finance_leases,0.16,193.41,net_income,0,No change
CVX,Chevron Corp,Energy,2025-11-30,2024-12-31,4,9,true,0.3837,,0.0913,,-0.0533,24.54,incl_finance_leases,0.16,193.41,net_income,0,No change
CVX,Chevron Corp,Energy,2025-12-31,2024-12-31,4,9,true,0.3837,,0.0913,,-0.0533,24.54,incl_finance_leases,0.16,193.41,net_income,0,No change
CVX,Chevron Corp,Energy,2026-01-31,2024-12-31,4,9,true,0.3837,,0.0913,,-0.0533,24.54,incl_finance_leases,0.16,193.41,net_income,0,No change
CVX,Chevron Corp,Energy,2026-02-28,2025-12-31,5,9,true,0.4133,,0.0667,,-0.0745,40.76,incl_finance_leases,0.22,184.43,net_income,1,New annual report
CVX,Chevron Corp,Energy,2026-03-31,2025-12-31,5,9,true,0.4133,,0.0667,,-0.0745,40.76,incl_finance_leases,0.22,184.43,net_income,0,No change
CVX,Chevron Corp,Energy,2026-04-30,2025-12-31,5,9,true,0.4133,,0.0667,,-0.0745,40.76,incl_finance_leases,0.22,184.43,net_income,0,No change
CVX,Chevron Corp,Energy,2026-05-31,2025-12-31,5,9,true,0.4133,,0.0667,,-0.0745,40.76,incl_finance_leases,0.22,184.43,net_income,0,No change
CVX,Chevron Corp,Energy,2026-06-30,2025-12-31,5,9,true,0.4133,,0.0667,,-0.0745,40.76,incl_finance_leases,0.22,184.43,net_income,0,No change
CVX,Chevron Corp,Energy,2026-07-31,2025-12-31,5,9,true,0.4133,,0.0667,,-0.0745,40.76,incl_finance_leases,0.22,184.43,net_income,0,No change
CVX,Chevron Corp,Energy,2026-08-31,2025-12-31,5,9,true,0.4133,,0.0667,,-0.0745,40.76,incl_finance_leases,0.22,184.43,net_income,0,No change
CVX,Chevron Corp,Energy,2026-09-30,2025-12-31,5,9,true,0.4133,,0.0667,,-0.0745,40.76,incl_finance_leases,0.22,184.43,net_income,0,No change
DIS,WALT DISNEY CO/,Communication Services,2019-11-30,2019-09-28,1,3,false,,0.2137,0.1589,,,46.99,long_term_debt_incl_current,0.53,69.57,net_income,,No change
DIS,WALT DISNEY CO/,Communication Services,2019-12-31,2019-09-28,1,3,false,,0.2137,0.1589,,,46.99,long_term_debt_incl_current,0.53,69.57,net_income,0,No change
DIS,WALT DISNEY CO/,Communication Services,2020-01-31,2019-09-28,1,3,false,,0.2137,0.1589,,,46.99,long_term_debt_incl_current,0.53,69.57,net_income,0,No change
DIS,WALT DISNEY CO/,Communication Services,2020-02-29,2019-09-28,1,3,false,,0.2137,0.1589,,,46.99,long_term_debt_incl_current,0.53,69.57,net_income,0,No change
DIS,WALT DISNEY CO/,Communication Services,2020-03-31,2019-09-28,1,3,false,,0.2137,0.1589,,,46.99,long_term_debt_incl_current,0.53,69.57,net_income,0,No change
DIS,WALT DISNEY CO/,Communication Services,2020-04-30,2019-09-28,1,3,false,,0.2137,0.1589,,,46.99,long_term_debt_incl_current,0.53,69.57,net_income,0,No change
DIS,WALT DISNEY CO/,Communication Services,2020-05-31,2019-09-28,1,3,false,,0.2137,0.1589,,,46.99,long_term_debt_incl_current,0.53,69.57,net_income,0,No change
DIS,WALT DISNEY CO/,Communication Services,2020-06-30,2019-09-28,1,3,false,,0.2137,0.1589,,,46.99,long_term_debt_incl_current,0.53,69.57,net_income,0,No change
DIS,WALT DISNEY CO/,Communication Services,2020-07-31,2019-09-28,1,3,false,,0.2137,0.1589,,,46.99,long_term_debt_incl_current,0.53,69.57,net_income,0,No change
DIS,WALT DISNEY CO/,Communication Services,2020-08-31,2019-09-28,1,3,false,,0.2137,0.1589,,,46.99,long_term_debt_incl_current,0.53,69.57,net_income,0,No change
DIS,WALT DISNEY CO/,Communication Services,2020-09-30,2019-09-28,1,3,false,,0.2137,0.1589,,,46.99,long_term_debt_incl_current,0.53,69.57,net_income,0,No change
DIS,WALT DISNEY CO/,Communication Services,2020-10-31,2019-09-28,1,3,false,,0.2137,0.1589,,,46.99,long_term_debt_incl_current,0.53,69.57,net_income,0,No change
DIS,WALT DISNEY CO/,Communication Services,2020-11-30,2020-10-03,2,6,false,,0.124,-0.0438,,,58.63,long_term_debt_incl_current,0.7,65.39,net_income,1,New annual report
DIS,WALT DISNEY CO/,Communication Services,2020-12-31,2020-10-03,2,6,false,,0.124,-0.0438,,,58.63,long_term_debt_incl_current,0.7,65.39,net_income,0,No change
DIS,WALT DISNEY CO/,Communication Services,2021-01-31,2020-10-03,2,6,false,,0.124,-0.0438,,,58.63,long_term_debt_incl_current,0.7,65.39,net_income,0,No change
DIS,WALT DISNEY CO/,Communication Services,2021-02-28,2020-10-03,2,6,false,,0.124,-0.0438,,,58.63,long_term_debt_incl_current,0.7,65.39,net_income,0,No change
DIS,WALT DISNEY CO/,Communication Services,2021-03-31,2020-10-03,2,6,false,,0.124,-0.0438,,,58.63,long_term_debt_incl_current,0.7,65.39,net_income,0,No change
DIS,WALT DISNEY CO/,Communication Services,2021-04-30,2020-10-03,2,6,false,,0.124,-0.0438,,,58.63,long_term_debt_incl_current,0.7,65.39,net_income,0,No change
DIS,WALT DISNEY CO/,Communication Services,2021-05-31,2020-10-03,2,6,false,,0.124,-0.0438,,,58.63,long_term_debt_incl_current,0.7,65.39,net_income,0,No change
DIS,WALT DISNEY CO/,Communication Services,2021-06-30,2020-10-03,2,6,false,,0.124,-0.0438,,,58.63,long_term_debt_incl_current,0.7,65.39,net_income,0,No change
DIS,WALT DISNEY CO/,Communication Services,2021-07-31,2020-10-03,2,6,false,,0.124,-0.0438,,,58.63,long_term_debt_incl_current,0.7,65.39,net_income,0,No change
DIS,WALT DISNEY CO/,Communication Services,2021-08-31,2020-10-03,2,6,false,,0.124,-0.0438,,,58.63,long_term_debt_incl_current,0.7,65.39,net_income,0,No change
DIS,WALT DISNEY CO/,Communication Services,2021-09-30,2020-10-03,2,6,false,,0.124,-0.0438,,,58.63,long_term_debt_incl_current,0.7,65.39,net_income,0,No change
DIS,WALT DISNEY CO/,Communication Services,2021-10-31,2020-10-03,2,6,false,,0.124,-0.0438,,,58.63,long_term_debt_incl_current,0.7,65.39,net_income,0,No change
DIS,WALT DISNEY CO/,Communication Services,2021-11-30,2021-10-02,3,6,false,,0.1152,0.0296,,,54.41,long_term_debt_incl_current,0.61,67.42,net_income,1,New annual report
DIS,WALT DISNEY CO/,Communication Services,2021-12-31,2021-10-02,3,6,false,,0.1152,0.0296,,,54.41,long_term_debt_incl_current,0.61,67.42,net_income,0,No change
DIS,WALT DISNEY CO/,Communication Services,2022-01-31,2021-10-02,3,6,false,,0.1152,0.0296,,,54.41,long_term_debt_incl_current,0.61,67.42,net_income,0,No change
DIS,WALT DISNEY CO/,Communication Services,2022-02-28,2021-10-02,3,6,false,,0.1152,0.0296,,,54.41,long_term_debt_incl_current,0.61,67.42,net_income,0,No change
DIS,WALT DISNEY CO/,Communication Services,2022-03-31,2021-10-02,3,6,false,,0.1152,0.0296,,,54.41,long_term_debt_incl_current,0.61,67.42,net_income,0,No change
DIS,WALT DISNEY CO/,Communication Services,2022-04-30,2021-10-02,3,6,false,,0.1152,0.0296,,,54.41,long_term_debt_incl_current,0.61,67.42,net_income,0,No change
DIS,WALT DISNEY CO/,Communication Services,2022-05-31,2021-10-02,3,6,false,,0.1152,0.0296,,,54.41,long_term_debt_incl_current,0.61,67.42,net_income,0,No change
DIS,WALT DISNEY CO/,Communication Services,2022-06-30,2021-10-02,3,6,false,,0.1152,0.0296,,,54.41,long_term_debt_incl_current,0.61,67.42,net_income,0,No change
DIS,WALT DISNEY CO/,Communication Services,2022-07-31,2021-10-02,3,6,false,,0.1152,0.0296,,,54.41,long_term_debt_incl_current,0.61,67.42,net_income,0,No change
DIS,WALT DISNEY CO/,Communication Services,2022-08-31,2021-10-02,3,6,false,,0.1152,0.0296,,,54.41,long_term_debt_incl_current,0.61,67.42,net_income,0,No change
DIS,WALT DISNEY CO/,Communication Services,2022-09-30,2021-10-02,3,6,false,,0.1152,0.0296,,,54.41,long_term_debt_incl_current,0.61,67.42,net_income,0,No change
DIS,WALT DISNEY CO/,Communication Services,2022-10-31,2021-10-02,3,6,false,,0.1152,0.0296,,,54.41,long_term_debt_incl_current,0.61,67.42,net_income,0,No change
DIS,WALT DISNEY CO/,Communication Services,2022-11-30,2022-10-01,5,6,false,,0.1465,0.038,,,48.37,long_term_debt_incl_current,0.51,82.72,net_income,2,New annual report
DIS,WALT DISNEY CO/,Communication Services,2022-12-31,2022-10-01,5,6,false,,0.1465,0.038,,,48.37,long_term_debt_incl_current,0.51,82.72,net_income,0,No change
DIS,WALT DISNEY CO/,Communication Services,2023-01-31,2022-10-01,5,6,false,,0.1465,0.038,,,48.37,long_term_debt_incl_current,0.51,82.72,net_income,0,No change
DIS,WALT DISNEY CO/,Communication Services,2023-02-28,2022-10-01,5,6,false,,0.1465,0.038,,,48.37,long_term_debt_incl_current,0.51,82.72,net_income,0,No change
DIS,WALT DISNEY CO/,Communication Services,2023-03-31,2022-10-01,5,6,false,,0.1465,0.038,,,48.37,long_term_debt_incl_current,0.51,82.72,net_income,0,No change
DIS,WALT DISNEY CO/,Communication Services,2023-04-30,2022-10-01,5,6,false,,0.1465,0.038,,,48.37,long_term_debt_incl_current,0.51,82.72,net_income,0,No change
DIS,WALT DISNEY CO/,Communication Services,2023-05-31,2022-10-01,5,6,false,,0.1465,0.038,,,48.37,long_term_debt_incl_current,0.51,82.72,net_income,0,No change
DIS,WALT DISNEY CO/,Communication Services,2023-06-30,2022-10-01,5,6,false,,0.1465,0.038,,,48.37,long_term_debt_incl_current,0.51,82.72,net_income,0,No change
DIS,WALT DISNEY CO/,Communication Services,2023-07-31,2022-10-01,5,6,false,,0.1465,0.038,,,48.37,long_term_debt_incl_current,0.51,82.72,net_income,0,No change
DIS,WALT DISNEY CO/,Communication Services,2023-08-31,2022-10-01,5,6,false,,0.1465,0.038,,,48.37,long_term_debt_incl_current,0.51,82.72,net_income,0,No change
DIS,WALT DISNEY CO/,Communication Services,2023-09-30,2022-10-01,5,6,false,,0.1465,0.038,,,48.37,long_term_debt_incl_current,0.51,82.72,net_income,0,No change
DIS,WALT DISNEY CO/,Communication Services,2023-10-31,2022-10-01,5,6,false,,0.1465,0.038,,,48.37,long_term_debt_incl_current,0.51,82.72,net_income,0,No change
DIS,WALT DISNEY CO/,Communication Services,2023-11-30,2023-09-30,4,6,false,,0.1447,0.0265,,,46.43,long_term_debt_incl_current,0.47,88.9,net_income,-1,New annual report
DIS,WALT DISNEY CO/,Communication Services,2023-12-31,2023-09-30,4,6,false,,0.1447,0.0265,,,46.43,long_term_debt_incl_current,0.47,88.9,net_income,0,No change
DIS,WALT DISNEY CO/,Communication Services,2024-01-31,2023-09-30,4,6,false,,0.1447,0.0265,,,46.43,long_term_debt_incl_current,0.47,88.9,net_income,0,No change
DIS,WALT DISNEY CO/,Communication Services,2024-02-29,2023-09-30,4,6,false,,0.1447,0.0265,,,46.43,long_term_debt_incl_current,0.47,88.9,net_income,0,No change
DIS,WALT DISNEY CO/,Communication Services,2024-03-31,2023-09-30,4,6,false,,0.1447,0.0265,,,46.43,long_term_debt_incl_current,0.47,88.9,net_income,0,No change
DIS,WALT DISNEY CO/,Communication Services,2024-04-30,2023-09-30,4,6,false,,0.1447,0.0265,,,46.43,long_term_debt_incl_current,0.47,88.9,net_income,0,No change
DIS,WALT DISNEY CO/,Communication Services,2024-05-31,2023-09-30,4,6,false,,0.1447,0.0265,,,46.43,long_term_debt_incl_current,0.47,88.9,net_income,0,No change
DIS,WALT DISNEY CO/,Communication Services,2024-06-30,2023-09-30,4,6,false,,0.1447,0.0265,,,46.43,long_term_debt_incl_current,0.47,88.9,net_income,0,No change
DIS,WALT DISNEY CO/,Communication Services,2024-07-31,2023-09-30,4,6,false,,0.1447,0.0265,,,46.43,long_term_debt_incl_current,0.47,88.9,net_income,0,No change
DIS,WALT DISNEY CO/,Communication Services,2024-08-31,2023-09-30,4,6,false,,0.1447,0.0265,,,46.43,long_term_debt_incl_current,0.47,88.9,net_income,0,No change
DIS,WALT DISNEY CO/,Communication Services,2024-09-30,2023-09-30,4,6,false,,0.1447,0.0265,,,46.43,long_term_debt_incl_current,0.47,88.9,net_income,0,No change
DIS,WALT DISNEY CO/,Communication Services,2024-10-31,2023-09-30,4,6,false,,0.1447,0.0265,,,46.43,long_term_debt_incl_current,0.47,88.9,net_income,0,No change
DIS,WALT DISNEY CO/,Communication Services,2024-11-30,2024-09-28,3,6,false,,0.1708,0.0544,,,45.82,long_term_debt_incl_current,0.45,91.36,net_income,-1,New annual report
DIS,WALT DISNEY CO/,Communication Services,2024-12-31,2024-09-28,3,6,false,,0.1708,0.0544,,,45.82,long_term_debt_incl_current,0.45,91.36,net_income,0,No change
DIS,WALT DISNEY CO/,Communication Services,2025-01-31,2024-09-28,3,6,false,,0.1708,0.0544,,,45.82,long_term_debt_incl_current,0.45,91.36,net_income,0,No change
DIS,WALT DISNEY CO/,Communication Services,2025-02-28,2024-09-28,3,6,false,,0.1708,0.0544,,,45.82,long_term_debt_incl_current,0.45,91.36,net_income,0,No change
DIS,WALT DISNEY CO/,Communication Services,2025-03-31,2024-09-28,3,6,false,,0.1708,0.0544,,,45.82,long_term_debt_incl_current,0.45,91.36,net_income,0,No change
DIS,WALT DISNEY CO/,Communication Services,2025-04-30,2024-09-28,3,6,false,,0.1708,0.0544,,,45.82,long_term_debt_incl_current,0.45,91.36,net_income,0,No change
DIS,WALT DISNEY CO/,Communication Services,2025-05-31,2024-09-28,3,6,false,,0.1708,0.0544,,,45.82,long_term_debt_incl_current,0.45,91.36,net_income,0,No change
DIS,WALT DISNEY CO/,Communication Services,2025-06-30,2024-09-28,3,6,false,,0.1708,0.0544,,,45.82,long_term_debt_incl_current,0.45,91.36,net_income,0,No change
DIS,WALT DISNEY CO/,Communication Services,2025-07-31,2024-09-28,3,6,false,,0.1708,0.0544,,,45.82,long_term_debt_incl_current,0.45,91.36,net_income,0,No change
DIS,WALT DISNEY CO/,Communication Services,2025-08-31,2024-09-28,3,6,false,,0.1708,0.0544,,,45.82,long_term_debt_incl_current,0.45,91.36,net_income,0,No change
DIS,WALT DISNEY CO/,Communication Services,2025-09-30,2024-09-28,3,6,false,,0.1708,0.0544,,,45.82,long_term_debt_incl_current,0.45,91.36,net_income,0,No change
DIS,WALT DISNEY CO/,Communication Services,2025-10-31,2024-09-28,3,6,false,,0.1708,0.0544,,,45.82,long_term_debt_incl_current,0.45,91.36,net_income,0,No change
DIS,WALT DISNEY CO/,Communication Services,2025-11-30,2025-09-27,7,8,false,,0.1859,0.1314,0.1067,-0.0289,42.03,long_term_debt_incl_current,0.38,94.43,net_income,4,New annual report
DIS,WALT DISNEY CO/,Communication Services,2025-12-31,2025-09-27,7,8,false,,0.1859,0.1314,0.1067,-0.0289,42.03,long_term_debt_incl_current,0.38,94.43,net_income,0,No change
DIS,WALT DISNEY CO/,Communication Services,2026-01-31,2025-09-27,7,8,false,,0.1859,0.1314,0.1067,-0.0289,42.03,long_term_debt_incl_current,0.38,94.43,net_income,0,No change
DIS,WALT DISNEY CO/,Communication Services,2026-02-28,2025-09-27,7,8,false,,0.1859,0.1314,0.1067,-0.0289,42.03,long_term_debt_incl_current,0.38,94.43,net_income,0,No change
DIS,WALT DISNEY CO/,Communication Services,2026-03-31,2025-09-27,7,8,false,,0.1859,0.1314,0.1067,-0.0289,42.03,long_term_debt_incl_current,0.38,94.43,net_income,0,No change
DIS,WALT DISNEY CO/,Communication Services,2026-04-30,2025-09-27,7,8,false,,0.1859,0.1314,0.1067,-0.0289,42.03,long_term_debt_incl_current,0.38,94.43,net_income,0,No change
DIS,WALT DISNEY CO/,Communication Services,2026-05-31,2025-09-27,7,8,false,,0.1859,0.1314,0.1067,-0.0289,42.03,long_term_debt_incl_current,0.38,94.43,net_income,0,No change
DIS,WALT DISNEY CO/,Communication Services,2026-06-30,2025-09-27,7,8,false,,0.1859,0.1314,0.1067,-0.0289,42.03,long_term_debt_incl_current,0.38,94.43,net_income,0,No change
DIS,WALT DISNEY CO/,Communication Services,2026-07-31,2025-09-27,7,8,false,,0.1859,0.1314,0.1067,-0.0289,42.03,long_term_debt_incl_current,0.38,94.43,net_income,0,No change
DIS,WALT DISNEY CO/,Communication Services,2026-08-31,2025-09-27,7,8,false,,0.1859,0.1314,0.1067,-0.0289,42.03,long_term_debt_incl_current,0.38,94.43,net_income,0,No change
DIS,WALT DISNEY CO/,Communication Services,2026-09-30,2025-09-27,7,8,false,,0.1859,0.1314,0.1067,-0.0289,42.03,long_term_debt_incl_current,0.38,94.43,net_income,0,No change
GE,GENERAL ELECTRIC CO,Industrials,2010-02-28,2009-12-31,3,4,false,0.6774,,0.0703,0.1018,-0.0172,,,,156.78,net_income,,No change
GE,GENERAL ELECTRIC CO,Industrials,2010-03-31,2009-12-31,3,4,false,0.6774,,0.0703,0.1018,-0.0172,,,,156.78,net_income,0,No change
GE,GENERAL ELECTRIC CO,Industrials,2010-04-30,2009-12-31,3,4,false,0.6774,,0.0703,0.1018,-0.0172,,,,156.78,net_income,0,No change
GE,GENERAL ELECTRIC CO,Industrials,2010-05-31,2009-12-31,3,4,false,0.6774,,0.0703,0.1018,-0.0172,,,,156.78,net_income,0,No change
GE,GENERAL ELECTRIC CO,Industrials,2010-06-30,2009-12-31,3,4,false,0.6774,,0.0703,0.1018,-0.0172,,,,156.78,net_income,0,No change
GE,GENERAL ELECTRIC CO,Industrials,2010-07-31,2009-12-31,3,4,false,0.6774,,0.0703,0.1018,-0.0172,,,,156.78,net_income,0,No change
GE,GENERAL ELECTRIC CO,Industrials,2010-08-31,2009-12-31,3,4,false,0.6774,,0.0703,0.1018,-0.0172,,,,156.78,net_income,0,No change
GE,GENERAL ELECTRIC CO,Industrials,2010-09-30,2009-12-31,3,4,false,0.6774,,0.0703,0.1018,-0.0172,,,,156.78,net_income,0,No change
GE,GENERAL ELECTRIC CO,Industrials,2010-10-31,2009-12-31,3,4,false,0.6774,,0.0703,0.1018,-0.0172,,,,156.78,net_income,0,No change
GE,GENERAL ELECTRIC CO,Industrials,2010-11-30,2009-12-31,3,4,false,0.6774,,0.0703,0.1018,-0.0172,,,,156.78,net_income,0,No change
GE,GENERAL ELECTRIC CO,Industrials,2010-12-31,2009-12-31,3,4,false,0.6774,,0.0703,0.1018,-0.0172,,,,156.78,net_income,0,No change
GE,GENERAL ELECTRIC CO,Industrials,2011-01-31,2009-12-31,3,4,false,0.6774,,0.0703,0.1018,-0.0172,,,,156.78,net_income,0,No change
GE,GENERAL ELECTRIC CO,Industrials,2011-02-28,2010-12-31,5,6,false,0.6937,,0.0775,0.1752,-0.0319,,,,150.21,net_income,2,New annual report
GE,GENERAL ELECTRIC CO,Industrials,2011-03-31,2010-12-31,5,6,false,0.6937,,0.0775,0.1752,-0.0319,,,,150.21,net_income,0,No change
GE,GENERAL ELECTRIC CO,Industrials,2011-04-30,2010-12-31,5,6,false,0.6937,,0.0775,0.1752,-0.0319,,,,150.21,net_income,0,No change
GE,GENERAL ELECTRIC CO,Industrials,2011-05-31,2010-12-31,5,6,false,0.6937,,0.0775,0.1752,-0.0319,,,,150.21,net_income,0,No change
GE,GENERAL ELECTRIC CO,Industrials,2011-06-30,2010-12-31,5,6,false,0.6937,,0.0775,0.1752,-0.0319,,,,150.21,net_income,0,No change
GE,GENERAL ELECTRIC CO,Industrials,2011-07-31,2010-12-31,5,6,false,0.6937,,0.0775,0.1752,-0.0319,,,,150.21,net_income,0,No change
GE,GENERAL ELECTRIC CO,Industrials,2011-08-31,2010-12-31,5,6,false,0.6937,,0.0775,0.1752,-0.0319,,,,150.21,net_income,0,No change
GE,GENERAL ELECTRIC CO,Industrials,2011-09-30,2010-12-31,5,6,false,0.6937,,0.0775,0.1752,-0.0319,,,,150.21,net_income,0,No change
GE,GENERAL ELECTRIC CO,Industrials,2011-10-31,2010-12-31,5,6,false,0.6937,,0.0775,0.1752,-0.0319,,,,150.21,net_income,0,No change
GE,GENERAL ELECTRIC CO,Industrials,2011-11-30,2010-12-31,5,6,false,0.6937,,0.0775,0.1752,-0.0319,,,,150.21,net_income,0,No change
GE,GENERAL ELECTRIC CO,Industrials,2011-12-31,2010-12-31,5,6,false,0.6937,,0.0775,0.1752,-0.0319,,,,150.21,net_income,0,No change
GE,GENERAL ELECTRIC CO,Industrials,2012-01-31,2010-12-31,5,6,false,0.6937,,0.0775,0.1752,-0.0319,,,,150.21,net_income,0,No change
GE,GENERAL ELECTRIC CO,Industrials,2012-02-29,2011-12-31,5,6,false,0.6507,0.1397,0.0961,0.1406,-0.0262,,,,147.3,net_income,0,No change
GE,GENERAL ELECTRIC CO,Industrials,2012-03-31,2011-12-31,5,6,false,0.6507,0.1397,0.0961,0.1406,-0.0262,,,,147.3,net_income,0,No change
GE,GENERAL ELECTRIC CO,Industrials,2012-04-30,2011-12-31,5,6,false,0.6507,0.1397,0.0961,0.1406,-0.0262,,,,147.3,net_income,0,No change
GE,GENERAL ELECTRIC CO,Industrials,2012-05-31,2011-12-31,5,6,false,0.6507,0.1397,0.0961,0.1406,-0.0262,,,,147.3,net_income,0,No change
GE,GENERAL ELECTRIC CO,Industrials,2012-06-30,2011-12-31,5,6,false,0.6507,0.1397,0.0961,0.1406,-0.0262,,,,147.3,net_income,0,No change
GE,GENERAL ELECTRIC CO,Industrials,2012-07-31,2011-12-31,5,6,false,0.6507,0.1397,0.0961,0.1406,-0.0262,,,,147.3,net_income,0,No change
GE,GENERAL ELECTRIC CO,Industrials,2012-08-31,2011-12-31,5,6,false,0.6507,0.1397,0.0961,0.1406,-0.0262,,,,147.3,net_income,0,No change
GE,GENERAL ELECTRIC CO,Industrials,2012-09-30,2011-12-31,5,6,false,0.6507,0.1397,0.0961,0.1406,-0.0262,,,,147.3,net_income,0,No change
GE,GENERAL ELECTRIC CO,Industrials,2012-10-31,2011-12-31,5,6,false,0.6507,0.1397,0.0961,0.1406,-0.0262,,,,147.3,net_income,0,No change
GE,GENERAL ELECTRIC CO,Industrials,2012-11-30,2011-12-31,5,6,false,0.6507,0.1397,0.0961,0.1406,-0.0262,,,,147.3,net_income,0,No change
GE,GENERAL ELECTRIC CO,Industrials,2012-12-31,2011-12-31,5,6,false,0.6507,0.1397,0.0961,0.1406,-0.0262,,,,147.3,net_income,0,No change
GE,GENERAL ELECTRIC CO,Industrials,2013-01-31,2011-12-31,5,6,false,0.6507,0.1397,0.0961,0.1406,-0.0262,,,,147.3,net_income,0,No change
GE,GENERAL ELECTRIC CO,Industrials,2013-02-28,2012-12-31,5,6,false,0.6146,0.1553,0.0926,0.11,-0.0252,,,,147.36,net_income,0,No change
GE,GENERAL ELECTRIC CO,Industrials,2013-03-31,2012-12-31,5,6,false,0.6146,0.1553,0.0926,0.11,-0.0252,,,,147.36,net_income,0,No change
GE,GENERAL ELECTRIC CO,Industrials,2013-04-30,2012-12-31,5,6,false,0.6146,0.1553,0.0926,0.11,-0.0252,,,,147.36,net_income,0,No change
GE,GENERAL ELECTRIC CO,Industrials,2013-05-31,2012-12-31,5,6,false,0.6146,0.1553,0.0926,0.11,-0.0252,,,,147.36,net_income,0,No change
GE,GENERAL ELECTRIC CO,Industrials,2013-06-30,2012-12-31,5,6,false,0.6146,0.1553,0.0926,0.11,-0.0252,,,,147.36,net_income,0,No change
GE,GENERAL ELECTRIC CO,Industrials,2013-07-31,2012-12-31,5,6,false,0.6146,0.1553,0.0926,0.11,-0.0252,,,,147.36,net_income,0,No change
GE,GENERAL ELECTRIC CO,Industrials,2013-08-31,2012-12-31,5,6,false,0.6146,0.1553,0.0926,0.11,-0.0252,,,,147.36,net_income,0,No change
GE,GENERAL ELECTRIC CO,Industrials,2013-09-30,2012-12-31,5,6,false,0.6146,0.1553,0.0926,0.11,-0.0252,,,,147.36,net_income,0,No change
GE,GENERAL ELECTRIC CO,Industrials,2013-10-31,2012-12-31,5,6,false,0.6146,0.1553,0.0926,0.11,-0.0252,,,,147.36,net_income,0,No change
GE,GENERAL ELECTRIC CO,Industrials,2013-11-30,2012-12-31,5,6,false,0.6146,0.1553,0.0926,0.11,-0.0252,,,,147.36,net_income,0,No change
GE,GENERAL ELECTRIC CO,Industrials,2013-12-31,2012-12-31,5,6,false,0.6146,0.1553,0.0926,0.11,-0.0252,,,,147.36,net_income,0,No change
GE,GENERAL ELECTRIC CO,Industrials,2014-01-31,2012-12-31,5,6,false,0.6146,0.1553,0.0926,0.11,-0.0252,,,,147.36,net_income,0,No change
GE,GENERAL ELECTRIC CO,Industrials,2014-02-28,2013-12-31,5,6,false,0.6038,,0.0894,0.1035,-0.0231,,,,146.04,net_income,0,No change
GE,GENERAL ELECTRIC CO,Industrials,2014-03-31,2013-12-31,5,6,false,0.6038,,0.0894,0.1035,-0.0231,,,,146.04,net_income,0,No change
GE,GENERAL ELECTRIC CO,Industrials,2014-04-30,2013-12-31,5,6,false,0.6038,,0.0894,0.1035,-0.0231,,,,146.04,net_income,0,No change
GE,GENERAL ELECTRIC CO,Industrials,2014-05-31,2013-12-31,5,6,false,0.6038,,0.0894,0.1035,-0.0231,,,,146.04,net_income,0,No change
GE,GENERAL ELECTRIC CO,Industrials,2014-06-30,2013-12-31,5,6,false,0.6038,,0.0894,0.1035,-0.0231,,,,146.04,net_income,0,No change
GE,GENERAL ELECTRIC CO,Industrials,2014-07-31,2013-12-31,5,6,false,0.6038,,0.0894,0.1035,-0.0231,,,,146.04,net_income,0,No change
GE,GENERAL ELECTRIC CO,Industrials,2014-08-31,2013-12-31,5,6,false,0.6038,,0.0894,0.1035,-0.0231,,,,146.04,net_income,0,No change
GE,GENERAL ELECTRIC CO,Industrials,2014-09-30,2013-12-31,5,6,false,0.6038,,0.0894,0.1035,-0.0231,,,,146.04,net_income,0,No change
GE,GENERAL ELECTRIC CO,Industrials,2014-10-31,2013-12-31,5,6,false,0.6038,,0.0894,0.1035,-0.0231,,,,146.04,net_income,0,No change
GE,GENERAL ELECTRIC CO,Industrials,2014-11-30,2013-12-31,5,6,false,0.6038,,0.0894,0.1035,-0.0231,,,,146.04,net_income,0,No change
GE,GENERAL ELECTRIC CO,Industrials,2014-12-31,2013-12-31,5,6,false,0.6038,,0.0894,0.1035,-0.0231,,,,146.04,net_income,0,No change
GE,GENERAL ELECTRIC CO,Industrials,2015-01-31,2013-12-31,5,6,false,0.6038,,0.0894,0.1035,-0.0231,,,,146.04,net_income,0,No change
GE,GENERAL ELECTRIC CO,Industrials,2015-02-28,2014-12-31,6,7,false,0.5877,,0.1025,0.0941,-0.0191,,,,148.59,net_income,1,New annual report
GE,GENERAL ELECTRIC CO,Industrials,2015-03-31,2014-12-31,6,7,false,0.5877,,0.1025,0.0941,-0.0191,,,,148.59,net_income,0,No change
GE,GENERAL ELECTRIC CO,Industrials,2015-04-30,2014-12-31,6,7,false,0.5877,,0.1025,0.0941,-0.0191,,,,148.59,net_income,0,No change
GE,GENERAL ELECTRIC CO,Industrials,2015-05-31,2014-12-31,6,7,false,0.5877,,0.1025,0.0941,-0.0191,,,,148.59,net_income,0,No change
GE,GENERAL ELECTRIC CO,Industrials,2015-06-30,2014-12-31,6,7,false,0.5877,,0.1025,0.0941,-0.0191,,,,148.59,net_income,0,No change
GE,GENERAL ELECTRIC CO,Industrials,2015-07-31,2014-12-31,6,7,false,0.5877,,0.1025,0.0941,-0.0191,,,,148.59,net_income,0,No change
GE,GENERAL ELECTRIC CO,Industrials,2015-08-31,2014-12-31,6,7,false,0.5877,,0.1025,0.0941,-0.0191,,,,148.59,net_income,0,No change
GE,GENERAL ELECTRIC CO,Industrials,2015-09-30,2014-12-31,6,7,false,0.5877,,0.1025,0.0941,-0.0191,,,,148.59,net_income,0,No change
GE,GENERAL ELECTRIC CO,Industrials,2015-10-31,2014-12-31,6,7,false,0.5877,,0.1025,0.0941,-0.0191,,,,148.59,net_income,0,No change
GE,GENERAL ELECTRIC CO,Industrials,2015-11-30,2014-12-31,6,7,false,0.5877,,0.1025,0.0941,-0.019,,,,148.59,net_income,0,No change
GE,GENERAL ELECTRIC CO,Industrials,2015-12-31,2014-12-31,6,7,false,0.5877,,0.1025,0.0941,-0.019,,,,148.59,net_income,0,No change
GE,GENERAL ELECTRIC CO,Industrials,2016-01-31,2014-12-31,6,7,false,0.5877,,0.1025,0.0941,-0.019,,,,148.59,net_income,0,No change
GE,GENERAL ELECTRIC CO,Industrials,2016-02-29,2015-12-31,5,7,false,0.4897,,-0.0522,0.1072,-0.0453,,,,117.39,net_income,-1,New annual report
GE,GENERAL ELECTRIC CO,Industrials,2016-03-31,2015-12-31,5,7,false,0.4897,,-0.0522,0.1072,-0.0453,,,,117.39,net_income,0,No change
GE,GENERAL ELECTRIC CO,Industrials,2016-04-30,2015-12-31,5,7,false,0.4897,,-0.0522,0.1072,-0.0453,,,,117.39,net_income,0,No change
GE,GENERAL ELECTRIC CO,Industrials,2016-05-31,2015-12-31,5,7,false,0.4897,,-0.0522,0.1072,-0.0453,,,,117.39,net_income,0,No change
GE,GENERAL ELECTRIC CO,Industrials,2016-06-30,2015-12-31,5,7,false,0.4897,,-0.0522,0.1072,-0.0453,,,,117.39,net_income,0,No change
GE,GENERAL ELECTRIC CO,Industrials,2016-07-31,2015-12-31,5,7,false,0.4897,,-0.0522,0.1072,-0.0453,,,,117.39,net_income,0,No change
GE,GENERAL ELECTRIC CO,Industrials,2016-08-31,2015-12-31,5,7,false,0.4897,,-0.0522,0.1072,-0.0453,,,,117.39,net_income,0,No change
GE,GENERAL ELECTRIC CO,Industrials,2016-09-30,2015-12-31,5,7,false,0.4897,,-0.0522,0.1072,-0.0453,,,,117.39,net_income,0,No change
GE,GENERAL ELECTRIC CO,Industrials,2016-10-31,2015-12-31,5,7,false,0.4897,,-0.0522,0.1072,-0.0453,,,,117.39,net_income,0,No change
GE,GENERAL ELECTRIC CO,Industrials,2016-11-30,2015-12-31,5,7,false,0.4897,,-0.0522,0.1072,-0.0453,,,,117.39,net_income,0,No change
GE,GENERAL ELECTRIC CO,Industrials,2016-12-31,2015-12-31,5,7,false,0.4897,,-0.0522,0.1072,-0.0453,,,,117.39,net_income,0,No change
GE,GENERAL ELECTRIC CO,Industrials,2017-01-31,2015-12-31,5,7,false,0.4897,,-0.0522,0.1072,-0.0453,,,,117.39,net_income,0,No change
GE,GENERAL ELECTRIC CO,Industrials,2017-02-28,2016-12-31,5,7,false,0.4952,,0.0714,-0.0602,0.0211,,,,123.69,net_income,0,No change
GE,GENERAL ELECTRIC CO,Industrials,2017-03-31,2016-12-31,5,7,false,0.4952,,0.0714,-0.0602,0.0211,,,,123.69,net_income,0,No change
GE,GENERAL ELECTRIC CO,Industrials,2017-04-30,2016-12-31,5,7,false,0.4952,,0.0714,-0.0602,0.0211,,,,123.69,net_income,0,No change
GE,GENERAL ELECTRIC CO,Industrials,2017-05-31,2016-12-31,5,7,false,0.4952,,0.0714,-0.0602,0.0211,,,,123.69,net_income,0,No change
GE,GENERAL ELECTRIC CO,Industrials,2017-06-30,2016-12-31,5,7,false,0.4952,,0.0714,-0.0602,0.0211,,,,123.69,net_income,0,No change
GE,GENERAL ELECTRIC CO,Industrials,2017-07-31,2016-12-31,5,7,false,0.4952,,0.0714,-0.0602,0.0211,136.21,company_reported_total,1.8,123.69,net_income,0,No change
GE,GENERAL ELECTRIC CO,Industrials,2017-08-31,2016-12-31,5,7,false,0.4952,,0.0714,-0.0602,0.0211,136.21,company_reported_total,1.8,123.69,net_income,0,No change
GE,GENERAL ELECTRIC CO,Industrials,2017-09-30,2016-12-31,5,7,false,0.4952,,0.0714,-0.0602,0.0211,136.21,company_reported_total,1.8,123.69,net_income,0,No change
GE,GENERAL ELECTRIC CO,Industrials,2017-10-31,2016-12-31,5,7,false,0.4952,,0.0714,-0.0602,0.0211,136.21,company_reported_total,1.8,123.69,net_income,0,No change
GE,GENERAL ELECTRIC CO,Industrials,2017-11-30,2016-12-31,5,7,false,0.4952,,0.0714,-0.0602,0.0211,136.21,company_reported_total,1.8,123.69,net_income,0,No change
GE,GENERAL ELECTRIC CO,Industrials,2017-12-31,2016-12-31,5,7,false,0.4952,,0.0714,-0.0602,0.0211,136.21,company_reported_total,1.8,123.69,net_income,0,No change
GE,GENERAL ELECTRIC CO,Industrials,2018-01-31,2016-12-31,5,7,false,0.4952,,0.0714,-0.0602,0.0211,136.21,company_reported_total,1.8,123.69,net_income,0,No change
GE,GENERAL ELECTRIC CO,Industrials,2018-02-28,2017-12-31,4,8,false,0.4731,,-0.0474,0.025,-0.0436,134.59,company_reported_total,2.09,122.09,net_income,-1,New annual report
GE,GENERAL ELECTRIC CO,Industrials,2018-03-31,2017-12-31,4,8,false,0.4731,,-0.0474,0.025,-0.0436,134.59,company_reported_total,2.09,122.09,net_income,0,No change
GE,GENERAL ELECTRIC CO,Industrials,2018-04-30,2017-12-31,4,8,false,0.4731,,-0.0474,0.025,-0.0436,134.59,company_reported_total,2.09,122.09,net_income,0,No change
GE,GENERAL ELECTRIC CO,Industrials,2018-05-31,2017-12-31,4,8,false,0.4731,,-0.0474,0.025,-0.0441,134.59,company_reported_total,2.4,122.09,net_income,0,No change
GE,GENERAL ELECTRIC CO,Industrials,2018-06-30,2017-12-31,4,8,false,0.4731,,-0.0474,0.025,-0.0441,134.59,company_reported_total,2.4,122.09,net_income,0,No change
GE,GENERAL ELECTRIC CO,Industrials,2018-07-31,2017-12-31,4,8,false,0.4731,,-0.0474,0.025,-0.0441,134.59,company_reported_total,2.4,122.09,net_income,0,No change
GE,GENERAL ELECTRIC CO,Industrials,2018-08-31,2017-12-31,4,8,false,0.4731,,-0.0474,0.025,-0.0441,134.59,company_reported_total,2.4,122.09,net_income,0,No change
GE,GENERAL ELECTRIC CO,Industrials,2018-09-30,2017-12-31,4,8,false,0.4731,,-0.0474,0.025,-0.0441,134.59,company_reported_total,2.4,122.09,net_income,0,No change
GE,GENERAL ELECTRIC CO,Industrials,2018-10-31,2017-12-31,4,8,false,0.4731,,-0.0474,0.025,-0.0441,134.59,company_reported_total,2.4,122.09,net_income,0,No change
GE,GENERAL ELECTRIC CO,Industrials,2018-11-30,2017-12-31,4,8,false,0.4731,,-0.0474,0.025,-0.0441,134.59,company_reported_total,2.4,122.09,net_income,0,No change
GE,GENERAL ELECTRIC CO,Industrials,2018-12-31,2017-12-31,4,8,false,0.4731,,-0.0474,0.025,-0.0441,134.59,company_reported_total,2.4,122.09,net_income,0,No change
GE,GENERAL ELECTRIC CO,Industrials,2019-01-31,2017-12-31,4,8,false,0.4731,,-0.0474,0.025,-0.0441,134.59,company_reported_total,2.4,122.09,net_income,0,No change
GE,GENERAL ELECTRIC CO,Industrials,2019-02-28,2018-12-31,3,7,false,,,-0.1969,-0.0304,-0.0784,109.96,company_reported_total,3.55,113.54,net_income,-1,New annual report
GE,GENERAL ELECTRIC CO,Industrials,2019-03-31,2018-12-31,3,7,false,,,-0.1969,-0.0304,-0.0784,109.96,company_reported_total,3.55,113.54,net_income,0,No change
GE,GENERAL ELECTRIC CO,Industrials,2019-04-30,2018-12-31,3,7,false,,,-0.1969,-0.0304,-0.0784,109.96,company_reported_total,3.55,113.54,net_income,0,No change
GE,GENERAL ELECTRIC CO,Industrials,2019-05-31,2018-12-31,3,7,false,,,-0.1969,-0.0304,-0.0784,109.93,company_reported_total,3.55,113.54,net_income,0,No change
GE,GENERAL ELECTRIC CO,Industrials,2019-06-30,2018-12-31,3,7,false,,,-0.1969,-0.0304,-0.0784,109.93,company_reported_total,3.55,113.54,net_income,0,No change
GE,GENERAL ELECTRIC CO,Industrials,2019-07-31,2018-12-31,3,7,false,,,-0.1969,-0.0304,-0.0784,109.93,company_reported_total,3.55,113.54,net_income,0,No change
GE,GENERAL ELECTRIC CO,Industrials,2019-08-31,2018-12-31,3,7,false,,,-0.1969,-0.0304,-0.0784,109.93,company_reported_total,3.55,113.54,net_income,0,No change
GE,GENERAL ELECTRIC CO,Industrials,2019-09-30,2018-12-31,3,7,false,,,-0.1969,-0.0304,-0.0784,109.93,company_reported_total,3.55,113.54,net_income,0,No change
GE,GENERAL ELECTRIC CO,Industrials,2019-10-31,2018-12-31,3,7,false,,,-0.1969,-0.0304,-0.0782,103.6,company_reported_total,3.34,113.54,net_income,0,No change
GE,GENERAL ELECTRIC CO,Industrials,2019-11-30,2018-12-31,3,7,false,,,-0.1969,-0.0304,-0.0782,103.6,company_reported_total,3.34,113.54,net_income,0,No change
GE,GENERAL ELECTRIC CO,Industrials,2019-12-31,2018-12-31,3,7,false,,,-0.1969,-0.0304,-0.0782,103.6,company_reported_total,3.34,113.54,net_income,0,No change
GE,GENERAL ELECTRIC CO,Industrials,2020-01-31,2018-12-31,3,7,false,,,-0.1969,-0.0304,-0.0782,103.6,company_reported_total,3.34,113.54,net_income,0,No change
GE,GENERAL ELECTRIC CO,Industrials,2020-02-29,2019-12-31,5,8,false,0.2645,,-0.0523,0.0311,-0.0477,90.88,company_reported_total,3.21,95.21,net_income,2,New annual report
GE,GENERAL ELECTRIC CO,Industrials,2020-03-31,2019-12-31,5,8,false,0.2645,,-0.0523,0.0311,-0.0477,90.88,company_reported_total,3.21,95.21,net_income,0,No change
GE,GENERAL ELECTRIC CO,Industrials,2020-04-30,2019-12-31,5,8,false,0.2645,,-0.0523,0.0311,-0.0477,90.88,company_reported_total,3.21,95.21,net_income,0,No change
GE,GENERAL ELECTRIC CO,Industrials,2020-05-31,2019-12-31,5,8,false,0.2645,,-0.0523,0.0311,-0.0477,90.88,company_reported_total,3.21,95.21,net_income,0,No change
GE,GENERAL ELECTRIC CO,Industrials,2020-06-30,2019-12-31,5,8,false,0.2645,,-0.0523,0.0311,-0.0477,90.88,company_reported_total,3.21,95.21,net_income,0,No change
GE,GENERAL ELECTRIC CO,Industrials,2020-07-31,2019-12-31,5,8,false,0.2645,,-0.0523,0.0311,-0.0477,90.88,company_reported_total,3.21,95.21,net_income,0,No change
GE,GENERAL ELECTRIC CO,Industrials,2020-08-31,2019-12-31,5,8,false,0.2645,,-0.0523,0.0311,-0.0477,90.88,company_reported_total,3.21,95.21,net_income,0,No change
GE,GENERAL ELECTRIC CO,Industrials,2020-09-30,2019-12-31,5,8,false,0.2645,,-0.0523,0.0311,-0.0477,90.88,company_reported_total,3.21,95.21,net_income,0,No change
GE,GENERAL ELECTRIC CO,Industrials,2020-10-31,2019-12-31,5,8,false,0.2645,,-0.0523,0.0311,-0.0477,90.88,company_reported_total,3.21,95.21,net_income,0,No change
GE,GENERAL ELECTRIC CO,Industrials,2020-11-30,2019-12-31,5,8,false,0.2645,,-0.0523,0.0311,-0.0477,90.88,company_reported_total,3.21,95.21,net_income,0,No change
GE,GENERAL ELECTRIC CO,Industrials,2020-12-31,2019-12-31,5,8,false,0.2645,,-0.0523,0.0311,-0.0477,90.88,company_reported_total,3.21,95.21,net_income,0,No change
GE,GENERAL ELECTRIC CO,Industrials,2021-01-31,2019-12-31,5,8,false,0.2645,,-0.0523,0.0311,-0.0477,90.88,company_reported_total,3.21,95.21,net_income,0,No change
GE,GENERAL ELECTRIC CO,Industrials,2021-02-28,2020-12-31,5,9,true,0.2411,,0.0716,0.0043,0.0081,75.07,company_reported_total,2.11,79.62,net_income,0,No change
GE,GENERAL ELECTRIC CO,Industrials,2021-03-31,2020-12-31,5,9,true,0.2411,,0.0716,0.0043,0.0081,75.07,company_reported_total,2.11,79.62,net_income,0,No change
GE,GENERAL ELECTRIC CO,Industrials,2021-04-30,2020-12-31,5,9,true,0.2411,,0.0716,0.0043,0.0081,74.9,company_reported_total,2.11,79.62,net_income,0,No change
GE,GENERAL ELECTRIC CO,Industrials,2021-05-31,2020-12-31,5,9,true,0.2411,,0.0716,0.0043,0.0081,74.9,company_reported_total,2.11,79.62,net_income,0,No change
GE,GENERAL ELECTRIC CO,Industrials,2021-06-30,2020-12-31,5,9,true,0.2411,,0.0716,0.0043,0.0081,74.9,company_reported_total,2.11,79.62,net_income,0,No change
GE,GENERAL ELECTRIC CO,Industrials,2021-07-31,2020-12-31,5,9,true,0.2411,,0.0716,0.0043,0.0081,74.9,company_reported_total,2.11,79.62,net_income,0,No change
GE,GENERAL ELECTRIC CO,Industrials,2021-08-31,2020-12-31,5,9,true,0.2411,,0.0716,0.0043,0.0081,74.9,company_reported_total,2.11,79.62,net_income,0,No change
GE,GENERAL ELECTRIC CO,Industrials,2021-09-30,2020-12-31,5,9,true,0.2411,,0.0716,0.0043,0.0081,74.9,company_reported_total,2.11,79.62,net_income,0,No change
GE,GENERAL ELECTRIC CO,Industrials,2021-10-31,2020-12-31,5,9,true,0.2411,,0.0716,0.0043,0.0081,74.9,company_reported_total,2.11,79.62,net_income,0,No change
GE,GENERAL ELECTRIC CO,Industrials,2021-11-30,2020-12-31,5,9,true,0.2411,,0.0716,0.0043,0.0081,74.9,company_reported_total,2.11,79.62,net_income,0,No change
GE,GENERAL ELECTRIC CO,Industrials,2021-12-31,2020-12-31,5,9,true,0.2411,,0.0716,0.0043,0.0081,74.9,company_reported_total,2.11,79.62,net_income,0,No change
GE,GENERAL ELECTRIC CO,Industrials,2022-01-31,2020-12-31,5,9,true,0.2411,,0.0716,0.0043,0.0081,74.9,company_reported_total,2.11,79.62,net_income,0,No change
GE,GENERAL ELECTRIC CO,Industrials,2022-02-28,2021-12-31,4,8,false,,,-0.0879,0.0281,-0.0433,35.19,company_reported_total,0.87,74.2,net_income,-1,New annual report
GE,GENERAL ELECTRIC CO,Industrials,2022-03-31,2021-12-31,4,8,false,,,-0.0879,0.0281,-0.0433,35.19,company_reported_total,0.87,74.2,net_income,0,No change
GE,GENERAL ELECTRIC CO,Industrials,2022-04-30,2021-12-31,4,8,false,,,-0.0879,0.0281,-0.0433,35.19,company_reported_total,0.87,74.2,net_income,0,No change
GE,GENERAL ELECTRIC CO,Industrials,2022-05-31,2021-12-31,4,8,false,,,-0.0879,0.0281,-0.0433,35.19,company_reported_total,0.87,74.2,net_income,0,No change
GE,GENERAL ELECTRIC CO,Industrials,2022-06-30,2021-12-31,4,8,false,,,-0.0879,0.0281,-0.0433,35.19,company_reported_total,0.87,74.2,net_income,0,No change
GE,GENERAL ELECTRIC CO,Industrials,2022-07-31,2021-12-31,4,8,false,,,-0.0879,0.0281,-0.0433,35.19,company_reported_total,0.87,74.2,net_income,0,No change
GE,GENERAL ELECTRIC CO,Industrials,2022-08-31,2021-12-31,4,8,false,,,-0.0879,0.0281,-0.0433,35.19,company_reported_total,0.87,74.2,net_income,0,No change
GE,GENERAL ELECTRIC CO,Industrials,2022-09-30,2021-12-31,4,8,false,,,-0.0879,0.0281,-0.0433,35.19,company_reported_total,0.87,74.2,net_income,0,No change
GE,GENERAL ELECTRIC CO,Industrials,2022-10-31,2021-12-31,4,8,false,,,-0.0879,0.0281,-0.0433,35.19,company_reported_total,0.87,74.2,net_income,0,No change
GE,GENERAL ELECTRIC CO,Industrials,2022-11-30,2021-12-31,4,8,false,,,-0.0879,0.0281,-0.0433,35.19,company_reported_total,0.87,74.2,net_income,0,No change
GE,GENERAL ELECTRIC CO,Industrials,2022-12-31,2021-12-31,4,8,false,,,-0.0879,0.0281,-0.0433,35.19,company_reported_total,0.87,74.2,net_income,0,No change
GE,GENERAL ELECTRIC CO,Industrials,2023-01-31,2021-12-31,4,8,false,,,-0.0879,0.0281,-0.0433,35.19,company_reported_total,0.87,74.2,net_income,0,No change
GE,GENERAL ELECTRIC CO,Industrials,2023-02-28,2022-12-31,5,8,false,,,0.0029,0.0594,-0.0294,32.35,company_reported_total,0.89,76.56,net_income,1,New annual report
GE,GENERAL ELECTRIC CO,Industrials,2023-03-31,2022-12-31,5,8,false,,,0.0029,0.0594,-0.0294,32.35,company_reported_total,0.89,76.56,net_income,0,No change
GE,GENERAL ELECTRIC CO,Industrials,2023-04-30,2022-12-31,6,8,false,,,0.0029,0.0594,-0.0294,24.06,company_reported_total,0.71,76.56,net_income,1,Revised data for same fiscal year
GE,GENERAL ELECTRIC CO,Industrials,2023-05-31,2022-12-31,6,8,false,,,0.0029,0.0594,-0.0294,24.06,company_reported_total,0.71,76.56,net_income,0,No change
GE,GENERAL ELECTRIC CO,Industrials,2023-06-30,2022-12-31,6,8,false,,,0.0029,0.0594,-0.0294,24.06,company_reported_total,0.71,76.56,net_income,0,No change
GE,GENERAL ELECTRIC CO,Industrials,2023-07-31,2022-12-31,6,8,false,,,0.0029,0.0594,-0.0294,24.06,company_reported_total,0.71,76.56,net_income,0,No change
GE,GENERAL ELECTRIC CO,Industrials,2023-08-31,2022-12-31,6,8,false,,,0.0029,0.0594,-0.0294,24.06,company_reported_total,0.71,76.56,net_income,0,No change
GE,GENERAL ELECTRIC CO,Industrials,2023-09-30,2022-12-31,6,8,false,,,0.0029,0.0594,-0.0294,24.06,company_reported_total,0.71,76.56,net_income,0,No change
GE,GENERAL ELECTRIC CO,Industrials,2023-10-31,2022-12-31,6,8,false,,,0.0029,0.0594,-0.0294,24.06,company_reported_total,0.71,76.56,net_income,0,No change
GE,GENERAL ELECTRIC CO,Industrials,2023-11-30,2022-12-31,6,8,false,,,0.0029,0.0594,-0.0294,24.06,company_reported_total,0.71,76.56,net_income,0,No change
GE,GENERAL ELECTRIC CO,Industrials,2023-12-31,2022-12-31,6,8,false,,,0.0029,0.0594,-0.0294,24.06,company_reported_total,0.71,76.56,net_income,0,No change
GE,GENERAL ELECTRIC CO,Industrials,2024-01-31,2022-12-31,6,8,false,,,0.0029,0.0594,-0.0294,24.06,company_reported_total,0.71,76.56,net_income,0,No change
GE,GENERAL ELECTRIC CO,Industrials,2024-02-29,2023-12-31,4,7,false,,,0.1395,,0.0245,20.86,long_term_debt_incl_current,0.76,67.95,net_income,-2,New annual report
GE,GENERAL ELECTRIC CO,Industrials,2024-03-31,2023-12-31,4,7,false,,,0.1395,,0.0245,20.86,long_term_debt_incl_current,0.76,67.95,net_income,0,No change
GE,GENERAL ELECTRIC CO,Industrials,2024-04-30,2023-12-31,4,7,false,,,0.1395,,0.0245,20.86,long_term_debt_incl_current,0.76,67.95,net_income,0,No change
GE,GENERAL ELECTRIC CO,Industrials,2024-05-31,2023-12-31,4,7,false,,,0.1395,,0.0245,20.86,long_term_debt_incl_current,0.76,67.95,net_income,0,No change
GE,GENERAL ELECTRIC CO,Industrials,2024-06-30,2023-12-31,4,7,false,,,0.1395,,0.0245,20.86,long_term_debt_incl_current,0.76,67.95,net_income,0,No change
GE,GENERAL ELECTRIC CO,Industrials,2024-07-31,2023-12-31,5,7,false,,,0.1395,,0.0238,20.86,long_term_debt_incl_current,0.76,67.95,net_income,1,Revised data for same fiscal year
GE,GENERAL ELECTRIC CO,Industrials,2024-08-31,2023-12-31,5,7,false,,,0.1395,,0.0238,20.86,long_term_debt_incl_current,0.76,67.95,net_income,0,No change
GE,GENERAL ELECTRIC CO,Industrials,2024-09-30,2023-12-31,5,7,false,,,0.1395,,0.0238,20.86,long_term_debt_incl_current,0.76,67.95,net_income,0,No change
GE,GENERAL ELECTRIC CO,Industrials,2024-10-31,2023-12-31,5,7,false,,,0.1395,,0.0238,20.86,long_term_debt_incl_current,0.76,67.95,net_income,0,No change
GE,GENERAL ELECTRIC CO,Industrials,2024-11-30,2023-12-31,5,7,false,,,0.1395,,0.0238,20.86,long_term_debt_incl_current,0.76,67.95,net_income,0,No change
GE,GENERAL ELECTRIC CO,Industrials,2024-12-31,2023-12-31,5,7,false,,,0.1395,,0.0238,20.86,long_term_debt_incl_current,0.76,67.95,net_income,0,No change
GE,GENERAL ELECTRIC CO,Industrials,2025-01-31,2023-12-31,5,7,false,,,0.1395,,0.0238,20.86,long_term_debt_incl_current,0.76,67.95,net_income,0,No change
GE,GENERAL ELECTRIC CO,Industrials,2025-02-28,2024-12-31,4,8,false,,,0.1694,,0.0125,19.27,long_term_debt_incl_current,1.0,38.7,net_income,-1,New annual report
GE,GENERAL ELECTRIC CO,Industrials,2025-03-31,2024-12-31,4,8,false,,,0.1694,,0.0125,19.27,long_term_debt_incl_current,1.0,38.7,net_income,0,No change
GE,GENERAL ELECTRIC CO,Industrials,2025-04-30,2024-12-31,4,8,false,,,0.1694,,0.0125,19.27,long_term_debt_incl_current,1.0,38.7,net_income,0,No change
GE,GENERAL ELECTRIC CO,Industrials,2025-05-31,2024-12-31,4,8,false,,,0.1694,,0.0125,19.27,long_term_debt_incl_current,1.0,38.7,net_income,0,No change
GE,GENERAL ELECTRIC CO,Industrials,2025-06-30,2024-12-31,4,8,false,,,0.1694,,0.0125,19.27,long_term_debt_incl_current,1.0,38.7,net_income,0,No change
GE,GENERAL ELECTRIC CO,Industrials,2025-07-31,2024-12-31,4,8,false,,,0.1694,,0.0125,19.27,long_term_debt_incl_current,1.0,38.7,net_income,0,No change
GE,GENERAL ELECTRIC CO,Industrials,2025-08-31,2024-12-31,4,8,false,,,0.1694,,0.0125,19.27,long_term_debt_incl_current,1.0,38.7,net_income,0,No change
GE,GENERAL ELECTRIC CO,Industrials,2025-09-30,2024-12-31,4,8,false,,,0.1694,,0.0125,19.27,long_term_debt_incl_current,1.0,38.7,net_income,0,No change
GE,GENERAL ELECTRIC CO,Industrials,2025-10-31,2024-12-31,4,8,false,,,0.1694,,0.0125,19.27,long_term_debt_incl_current,1.0,38.7,net_income,0,No change
GE,GENERAL ELECTRIC CO,Industrials,2025-11-30,2024-12-31,4,8,false,,,0.1694,,0.0125,19.27,long_term_debt_incl_current,1.0,38.7,net_income,0,No change
GE,GENERAL ELECTRIC CO,Industrials,2025-12-31,2024-12-31,4,8,false,,,0.1694,,0.0125,19.27,long_term_debt_incl_current,1.0,38.7,net_income,0,No change
GE,GENERAL ELECTRIC CO,Industrials,2026-01-31,2025-12-31,5,8,false,,,0.1898,,0.0013,20.49,long_term_debt_incl_current,1.1,45.86,net_income,1,New annual report
GE,GENERAL ELECTRIC CO,Industrials,2026-02-28,2025-12-31,5,8,false,,,0.1898,,0.0013,20.49,long_term_debt_incl_current,1.1,45.86,net_income,0,No change
GE,GENERAL ELECTRIC CO,Industrials,2026-03-31,2025-12-31,5,8,false,,,0.1898,,0.0013,20.49,long_term_debt_incl_current,1.1,45.86,net_income,0,No change
GE,GENERAL ELECTRIC CO,Industrials,2026-04-30,2025-12-31,5,8,false,,,0.1898,,0.0013,20.49,long_term_debt_incl_current,1.1,45.86,net_income,0,No change
GE,GENERAL ELECTRIC CO,Industrials,2026-05-31,2025-12-31,5,8,false,,,0.1898,,0.0013,20.49,long_term_debt_incl_current,1.1,45.86,net_income,0,No change
GE,GENERAL ELECTRIC CO,Industrials,2026-06-30,2025-12-31,5,8,false,,,0.1898,,0.0013,20.49,long_term_debt_incl_current,1.1,45.86,net_income,0,No change
GE,GENERAL ELECTRIC CO,Industrials,2026-07-31,2025-12-31,5,8,false,,,0.1898,,0.0013,20.49,long_term_debt_incl_current,1.1,45.86,net_income,0,No change
GE,GENERAL ELECTRIC CO,Industrials,2026-08-31,2025-12-31,5,8,false,,,0.1898,,0.0013,20.49,long_term_debt_incl_current,1.1,45.86,net_income,0,No change
GE,GENERAL ELECTRIC CO,Industrials,2026-09-30,2025-12-31,5,8,false,,,0.1898,,0.0013,20.49,long_term_debt_incl_current,1.1,45.86,net_income,0,No change
GOOGL,Alphabet Inc.,Communication Services,2016-02-29,2015-12-31,4,5,false,0.6244,0.2582,0.218,0.2148,-0.07,5.23,long_term_debt_incl_current,0.04,74.99,net_income,,No change
GOOGL,Alphabet Inc.,Communication Services,2016-03-31,2015-12-31,4,5,false,0.6244,0.2582,0.218,0.2148,-0.07,5.23,long_term_debt_incl_current,0.04,74.99,net_income,0,No change
GOOGL,Alphabet Inc.,Communication Services,2016-04-30,2015-12-31,4,5,false,0.6244,0.2582,0.218,0.2148,-0.07,5.23,long_term_debt_incl_current,0.04,74.99,net_income,0,No change
GOOGL,Alphabet Inc.,Communication Services,2016-05-31,2015-12-31,4,5,false,0.6244,0.2582,0.218,0.2148,-0.07,5.23,long_term_debt_incl_current,0.04,74.99,net_income,0,No change
GOOGL,Alphabet Inc.,Communication Services,2016-06-30,2015-12-31,4,5,false,0.6244,0.2582,0.218,0.2148,-0.07,5.23,long_term_debt_incl_current,0.04,74.99,net_income,0,No change
GOOGL,Alphabet Inc.,Communication Services,2016-07-31,2015-12-31,4,5,false,0.6244,0.2582,0.218,0.2148,-0.07,5.23,long_term_debt_incl_current,0.04,74.99,net_income,0,No change
GOOGL,Alphabet Inc.,Communication Services,2016-08-31,2015-12-31,4,5,false,0.6244,0.2582,0.218,0.2148,-0.07,5.23,long_term_debt_incl_current,0.04,74.99,net_income,0,No change
GOOGL,Alphabet Inc.,Communication Services,2016-09-30,2015-12-31,4,5,false,0.6244,0.2582,0.218,0.2148,-0.07,5.23,long_term_debt_incl_current,0.04,74.99,net_income,0,No change
GOOGL,Alphabet Inc.,Communication Services,2016-10-31,2015-12-31,4,5,false,0.6244,0.2582,0.218,0.2148,-0.07,5.23,long_term_debt_incl_current,0.04,74.99,net_income,0,No change
GOOGL,Alphabet Inc.,Communication Services,2016-11-30,2015-12-31,4,5,false,0.6244,0.2582,0.218,0.2148,-0.07,5.23,long_term_debt_incl_current,0.04,74.99,net_income,0,No change
GOOGL,Alphabet Inc.,Communication Services,2016-12-31,2015-12-31,4,5,false,0.6244,0.2582,0.218,0.2148,-0.07,5.23,long_term_debt_incl_current,0.04,74.99,net_income,0,No change
GOOGL,Alphabet Inc.,Communication Services,2017-01-31,2015-12-31,4,5,false,0.6244,0.2582,0.218,0.2148,-0.07,5.23,long_term_debt_incl_current,0.04,74.99,net_income,0,No change
GOOGL,Alphabet Inc.,Communication Services,2017-02-28,2016-12-31,7,8,false,0.6108,0.2627,0.2158,0.2861,-0.1051,4.0,long_term_debt_incl_current,0.03,90.27,net_income,3,New annual report
GOOGL,Alphabet Inc.,Communication Services,2017-03-31,2016-12-31,7,8,false,0.6108,0.2627,0.2158,0.2861,-0.1051,4.0,long_term_debt_incl_current,0.03,90.27,net_income,0,No change
GOOGL,Alphabet Inc.,Communication Services,2017-04-30,2016-12-31,7,8,false,0.6108,0.2627,0.2158,0.2861,-0.1051,4.0,long_term_debt_incl_current,0.03,90.27,net_income,0,No change
GOOGL,Alphabet Inc.,Communication Services,2017-05-31,2016-12-31,7,8,false,0.6108,0.2627,0.2158,0.2861,-0.1051,4.0,long_term_debt_incl_current,0.03,90.27,net_income,0,No change
GOOGL,Alphabet Inc.,Communication Services,2017-06-30,2016-12-31,7,8,false,0.6108,0.2627,0.2158,0.2861,-0.1051,4.0,long_term_debt_incl_current,0.03,90.27,net_income,0,No change
GOOGL,Alphabet Inc.,Communication Services,2017-07-31,2016-12-31,7,8,false,0.6108,0.2627,0.2158,0.2861,-0.1051,4.0,long_term_debt_incl_current,0.03,90.27,net_income,0,No change
GOOGL,Alphabet Inc.,Communication Services,2017-08-31,2016-12-31,7,8,false,0.6108,0.2627,0.2158,0.2861,-0.1051,4.0,long_term_debt_incl_current,0.03,90.27,net_income,0,No change
GOOGL,Alphabet Inc.,Communication Services,2017-09-30,2016-12-31,7,8,false,0.6108,0.2627,0.2158,0.2861,-0.1051,4.0,long_term_debt_incl_current,0.03,90.27,net_income,0,No change
GOOGL,Alphabet Inc.,Communication Services,2017-10-31,2016-12-31,7,8,false,0.6108,0.2627,0.2158,0.2861,-0.1051,4.0,long_term_debt_incl_current,0.03,90.27,net_income,0,No change
GOOGL,Alphabet Inc.,Communication Services,2017-11-30,2016-12-31,7,8,false,0.6108,0.2627,0.2158,0.2861,-0.1051,4.0,long_term_debt_incl_current,0.03,90.27,net_income,0,No change
GOOGL,Alphabet Inc.,Communication Services,2017-12-31,2016-12-31,7,8,false,0.6108,0.2627,0.2158,0.2861,-0.1051,4.0,long_term_debt_incl_current,0.03,90.27,net_income,0,No change
GOOGL,Alphabet Inc.,Communication Services,2018-01-31,2016-12-31,7,8,false,0.6108,0.2627,0.2158,0.2861,-0.1051,4.0,long_term_debt_incl_current,0.03,90.27,net_income,0,No change
GOOGL,Alphabet Inc.,Communication Services,2018-02-28,2017-12-31,5,8,false,0.5888,0.2359,0.1142,0.2157,-0.1339,4.03,long_term_debt_incl_current,0.03,110.86,net_income,-2,New annual report
GOOGL,Alphabet Inc.,Communication Services,2018-03-31,2017-12-31,5,8,false,0.5888,0.2359,0.1142,0.2157,-0.1339,4.03,long_term_debt_incl_current,0.03,110.86,net_income,0,No change
GOOGL,Alphabet Inc.,Communication Services,2018-04-30,2017-12-31,5,8,false,0.5888,0.2359,0.1142,0.2157,-0.1339,4.03,long_term_debt_incl_current,0.03,110.86,net_income,0,No change
GOOGL,Alphabet Inc.,Communication Services,2018-05-31,2017-12-31,5,8,false,0.5888,0.2359,0.1142,0.2157,-0.1339,4.03,long_term_debt_incl_current,0.03,110.86,net_income,0,No change
GOOGL,Alphabet Inc.,Communication Services,2018-06-30,2017-12-31,5,8,false,0.5888,0.2359,0.1142,0.2157,-0.1339,4.03,long_term_debt_incl_current,0.03,110.86,net_income,0,No change
GOOGL,Alphabet Inc.,Communication Services,2018-07-31,2017-12-31,5,8,false,0.5888,0.2359,0.1142,0.2157,-0.1339,4.03,long_term_debt_incl_current,0.03,110.86,net_income,0,No change
GOOGL,Alphabet Inc.,Communication Services,2018-08-31,2017-12-31,5,8,false,0.5888,0.2359,0.1142,0.2157,-0.1339,4.03,long_term_debt_incl_current,0.03,110.86,net_income,0,No change
GOOGL,Alphabet Inc.,Communication Services,2018-09-30,2017-12-31,5,8,false,0.5888,0.2359,0.1142,0.2157,-0.1339,4.03,long_term_debt_incl_current,0.03,110.86,net_income,0,No change
GOOGL,Alphabet Inc.,Communication Services,2018-10-31,2017-12-31,5,8,false,0.5888,0.2359,0.1142,0.2157,-0.1339,4.03,long_term_debt_incl_current,0.03,110.86,net_income,0,No change
GOOGL,Alphabet Inc.,Communication Services,2018-11-30,2017-12-31,5,8,false,0.5888,0.2359,0.1142,0.2157,-0.1339,4.03,long_term_debt_incl_current,0.03,110.86,net_income,0,No change
GOOGL,Alphabet Inc.,Communication Services,2018-12-31,2017-12-31,5,8,false,0.5888,0.2359,0.1142,0.2157,-0.1339,4.03,long_term_debt_incl_current,0.03,110.86,net_income,0,No change
GOOGL,Alphabet Inc.,Communication Services,2019-01-31,2017-12-31,5,8,false,0.5888,0.2359,0.1142,0.2157,-0.1339,4.03,long_term_debt_incl_current,0.03,110.86,net_income,0,No change
GOOGL,Alphabet Inc.,Communication Services,2019-02-28,2018-12-31,6,8,false,0.5648,0.1924,0.2246,0.1669,-0.0801,4.06,long_term_debt_incl_current,0.02,136.82,net_income,1,New annual report
GOOGL,Alphabet Inc.,Communication Services,2019-03-31,2018-12-31,6,8,false,0.5648,0.1924,0.2246,0.1669,-0.0801,4.06,long_term_debt_incl_current,0.02,136.82,net_income,0,No change
GOOGL,Alphabet Inc.,Communication Services,2019-04-30,2018-12-31,6,8,false,0.5648,0.1924,0.2246,0.1669,-0.0801,4.06,long_term_debt_incl_current,0.02,136.82,net_income,0,No change
GOOGL,Alphabet Inc.,Communication Services,2019-05-31,2018-12-31,6,8,false,0.5648,0.1924,0.2246,0.1669,-0.0801,4.06,long_term_debt_incl_current,0.02,136.82,net_income,0,No change
GOOGL,Alphabet Inc.,Communication Services,2019-06-30,2018-12-31,6,8,false,0.5648,0.1924,0.2246,0.1669,-0.0801,4.06,long_term_debt_incl_current,0.02,136.82,net_income,0,No change
GOOGL,Alphabet Inc.,Communication Services,2019-07-31,2018-12-31,6,8,false,0.5648,0.1924,0.2246,0.1669,-0.0801,4.06,long_term_debt_incl_current,0.02,136.82,net_income,0,No change
GOOGL,Alphabet Inc.,Communication Services,2019-08-31,2018-12-31,6,8,false,0.5648,0.1924,0.2246,0.1669,-0.0801,4.06,long_term_debt_incl_current,0.02,136.82,net_income,0,No change
GOOGL,Alphabet Inc.,Communication Services,2019-09-30,2018-12-31,6,8,false,0.5648,0.1924,0.2246,0.1669,-0.0801,4.06,long_term_debt_incl_current,0.02,136.82,net_income,0,No change
GOOGL,Alphabet Inc.,Communication Services,2019-10-31,2018-12-31,6,8,false,0.5648,0.1924,0.2246,0.1669,-0.0801,4.06,long_term_debt_incl_current,0.02,136.82,net_income,0,No change
GOOGL,Alphabet Inc.,Communication Services,2019-11-30,2018-12-31,6,8,false,0.5648,0.1924,0.2246,0.1669,-0.0801,4.06,long_term_debt_incl_current,0.02,136.82,net_income,0,No change
GOOGL,Alphabet Inc.,Communication Services,2019-12-31,2018-12-31,6,8,false,0.5648,0.1924,0.2246,0.1669,-0.0801,4.06,long_term_debt_incl_current,0.02,136.82,net_income,0,No change
GOOGL,Alphabet Inc.,Communication Services,2020-01-31,2018-12-31,6,8,false,0.5648,0.1924,0.2246,0.1669,-0.0801,4.06,long_term_debt_incl_current,0.02,136.82,net_income,0,No change
GOOGL,Alphabet Inc.,Communication Services,2020-02-29,2019-12-31,5,8,false,0.5558,0.2115,0.2122,0.1914,-0.0793,4.68,long_term_debt_incl_current,0.02,161.86,net_income,-1,New annual report
GOOGL,Alphabet Inc.,Communication Services,2020-03-31,2019-12-31,5,8,false,0.5558,0.2115,0.2122,0.1914,-0.0793,4.68,long_term_debt_incl_current,0.02,161.86,net_income,0,No change
GOOGL,Alphabet Inc.,Communication Services,2020-04-30,2019-12-31,5,8,false,0.5558,0.2115,0.2122,0.1914,-0.0793,4.68,long_term_debt_incl_current,0.02,161.86,net_income,0,No change
GOOGL,Alphabet Inc.,Communication Services,2020-05-31,2019-12-31,5,8,false,0.5558,0.2115,0.2122,0.1914,-0.0793,4.68,long_term_debt_incl_current,0.02,161.86,net_income,0,No change
GOOGL,Alphabet Inc.,Communication Services,2020-06-30,2019-12-31,5,8,false,0.5558,0.2115,0.2122,0.1914,-0.0793,4.68,long_term_debt_incl_current,0.02,161.86,net_income,0,No change
GOOGL,Alphabet Inc.,Communication Services,2020-07-31,2019-12-31,5,8,false,0.5558,0.2115,0.2122,0.1914,-0.0793,4.68,long_term_debt_incl_current,0.02,161.86,net_income,0,No change
GOOGL,Alphabet Inc.,Communication Services,2020-08-31,2019-12-31,5,8,false,0.5558,0.2115,0.2122,0.1914,-0.0793,4.68,long_term_debt_incl_current,0.02,161.86,net_income,0,No change
GOOGL,Alphabet Inc.,Communication Services,2020-09-30,2019-12-31,5,8,false,0.5558,0.2115,0.2122,0.1914,-0.0793,4.68,long_term_debt_incl_current,0.02,161.86,net_income,0,No change
GOOGL,Alphabet Inc.,Communication Services,2020-10-31,2019-12-31,5,8,false,0.5558,0.2115,0.2122,0.1914,-0.0793,4.68,long_term_debt_incl_current,0.02,161.86,net_income,0,No change
GOOGL,Alphabet Inc.,Communication Services,2020-11-30,2019-12-31,5,8,false,0.5558,0.2115,0.2122,0.1914,-0.0793,4.68,long_term_debt_incl_current,0.02,161.86,net_income,0,No change
GOOGL,Alphabet Inc.,Communication Services,2020-12-31,2019-12-31,5,8,false,0.5558,0.2115,0.2122,0.1914,-0.0793,4.68,long_term_debt_incl_current,0.02,161.86,net_income,0,No change
GOOGL,Alphabet Inc.,Communication Services,2021-01-31,2019-12-31,5,8,false,0.5558,0.2115,0.2122,0.1914,-0.0793,4.68,long_term_debt_incl_current,0.02,161.86,net_income,0,No change
GOOGL,Alphabet Inc.,Communication Services,2021-02-28,2020-12-31,3,8,false,0.5358,0.2259,0.2206,0.2347,-0.0835,15.32,long_term_debt_incl_current,0.07,182.53,net_income,-2,New annual report
GOOGL,Alphabet Inc.,Communication Services,2021-03-31,2020-12-31,3,8,false,0.5358,0.2259,0.2206,0.2347,-0.0835,15.32,long_term_debt_incl_current,0.07,182.53,net_income,0,No change
GOOGL,Alphabet Inc.,Communication Services,2021-04-30,2020-12-31,3,8,false,0.5358,0.2259,0.2206,0.2347,-0.0835,15.32,long_term_debt_incl_current,0.07,182.53,net_income,0,No change
GOOGL,Alphabet Inc.,Communication Services,2021-05-31,2020-12-31,3,8,false,0.5358,0.2259,0.2206,0.2347,-0.0835,15.32,long_term_debt_incl_current,0.07,182.53,net_income,0,No change
GOOGL,Alphabet Inc.,Communication Services,2021-06-30,2020-12-31,3,8,false,0.5358,0.2259,0.2206,0.2347,-0.0835,15.32,long_term_debt_incl_current,0.07,182.53,net_income,0,No change
GOOGL,Alphabet Inc.,Communication Services,2021-07-31,2020-12-31,3,8,false,0.5358,0.2259,0.2206,0.2347,-0.0835,15.32,long_term_debt_incl_current,0.07,182.53,net_income,0,No change
GOOGL,Alphabet Inc.,Communication Services,2021-08-31,2020-12-31,3,8,false,0.5358,0.2259,0.2206,0.2347,-0.0835,15.32,long_term_debt_incl_current,0.07,182.53,net_income,0,No change
GOOGL,Alphabet Inc.,Communication Services,2021-09-30,2020-12-31,3,8,false,0.5358,0.2259,0.2206,0.2347,-0.0835,15.32,long_term_debt_incl_current,0.07,182.53,net_income,0,No change
GOOGL,Alphabet Inc.,Communication Services,2021-10-31,2020-12-31,3,8,false,0.5358,0.2259,0.2206,0.2347,-0.0835,15.32,long_term_debt_incl_current,0.07,182.53,net_income,0,No change
GOOGL,Alphabet Inc.,Communication Services,2021-11-30,2020-12-31,3,8,false,0.5358,0.2259,0.2206,0.2347,-0.0835,15.32,long_term_debt_incl_current,0.07,182.53,net_income,0,No change
GOOGL,Alphabet Inc.,Communication Services,2021-12-31,2020-12-31,3,8,false,0.5358,0.2259,0.2206,0.2347,-0.0835,15.32,long_term_debt_incl_current,0.07,182.53,net_income,0,No change
GOOGL,Alphabet Inc.,Communication Services,2022-01-31,2020-12-31,3,8,false,0.5358,0.2259,0.2206,0.2347,-0.0835,15.32,long_term_debt_incl_current,0.07,182.53,net_income,0,No change
GOOGL,Alphabet Inc.,Communication Services,2022-02-28,2021-12-31,7,8,false,0.5694,0.3055,0.2951,0.2601,-0.046,15.44,long_term_debt_incl_current,0.06,257.64,net_income,4,New annual report
GOOGL,Alphabet Inc.,Communication Services,2022-03-31,2021-12-31,7,8,false,0.5694,0.3055,0.2951,0.2601,-0.046,15.44,long_term_debt_incl_current,0.06,257.64,net_income,0,No change
GOOGL,Alphabet Inc.,Communication Services,2022-04-30,2021-12-31,7,8,false,0.5694,0.3055,0.2951,0.2601,-0.046,15.44,long_term_debt_incl_current,0.06,257.64,net_income,0,No change
GOOGL,Alphabet Inc.,Communication Services,2022-05-31,2021-12-31,7,8,false,0.5694,0.3055,0.2951,0.2601,-0.046,15.44,long_term_debt_incl_current,0.06,257.64,net_income,0,No change
GOOGL,Alphabet Inc.,Communication Services,2022-06-30,2021-12-31,7,8,false,0.5694,0.3055,0.2951,0.2601,-0.046,15.44,long_term_debt_incl_current,0.06,257.64,net_income,0,No change
GOOGL,Alphabet Inc.,Communication Services,2022-07-31,2021-12-31,7,8,false,0.5694,0.3055,0.2951,0.2601,-0.046,15.44,long_term_debt_incl_current,0.06,257.64,net_income,0,No change
GOOGL,Alphabet Inc.,Communication Services,2022-08-31,2021-12-31,7,8,false,0.5694,0.3055,0.2951,0.2601,-0.046,15.44,long_term_debt_incl_current,0.06,257.64,net_income,0,No change
GOOGL,Alphabet Inc.,Communication Services,2022-09-30,2021-12-31,7,8,false,0.5694,0.3055,0.2951,0.2601,-0.046,15.44,long_term_debt_incl_current,0.06,257.64,net_income,0,No change
GOOGL,Alphabet Inc.,Communication Services,2022-10-31,2021-12-31,7,8,false,0.5694,0.3055,0.2951,0.2601,-0.046,15.44,long_term_debt_incl_current,0.06,257.64,net_income,0,No change
GOOGL,Alphabet Inc.,Communication Services,2022-11-30,2021-12-31,7,8,false,0.5694,0.3055,0.2951,0.2601,-0.046,15.44,long_term_debt_incl_current,0.06,257.64,net_income,0,No change
GOOGL,Alphabet Inc.,Communication Services,2022-12-31,2021-12-31,7,8,false,0.5694,0.3055,0.2951,0.2601,-0.046,15.44,long_term_debt_incl_current,0.06,257.64,net_income,0,No change
GOOGL,Alphabet Inc.,Communication Services,2023-01-31,2021-12-31,7,8,false,0.5694,0.3055,0.2951,0.2601,-0.046,15.44,long_term_debt_incl_current,0.06,257.64,net_income,0,No change
GOOGL,Alphabet Inc.,Communication Services,2023-02-28,2022-12-31,4,8,false,0.5538,0.2646,0.212,0.2122,-0.087,15.31,long_term_debt_incl_current,0.06,282.84,net_income,-3,New annual report
GOOGL,Alphabet Inc.,Communication Services,2023-03-31,2022-12-31,4,8,false,0.5538,0.2646,0.212,0.2122,-0.087,15.31,long_term_debt_incl_current,0.06,282.84,net_income,0,No change
GOOGL,Alphabet Inc.,Communication Services,2023-04-30,2022-12-31,4,8,false,0.5538,0.2646,0.212,0.2122,-0.087,15.31,long_term_debt_incl_current,0.06,282.84,net_income,0,No change
GOOGL,Alphabet Inc.,Communication Services,2023-05-31,2022-12-31,4,8,false,0.5538,0.2646,0.212,0.2122,-0.087,15.31,long_term_debt_incl_current,0.06,282.84,net_income,0,No change
GOOGL,Alphabet Inc.,Communication Services,2023-06-30,2022-12-31,4,8,false,0.5538,0.2646,0.212,0.2122,-0.087,15.31,long_term_debt_incl_current,0.06,282.84,net_income,0,No change
GOOGL,Alphabet Inc.,Communication Services,2023-07-31,2022-12-31,4,8,false,0.5538,0.2646,0.212,0.2122,-0.087,15.31,long_term_debt_incl_current,0.06,282.84,net_income,0,No change
GOOGL,Alphabet Inc.,Communication Services,2023-08-31,2022-12-31,4,8,false,0.5538,0.2646,0.212,0.2122,-0.087,15.31,long_term_debt_incl_current,0.06,282.84,net_income,0,No change
GOOGL,Alphabet Inc.,Communication Services,2023-09-30,2022-12-31,4,8,false,0.5538,0.2646,0.212,0.2122,-0.087,15.31,long_term_debt_incl_current,0.06,282.84,net_income,0,No change
GOOGL,Alphabet Inc.,Communication Services,2023-10-31,2022-12-31,4,8,false,0.5538,0.2646,0.212,0.2122,-0.087,15.31,long_term_debt_incl_current,0.06,282.84,net_income,0,No change
GOOGL,Alphabet Inc.,Communication Services,2023-11-30,2022-12-31,4,8,false,0.5538,0.2646,0.212,0.2122,-0.087,15.31,long_term_debt_incl_current,0.06,282.84,net_income,0,No change
GOOGL,Alphabet Inc.,Communication Services,2023-12-31,2022-12-31,4,8,false,0.5538,0.2646,0.212,0.2122,-0.087,15.31,long_term_debt_incl_current,0.06,282.84,net_income,0,No change
GOOGL,Alphabet Inc.,Communication Services,2024-01-31,2022-12-31,4,8,false,0.5538,0.2646,0.212,0.2122,-0.087,15.31,long_term_debt_incl_current,0.06,282.84,net_income,0,No change
GOOGL,Alphabet Inc.,Communication Services,2024-02-29,2023-12-31,7,8,false,0.5663,0.2742,0.2401,0.2261,-0.0728,14.86,long_term_debt_incl_current,0.05,307.39,net_income,3,New annual report
GOOGL,Alphabet Inc.,Communication Services,2024-03-31,2023-12-31,7,8,false,0.5663,0.2742,0.2401,0.2261,-0.0728,14.86,long_term_debt_incl_current,0.05,307.39,net_income,0,No change
GOOGL,Alphabet Inc.,Communication Services,2024-04-30,2023-12-31,7,8,false,0.5663,0.2742,0.2401,0.2261,-0.0728,14.86,long_term_debt_incl_current,0.05,307.39,net_income,0,No change
GOOGL,Alphabet Inc.,Communication Services,2024-05-31,2023-12-31,7,8,false,0.5663,0.2742,0.2401,0.2261,-0.0728,14.86,long_term_debt_incl_current,0.05,307.39,net_income,0,No change
GOOGL,Alphabet Inc.,Communication Services,2024-06-30,2023-12-31,7,8,false,0.5663,0.2742,0.2401,0.2261,-0.0728,14.86,long_term_debt_incl_current,0.05,307.39,net_income,0,No change
GOOGL,Alphabet Inc.,Communication Services,2024-07-31,2023-12-31,7,8,false,0.5663,0.2742,0.2401,0.2261,-0.0728,14.86,long_term_debt_incl_current,0.05,307.39,net_income,0,No change
GOOGL,Alphabet Inc.,Communication Services,2024-08-31,2023-12-31,7,8,false,0.5663,0.2742,0.2401,0.2261,-0.0728,14.86,long_term_debt_incl_current,0.05,307.39,net_income,0,No change
GOOGL,Alphabet Inc.,Communication Services,2024-09-30,2023-12-31,7,8,false,0.5663,0.2742,0.2401,0.2261,-0.0728,14.86,long_term_debt_incl_current,0.05,307.39,net_income,0,No change
GOOGL,Alphabet Inc.,Communication Services,2024-10-31,2023-12-31,7,8,false,0.5663,0.2742,0.2401,0.2261,-0.0728,14.86,long_term_debt_incl_current,0.05,307.39,net_income,0,No change
GOOGL,Alphabet Inc.,Communication Services,2024-11-30,2023-12-31,7,8,false,0.5663,0.2742,0.2401,0.2261,-0.0728,14.86,long_term_debt_incl_current,0.05,307.39,net_income,0,No change
GOOGL,Alphabet Inc.,Communication Services,2024-12-31,2023-12-31,7,8,false,0.5663,0.2742,0.2401,0.2261,-0.0728,14.86,long_term_debt_incl_current,0.05,307.39,net_income,0,No change
GOOGL,Alphabet Inc.,Communication Services,2025-01-31,2023-12-31,7,8,false,0.5663,0.2742,0.2401,0.2261,-0.0728,14.86,long_term_debt_incl_current,0.05,307.39,net_income,0,No change
GOOGL,Alphabet Inc.,Communication Services,2025-02-28,2024-12-31,8,9,true,0.582,0.3211,0.286,0.2079,-0.0591,14.3,long_term_debt_incl_current,0.04,350.02,net_income,1,New annual report
GOOGL,Alphabet Inc.,Communication Services,2025-03-31,2024-12-31,8,9,true,0.582,0.3211,0.286,0.2079,-0.0591,14.3,long_term_debt_incl_current,0.04,350.02,net_income,0,No change
GOOGL,Alphabet Inc.,Communication Services,2025-04-30,2024-12-31,8,9,true,0.582,0.3211,0.286,0.2079,-0.0591,14.3,long_term_debt_incl_current,0.04,350.02,net_income,0,No change
GOOGL,Alphabet Inc.,Communication Services,2025-05-31,2024-12-31,8,9,true,0.582,0.3211,0.286,0.2079,-0.0591,14.3,long_term_debt_incl_current,0.04,350.02,net_income,0,No change
GOOGL,Alphabet Inc.,Communication Services,2025-06-30,2024-12-31,8,9,true,0.582,0.3211,0.286,0.2079,-0.0591,14.3,long_term_debt_incl_current,0.04,350.02,net_income,0,No change
GOOGL,Alphabet Inc.,Communication Services,2025-07-31,2024-12-31,8,9,true,0.582,0.3211,0.286,0.2079,-0.0591,14.3,long_term_debt_incl_current,0.04,350.02,net_income,0,No change
GOOGL,Alphabet Inc.,Communication Services,2025-08-31,2024-12-31,8,9,true,0.582,0.3211,0.286,0.2079,-0.0591,14.3,long_term_debt_incl_current,0.04,350.02,net_income,0,No change
GOOGL,Alphabet Inc.,Communication Services,2025-09-30,2024-12-31,8,9,true,0.582,0.3211,0.286,0.2079,-0.0591,14.3,long_term_debt_incl_current,0.04,350.02,net_income,0,No change
GOOGL,Alphabet Inc.,Communication Services,2025-10-31,2024-12-31,8,9,true,0.582,0.3211,0.286,0.2079,-0.0591,14.3,long_term_debt_incl_current,0.04,350.02,net_income,0,No change
GOOGL,Alphabet Inc.,Communication Services,2025-11-30,2024-12-31,8,9,true,0.582,0.3211,0.286,0.2079,-0.0591,14.3,long_term_debt_incl_current,0.04,350.02,net_income,0,No change
GOOGL,Alphabet Inc.,Communication Services,2025-12-31,2024-12-31,8,9,true,0.582,0.3211,0.286,0.2079,-0.0591,14.3,long_term_debt_incl_current,0.04,350.02,net_income,0,No change
GOOGL,Alphabet Inc.,Communication Services,2026-01-31,2024-12-31,8,9,true,0.582,0.3211,0.286,0.2079,-0.0591,14.3,long_term_debt_incl_current,0.04,350.02,net_income,0,No change
GOOGL,Alphabet Inc.,Communication Services,2026-02-28,2025-12-31,8,9,true,0.5965,0.3203,0.3281,0.1819,-0.0623,49.09,long_term_debt_incl_current,0.12,402.84,net_income,0,No change
GOOGL,Alphabet Inc.,Communication Services,2026-03-31,2025-12-31,8,9,true,0.5965,0.3203,0.3281,0.1819,-0.0623,49.09,long_term_debt_incl_current,0.12,402.84,net_income,0,No change
GOOGL,Alphabet Inc.,Communication Services,2026-04-30,2025-12-31,8,9,true,0.5965,0.3203,0.3281,0.1819,-0.0623,49.09,long_term_debt_incl_current,0.12,402.84,net_income,0,No change
GOOGL,Alphabet Inc.,Communication Services,2026-05-31,2025-12-31,8,9,true,0.5965,0.3203,0.3281,0.1819,-0.0623,49.09,long_term_debt_incl_current,0.12,402.84,net_income,0,No change
GOOGL,Alphabet Inc.,Communication Services,2026-06-30,2025-12-31,8,9,true,0.5965,0.3203,0.3281,0.1819,-0.0623,49.09,long_term_debt_incl_current,0.12,402.84,net_income,0,No change
GOOGL,Alphabet Inc.,Communication Services,2026-07-31,2025-12-31,8,9,true,0.5965,0.3203,0.3281,0.1819,-0.0623,49.09,long_term_debt_incl_current,0.12,402.84,net_income,0,No change
GOOGL,Alphabet Inc.,Communication Services,2026-08-31,2025-12-31,8,9,true,0.5965,0.3203,0.3281,0.1819,-0.0623,49.09,long_term_debt_incl_current,0.12,402.84,net_income,0,No change
GOOGL,Alphabet Inc.,Communication Services,2026-09-30,2025-12-31,8,9,true,0.5965,0.3203,0.3281,0.1819,-0.0623,49.09,long_term_debt_incl_current,0.12,402.84,net_income,0,No change
HD,"The Home Depot, Inc.",Consumer Discretionary,2010-03-31,2010-01-31,5,6,false,0.3387,0.0726,0.0402,,-0.0601,,,,66.18,net_income,,No change
HD,"The Home Depot, Inc.",Consumer Discretionary,2010-04-30,2010-01-31,5,6,false,0.3387,0.0726,0.0402,,-0.0601,,,,66.18,net_income,0,No change
HD,"The Home Depot, Inc.",Consumer Discretionary,2010-05-31,2010-01-31,5,6,false,0.3387,0.0726,0.0402,,-0.0601,,,,66.18,net_income,0,No change
HD,"The Home Depot, Inc.",Consumer Discretionary,2010-06-30,2010-01-31,5,6,false,0.3387,0.0726,0.0402,,-0.0601,,,,66.18,net_income,0,No change
HD,"The Home Depot, Inc.",Consumer Discretionary,2010-07-31,2010-01-31,5,6,false,0.3387,0.0726,0.0402,,-0.0601,,,,66.18,net_income,0,No change
HD,"The Home Depot, Inc.",Consumer Discretionary,2010-08-31,2010-01-31,5,6,false,0.3387,0.0726,0.0402,,-0.0601,,,,66.18,net_income,0,No change
HD,"The Home Depot, Inc.",Consumer Discretionary,2010-09-30,2010-01-31,5,6,false,0.3387,0.0726,0.0402,,-0.0601,,,,66.18,net_income,0,No change
HD,"The Home Depot, Inc.",Consumer Discretionary,2010-10-31,2010-01-31,5,6,false,0.3387,0.0726,0.0402,,-0.0601,,,,66.18,net_income,0,No change
HD,"The Home Depot, Inc.",Consumer Discretionary,2010-11-30,2010-01-31,5,6,false,0.3387,0.0726,0.0402,,-0.0601,,,,66.18,net_income,0,No change
HD,"The Home Depot, Inc.",Consumer Discretionary,2010-12-31,2010-01-31,5,6,false,0.3387,0.0726,0.0402,,-0.0601,,,,66.18,net_income,0,No change
HD,"The Home Depot, Inc.",Consumer Discretionary,2011-01-31,2010-01-31,5,6,false,0.3387,0.0726,0.0402,,-0.0601,,,,66.18,net_income,0,No change
HD,"The Home Depot, Inc.",Consumer Discretionary,2011-02-28,2010-01-31,5,6,false,0.3387,0.0726,0.0402,,-0.0601,,,,66.18,net_income,0,No change
HD,"The Home Depot, Inc.",Consumer Discretionary,2011-03-31,2011-01-30,7,9,true,0.3427,0.0859,0.0491,,-0.0308,9.75,long_term_debt_incl_current,0.52,68.0,net_income,2,New annual report
HD,"The Home Depot, Inc.",Consumer Discretionary,2011-04-30,2011-01-30,7,9,true,0.3427,0.0859,0.0491,,-0.0308,9.75,long_term_debt_incl_current,0.52,68.0,net_income,0,No change
HD,"The Home Depot, Inc.",Consumer Discretionary,2011-05-31,2011-01-30,7,9,true,0.3427,0.0859,0.0491,,-0.0308,9.75,long_term_debt_incl_current,0.52,68.0,net_income,0,No change
HD,"The Home Depot, Inc.",Consumer Discretionary,2011-06-30,2011-01-30,7,9,true,0.3427,0.0859,0.0491,,-0.0308,9.75,long_term_debt_incl_current,0.52,68.0,net_income,0,No change
HD,"The Home Depot, Inc.",Consumer Discretionary,2011-07-31,2011-01-30,7,9,true,0.3427,0.0859,0.0491,,-0.0308,9.75,long_term_debt_incl_current,0.52,68.0,net_income,0,No change
HD,"The Home Depot, Inc.",Consumer Discretionary,2011-08-31,2011-01-30,7,9,true,0.3427,0.0859,0.0491,,-0.0308,9.75,long_term_debt_incl_current,0.52,68.0,net_income,0,No change
HD,"The Home Depot, Inc.",Consumer Discretionary,2011-09-30,2011-01-30,7,9,true,0.3427,0.0859,0.0491,,-0.0308,9.75,long_term_debt_incl_current,0.52,68.0,net_income,0,No change
HD,"The Home Depot, Inc.",Consumer Discretionary,2011-10-31,2011-01-30,7,9,true,0.3427,0.0859,0.0491,,-0.0308,9.75,long_term_debt_incl_current,0.52,68.0,net_income,0,No change
HD,"The Home Depot, Inc.",Consumer Discretionary,2011-11-30,2011-01-30,7,9,true,0.3427,0.0859,0.0491,,-0.0308,9.75,long_term_debt_incl_current,0.52,68.0,net_income,0,No change
HD,"The Home Depot, Inc.",Consumer Discretionary,2011-12-31,2011-01-30,7,9,true,0.3427,0.0859,0.0491,,-0.0308,9.75,long_term_debt_incl_current,0.52,68.0,net_income,0,No change
HD,"The Home Depot, Inc.",Consumer Discretionary,2012-01-31,2011-01-30,7,9,true,0.3427,0.0859,0.0491,,-0.0308,9.75,long_term_debt_incl_current,0.52,68.0,net_income,0,No change
HD,"The Home Depot, Inc.",Consumer Discretionary,2012-02-29,2011-01-30,7,9,true,0.3427,0.0859,0.0491,,-0.0308,9.75,long_term_debt_incl_current,0.52,68.0,net_income,0,No change
HD,"The Home Depot, Inc.",Consumer Discretionary,2012-03-31,2012-01-29,6,6,false,0.3447,0.0946,0.0552,,,,,,70.4,net_income,-1,New annual report
HD,"The Home Depot, Inc.",Consumer Discretionary,2012-04-30,2012-01-29,6,6,false,0.3447,0.0946,0.0552,,,,,,70.4,net_income,0,No change
HD,"The Home Depot, Inc.",Consumer Discretionary,2012-05-31,2012-01-29,6,6,false,0.3447,0.0946,0.0552,,,,,,70.4,net_income,0,No change
HD,"The Home Depot, Inc.",Consumer Discretionary,2012-06-30,2012-01-29,6,6,false,0.3447,0.0946,0.0552,,,,,,70.4,net_income,0,No change
HD,"The Home Depot, Inc.",Consumer Discretionary,2012-07-31,2012-01-29,6,6,false,0.3447,0.0946,0.0552,,,,,,70.4,net_income,0,No change
HD,"The Home Depot, Inc.",Consumer Discretionary,2012-08-31,2012-01-29,6,6,false,0.3447,0.0946,0.0552,,,,,,70.4,net_income,0,No change
HD,"The Home Depot, Inc.",Consumer Discretionary,2012-09-30,2012-01-29,6,6,false,0.3447,0.0946,0.0552,,,,,,70.4,net_income,0,No change
HD,"The Home Depot, Inc.",Consumer Discretionary,2012-10-31,2012-01-29,6,6,false,0.3447,0.0946,0.0552,,,,,,70.4,net_income,0,No change
HD,"The Home Depot, Inc.",Consumer Discretionary,2012-11-30,2012-01-29,6,6,false,0.3447,0.0946,0.0552,,,,,,70.4,net_income,0,No change
HD,"The Home Depot, Inc.",Consumer Discretionary,2012-12-31,2012-01-29,6,6,false,0.3447,0.0946,0.0552,,,,,,70.4,net_income,0,No change
HD,"The Home Depot, Inc.",Consumer Discretionary,2013-01-31,2012-01-29,6,6,false,0.3447,0.0946,0.0552,,,,,,70.4,net_income,0,No change
HD,"The Home Depot, Inc.",Consumer Discretionary,2013-02-28,2012-01-29,6,6,false,0.3447,0.0946,0.0552,,,,,,70.4,net_income,0,No change
HD,"The Home Depot, Inc.",Consumer Discretionary,2013-03-31,2013-02-03,7,8,false,0.3457,0.1039,0.0607,,-0.0598,,,,74.75,net_income,1,New annual report
HD,"The Home Depot, Inc.",Consumer Discretionary,2013-04-30,2013-02-03,7,8,false,0.3457,0.1039,0.0607,,-0.0598,,,,74.75,net_income,0,No change
HD,"The Home Depot, Inc.",Consumer Discretionary,2013-05-31,2013-02-03,7,8,false,0.3457,0.1039,0.0607,,-0.0598,,,,74.75,net_income,0,No change
HD,"The Home Depot, Inc.",Consumer Discretionary,2013-06-30,2013-02-03,7,8,false,0.3457,0.1039,0.0607,,-0.0598,,,,74.75,net_income,0,No change
HD,"The Home Depot, Inc.",Consumer Discretionary,2013-07-31,2013-02-03,7,8,false,0.3457,0.1039,0.0607,,-0.0598,,,,74.75,net_income,0,No change
HD,"The Home Depot, Inc.",Consumer Discretionary,2013-08-31,2013-02-03,7,8,false,0.3457,0.1039,0.0607,,-0.0598,,,,74.75,net_income,0,No change
HD,"The Home Depot, Inc.",Consumer Discretionary,2013-09-30,2013-02-03,7,8,false,0.3457,0.1039,0.0607,,-0.0598,,,,74.75,net_income,0,No change
HD,"The Home Depot, Inc.",Consumer Discretionary,2013-10-31,2013-02-03,7,8,false,0.3457,0.1039,0.0607,,-0.0598,,,,74.75,net_income,0,No change
HD,"The Home Depot, Inc.",Consumer Discretionary,2013-11-30,2013-02-03,7,8,false,0.3457,0.1039,0.0607,,-0.0598,,,,74.75,net_income,0,No change
HD,"The Home Depot, Inc.",Consumer Discretionary,2013-12-31,2013-02-03,7,8,false,0.3457,0.1039,0.0607,,-0.0598,,,,74.75,net_income,0,No change
HD,"The Home Depot, Inc.",Consumer Discretionary,2014-01-31,2013-02-03,7,8,false,0.3457,0.1039,0.0607,,-0.0598,,,,74.75,net_income,0,No change
HD,"The Home Depot, Inc.",Consumer Discretionary,2014-02-28,2013-02-03,7,8,false,0.3457,0.1039,0.0607,,-0.0598,,,,74.75,net_income,0,No change
HD,"The Home Depot, Inc.",Consumer Discretionary,2014-03-31,2014-02-02,8,8,false,0.3475,0.1163,0.0683,,-0.055,,,,78.81,net_income,1,New annual report
HD,"The Home Depot, Inc.",Consumer Discretionary,2014-04-30,2014-02-02,8,8,false,0.3475,0.1163,0.0683,,-0.055,,,,78.81,net_income,0,No change
HD,"The Home Depot, Inc.",Consumer Discretionary,2014-05-31,2014-02-02,8,8,false,0.3475,0.1163,0.0683,,-0.055,,,,78.81,net_income,0,No change
HD,"The Home Depot, Inc.",Consumer Discretionary,2014-06-30,2014-02-02,8,8,false,0.3475,0.1163,0.0683,,-0.055,,,,78.81,net_income,0,No change
HD,"The Home Depot, Inc.",Consumer Discretionary,2014-07-31,2014-02-02,8,8,false,0.3475,0.1163,0.0683,,-0.055,,,,78.81,net_income,0,No change
HD,"The Home Depot, Inc.",Consumer Discretionary,2014-08-31,2014-02-02,8,8,false,0.3475,0.1163,0.0683,,-0.055,,,,78.81,net_income,0,No change
HD,"The Home Depot, Inc.",Consumer Discretionary,2014-09-30,2014-02-02,8,8,false,0.3475,0.1163,0.0683,,-0.055,,,,78.81,net_income,0,No change
HD,"The Home Depot, Inc.",Consumer Discretionary,2014-10-31,2014-02-02,8,8,false,0.3475,0.1163,0.0683,,-0.055,,,,78.81,net_income,0,No change
HD,"The Home Depot, Inc.",Consumer Discretionary,2014-11-30,2014-02-02,8,8,false,0.3475,0.1163,0.0683,,-0.055,,,,78.81,net_income,0,No change
HD,"The Home Depot, Inc.",Consumer Discretionary,2014-12-31,2014-02-02,8,8,false,0.3475,0.1163,0.0683,,-0.055,,,,78.81,net_income,0,No change
HD,"The Home Depot, Inc.",Consumer Discretionary,2015-01-31,2014-02-02,8,8,false,0.3475,0.1163,0.0683,,-0.055,,,,78.81,net_income,0,No change
HD,"The Home Depot, Inc.",Consumer Discretionary,2015-02-28,2014-02-02,8,8,false,0.3475,0.1163,0.0683,,-0.055,,,,78.81,net_income,0,No change
HD,"The Home Depot, Inc.",Consumer Discretionary,2015-03-31,2015-02-01,7,8,false,0.3481,0.1259,0.0763,,-0.0472,,,,83.18,net_income,-1,New annual report
HD,"The Home Depot, Inc.",Consumer Discretionary,2015-04-30,2015-02-01,7,8,false,0.3481,0.1259,0.0763,,-0.0472,,,,83.18,net_income,0,No change
HD,"The Home Depot, Inc.",Consumer Discretionary,2015-05-31,2015-02-01,7,8,false,0.3481,0.1259,0.0763,,-0.0472,,,,83.18,net_income,0,No change
HD,"The Home Depot, Inc.",Consumer Discretionary,2015-06-30,2015-02-01,7,8,false,0.3481,0.1259,0.0763,,-0.0472,,,,83.18,net_income,0,No change
HD,"The Home Depot, Inc.",Consumer Discretionary,2015-07-31,2015-02-01,7,8,false,0.3481,0.1259,0.0763,,-0.0472,,,,83.18,net_income,0,No change
HD,"The Home Depot, Inc.",Consumer Discretionary,2015-08-31,2015-02-01,7,8,false,0.3481,0.1259,0.0763,,-0.0472,,,,83.18,net_income,0,No change
HD,"The Home Depot, Inc.",Consumer Discretionary,2015-09-30,2015-02-01,7,8,false,0.3481,0.1259,0.0763,,-0.0472,,,,83.18,net_income,0,No change
HD,"The Home Depot, Inc.",Consumer Discretionary,2015-10-31,2015-02-01,7,8,false,0.3481,0.1259,0.0763,,-0.0472,,,,83.18,net_income,0,No change
HD,"The Home Depot, Inc.",Consumer Discretionary,2015-11-30,2015-02-01,7,8,false,0.3481,0.1259,0.0763,,-0.0472,,,,83.18,net_income,0,No change
HD,"The Home Depot, Inc.",Consumer Discretionary,2015-12-31,2015-02-01,7,8,false,0.3481,0.1259,0.0763,,-0.0472,,,,83.18,net_income,0,No change
HD,"The Home Depot, Inc.",Consumer Discretionary,2016-01-31,2015-02-01,7,8,false,0.3481,0.1259,0.0763,,-0.0472,,,,83.18,net_income,0,No change
HD,"The Home Depot, Inc.",Consumer Discretionary,2016-02-29,2015-02-01,7,8,false,0.3481,0.1259,0.0763,,-0.0472,,,,83.18,net_income,0,No change
HD,"The Home Depot, Inc.",Consumer Discretionary,2016-03-31,2016-01-31,7,8,false,0.3419,0.133,0.0792,,-0.0573,,,,88.52,net_income,0,No change
HD,"The Home Depot, Inc.",Consumer Discretionary,2016-04-30,2016-01-31,7,8,false,0.3419,0.133,0.0792,,-0.0573,,,,88.52,net_income,0,No change
HD,"The Home Depot, Inc.",Consumer Discretionary,2016-05-31,2016-01-31,7,8,false,0.3419,0.133,0.0792,,-0.0577,,,,88.52,net_income,0,No change
HD,"The Home Depot, Inc.",Consumer Discretionary,2016-06-30,2016-01-31,7,8,false,0.3419,0.133,0.0792,,-0.0577,,,,88.52,net_income,0,No change
HD,"The Home Depot, Inc.",Consumer Discretionary,2016-07-31,2016-01-31,7,8,false,0.3419,0.133,0.0792,,-0.0577,,,,88.52,net_income,0,No change
HD,"The Home Depot, Inc.",Consumer Discretionary,2016-08-31,2016-01-31,7,8,false,0.3419,0.133,0.0792,,-0.0577,,,,88.52,net_income,0,No change
HD,"The Home Depot, Inc.",Consumer Discretionary,2016-09-30,2016-01-31,7,8,false,0.3419,0.133,0.0792,,-0.0577,,,,88.52,net_income,0,No change
HD,"The Home Depot, Inc.",Consumer Discretionary,2016-10-31,2016-01-31,7,8,false,0.3419,0.133,0.0792,,-0.0577,,,,88.52,net_income,0,No change
HD,"The Home Depot, Inc.",Consumer Discretionary,2016-11-30,2016-01-31,7,8,false,0.3419,0.133,0.0792,,-0.0577,,,,88.52,net_income,0,No change
HD,"The Home Depot, Inc.",Consumer Discretionary,2016-12-31,2016-01-31,7,8,false,0.3419,0.133,0.0792,,-0.0577,,,,88.52,net_income,0,No change
HD,"The Home Depot, Inc.",Consumer Discretionary,2017-01-31,2016-01-31,7,8,false,0.3419,0.133,0.0792,,-0.0577,,,,88.52,net_income,0,No change
HD,"The Home Depot, Inc.",Consumer Discretionary,2017-02-28,2016-01-31,7,8,false,0.3419,0.133,0.0792,,-0.0577,,,,88.52,net_income,0,No change
HD,"The Home Depot, Inc.",Consumer Discretionary,2017-03-31,2017-01-29,6,8,false,0.3416,0.1419,0.0841,,-0.043,,,,94.6,net_income,-1,New annual report
HD,"The Home Depot, Inc.",Consumer Discretionary,2017-04-30,2017-01-29,6,8,false,0.3416,0.1419,0.0841,,-0.043,,,,94.6,net_income,0,No change
HD,"The Home Depot, Inc.",Consumer Discretionary,2017-05-31,2017-01-29,6,8,false,0.3416,0.1419,0.0841,,-0.043,,,,94.6,net_income,0,No change
HD,"The Home Depot, Inc.",Consumer Discretionary,2017-06-30,2017-01-29,6,8,false,0.3416,0.1419,0.0841,,-0.043,,,,94.6,net_income,0,No change
HD,"The Home Depot, Inc.",Consumer Discretionary,2017-07-31,2017-01-29,6,8,false,0.3416,0.1419,0.0841,,-0.043,,,,94.6,net_income,0,No change
HD,"The Home Depot, Inc.",Consumer Discretionary,2017-08-31,2017-01-29,6,8,false,0.3416,0.1419,0.0841,,-0.043,,,,94.6,net_income,0,No change
HD,"The Home Depot, Inc.",Consumer Discretionary,2017-09-30,2017-01-29,6,8,false,0.3416,0.1419,0.0841,,-0.043,,,,94.6,net_income,0,No change
HD,"The Home Depot, Inc.",Consumer Discretionary,2017-10-31,2017-01-29,6,8,false,0.3416,0.1419,0.0841,,-0.043,,,,94.6,net_income,0,No change
HD,"The Home Depot, Inc.",Consumer Discretionary,2017-11-30,2017-01-29,6,8,false,0.3416,0.1419,0.0841,,-0.043,,,,94.6,net_income,0,No change
HD,"The Home Depot, Inc.",Consumer Discretionary,2017-12-31,2017-01-29,6,8,false,0.3416,0.1419,0.0841,,-0.043,,,,94.6,net_income,0,No change
HD,"The Home Depot, Inc.",Consumer Discretionary,2018-01-31,2017-01-29,6,8,false,0.3416,0.1419,0.0841,,-0.043,,,,94.6,net_income,0,No change
HD,"The Home Depot, Inc.",Consumer Discretionary,2018-02-28,2017-01-29,6,8,false,0.3416,0.1419,0.0841,,-0.043,,,,94.6,net_income,0,No change
HD,"The Home Depot, Inc.",Consumer Discretionary,2018-03-31,2018-01-28,6,8,false,0.3405,0.1455,0.0855,,-0.0777,,,,100.9,net_income,0,No change
HD,"The Home Depot, Inc.",Consumer Discretionary,2018-04-30,2018-01-28,6,8,false,0.3405,0.1455,0.0855,,-0.0777,,,,100.9,net_income,0,No change
HD,"The Home Depot, Inc.",Consumer Discretionary,2018-05-31,2018-01-28,6,8,false,0.3405,0.1455,0.0855,,-0.0777,,,,100.9,net_income,0,No change
HD,"The Home Depot, Inc.",Consumer Discretionary,2018-06-30,2018-01-28,6,8,false,0.3405,0.1455,0.0855,,-0.0777,,,,100.9,net_income,0,No change
HD,"The Home Depot, Inc.",Consumer Discretionary,2018-07-31,2018-01-28,6,8,false,0.3405,0.1455,0.0855,,-0.0777,,,,100.9,net_income,0,No change
HD,"The Home Depot, Inc.",Consumer Discretionary,2018-08-31,2018-01-28,6,8,false,0.3405,0.1455,0.0855,,-0.0777,,,,100.9,net_income,0,No change
HD,"The Home Depot, Inc.",Consumer Discretionary,2018-09-30,2018-01-28,6,8,false,0.3405,0.1455,0.0855,,-0.0777,,,,100.9,net_income,0,No change
HD,"The Home Depot, Inc.",Consumer Discretionary,2018-10-31,2018-01-28,6,8,false,0.3405,0.1455,0.0855,,-0.0777,,,,100.9,net_income,0,No change
HD,"The Home Depot, Inc.",Consumer Discretionary,2018-11-30,2018-01-28,6,8,false,0.3405,0.1455,0.0855,,-0.0777,,,,100.9,net_income,0,No change
HD,"The Home Depot, Inc.",Consumer Discretionary,2018-12-31,2018-01-28,6,8,false,0.3405,0.1455,0.0855,,-0.0777,,,,100.9,net_income,0,No change
HD,"The Home Depot, Inc.",Consumer Discretionary,2019-01-31,2018-01-28,6,8,false,0.3405,0.1455,0.0855,,-0.0777,,,,100.9,net_income,0,No change
HD,"The Home Depot, Inc.",Consumer Discretionary,2019-02-28,2018-01-28,6,8,false,0.3405,0.1455,0.0855,,-0.0777,,,,100.9,net_income,0,No change
HD,"The Home Depot, Inc.",Consumer Discretionary,2019-03-31,2019-02-03,7,8,false,0.3434,0.1435,0.1028,,-0.0433,,,,108.2,net_income,1,New annual report
HD,"The Home Depot, Inc.",Consumer Discretionary,2019-04-30,2019-02-03,7,8,false,0.3434,0.1435,0.1028,,-0.0433,,,,108.2,net_income,0,No change
HD,"The Home Depot, Inc.",Consumer Discretionary,2019-05-31,2019-02-03,7,8,false,0.3434,0.1435,0.1028,,-0.0433,,,,108.2,net_income,0,No change
HD,"The Home Depot, Inc.",Consumer Discretionary,2019-06-30,2019-02-03,7,8,false,0.3434,0.1435,0.1028,,-0.0433,,,,108.2,net_income,0,No change
HD,"The Home Depot, Inc.",Consumer Discretionary,2019-07-31,2019-02-03,7,8,false,0.3434,0.1435,0.1028,,-0.0433,,,,108.2,net_income,0,No change
HD,"The Home Depot, Inc.",Consumer Discretionary,2019-08-31,2019-02-03,7,8,false,0.3434,0.1435,0.1028,,-0.0433,,,,108.2,net_income,0,No change
HD,"The Home Depot, Inc.",Consumer Discretionary,2019-09-30,2019-02-03,7,8,false,0.3434,0.1435,0.1028,,-0.0433,,,,108.2,net_income,0,No change
HD,"The Home Depot, Inc.",Consumer Discretionary,2019-10-31,2019-02-03,7,8,false,0.3434,0.1435,0.1028,,-0.0433,,,,108.2,net_income,0,No change
HD,"The Home Depot, Inc.",Consumer Discretionary,2019-11-30,2019-02-03,7,8,false,0.3434,0.1435,0.1028,,-0.0433,,,,108.2,net_income,0,No change
HD,"The Home Depot, Inc.",Consumer Discretionary,2019-12-31,2019-02-03,7,8,false,0.3434,0.1435,0.1028,,-0.0433,,,,108.2,net_income,0,No change
HD,"The Home Depot, Inc.",Consumer Discretionary,2020-01-31,2019-02-03,7,8,false,0.3434,0.1435,0.1028,,-0.0433,,,,108.2,net_income,0,No change
HD,"The Home Depot, Inc.",Consumer Discretionary,2020-02-29,2019-02-03,7,8,false,0.3434,0.1435,0.1028,,-0.0433,,,,108.2,net_income,0,No change
HD,"The Home Depot, Inc.",Consumer Discretionary,2020-03-31,2020-02-02,6,8,false,0.3409,0.1437,0.102,,-0.0521,30.47,long_term_debt_incl_current,-9.78,110.23,net_income,-1,New annual report
HD,"The Home Depot, Inc.",Consumer Discretionary,2020-04-30,2020-02-02,6,8,false,0.3409,0.1437,0.102,,-0.0521,30.47,long_term_debt_incl_current,-9.78,110.23,net_income,0,No change
HD,"The Home Depot, Inc.",Consumer Discretionary,2020-05-31,2020-02-02,6,8,false,0.3409,0.1437,0.102,,-0.0521,30.47,long_term_debt_incl_current,-9.78,110.23,net_income,0,No change
HD,"The Home Depot, Inc.",Consumer Discretionary,2020-06-30,2020-02-02,6,8,false,0.3409,0.1437,0.102,,-0.0521,30.47,long_term_debt_incl_current,-9.78,110.23,net_income,0,No change
HD,"The Home Depot, Inc.",Consumer Discretionary,2020-07-31,2020-02-02,6,8,false,0.3409,0.1437,0.102,,-0.0521,30.47,long_term_debt_incl_current,-9.78,110.23,net_income,0,No change
HD,"The Home Depot, Inc.",Consumer Discretionary,2020-08-31,2020-02-02,6,8,false,0.3409,0.1437,0.102,,-0.0521,30.47,long_term_debt_incl_current,-9.78,110.23,net_income,0,No change
HD,"The Home Depot, Inc.",Consumer Discretionary,2020-09-30,2020-02-02,6,8,false,0.3409,0.1437,0.102,,-0.0521,30.47,long_term_debt_incl_current,-9.78,110.23,net_income,0,No change
HD,"The Home Depot, Inc.",Consumer Discretionary,2020-10-31,2020-02-02,6,8,false,0.3409,0.1437,0.102,,-0.0521,30.47,long_term_debt_incl_current,-9.78,110.23,net_income,0,No change
HD,"The Home Depot, Inc.",Consumer Discretionary,2020-11-30,2020-02-02,6,8,false,0.3409,0.1437,0.102,,-0.0521,30.47,long_term_debt_incl_current,-9.78,110.23,net_income,0,No change
HD,"The Home Depot, Inc.",Consumer Discretionary,2020-12-31,2020-02-02,6,8,false,0.3409,0.1437,0.102,,-0.0521,30.47,long_term_debt_incl_current,-9.78,110.23,net_income,0,No change
HD,"The Home Depot, Inc.",Consumer Discretionary,2021-01-31,2020-02-02,6,8,false,0.3409,0.1437,0.102,,-0.0521,30.47,long_term_debt_incl_current,-9.78,110.23,net_income,0,No change
HD,"The Home Depot, Inc.",Consumer Discretionary,2021-02-28,2020-02-02,6,8,false,0.3409,0.1437,0.102,,-0.0521,30.47,long_term_debt_incl_current,-9.78,110.23,net_income,0,No change
HD,"The Home Depot, Inc.",Consumer Discretionary,2021-03-31,2021-01-31,7,9,true,0.3395,0.1384,0.0974,,-0.0981,34.75,long_term_debt_incl_current,10.53,132.11,net_income,1,New annual report
HD,"The Home Depot, Inc.",Consumer Discretionary,2021-04-30,2021-01-31,7,9,true,0.3395,0.1384,0.0974,,-0.0981,34.75,long_term_debt_incl_current,10.53,132.11,net_income,0,No change
HD,"The Home Depot, Inc.",Consumer Discretionary,2021-05-31,2021-01-31,7,9,true,0.3395,0.1384,0.0974,,-0.0981,34.75,long_term_debt_incl_current,10.53,132.11,net_income,0,No change
HD,"The Home Depot, Inc.",Consumer Discretionary,2021-06-30,2021-01-31,7,9,true,0.3395,0.1384,0.0974,,-0.0981,34.75,long_term_debt_incl_current,10.53,132.11,net_income,0,No change
HD,"The Home Depot, Inc.",Consumer Discretionary,2021-07-31,2021-01-31,7,9,true,0.3395,0.1384,0.0974,,-0.0981,34.75,long_term_debt_incl_current,10.53,132.11,net_income,0,No change
HD,"The Home Depot, Inc.",Consumer Discretionary,2021-08-31,2021-01-31,7,9,true,0.3395,0.1384,0.0974,,-0.0981,34.75,long_term_debt_incl_current,10.53,132.11,net_income,0,No change
HD,"The Home Depot, Inc.",Consumer Discretionary,2021-09-30,2021-01-31,7,9,true,0.3395,0.1384,0.0974,,-0.0981,34.75,long_term_debt_incl_current,10.53,132.11,net_income,0,No change
HD,"The Home Depot, Inc.",Consumer Discretionary,2021-10-31,2021-01-31,7,9,true,0.3395,0.1384,0.0974,,-0.0981,34.75,long_term_debt_incl_current,10.53,132.11,net_income,0,No change
HD,"The Home Depot, Inc.",Consumer Discretionary,2021-11-30,2021-01-31,7,9,true,0.3395,0.1384,0.0974,,-0.0981,34.75,long_term_debt_incl_current,10.53,132.11,net_income,0,No change
HD,"The Home Depot, Inc.",Consumer Discretionary,2021-12-31,2021-01-31,7,9,true,0.3395,0.1384,0.0974,,-0.0981,34.75,long_term_debt_incl_current,10.53,132.11,net_income,0,No change
HD,"The Home Depot, Inc.",Consumer Discretionary,2022-01-31,2021-01-31,7,9,true,0.3395,0.1384,0.0974,,-0.0981,34.75,long_term_debt_incl_current,10.53,132.11,net_income,0,No change
HD,"The Home Depot, Inc.",Consumer Discretionary,2022-02-28,2021-01-31,7,9,true,0.3395,0.1384,0.0974,,-0.0981,34.75,long_term_debt_incl_current,10.53,132.11,net_income,0,No change
HD,"The Home Depot, Inc.",Consumer Discretionary,2022-03-31,2022-01-30,5,9,true,0.3363,0.1524,0.1087,,-0.0019,37.44,long_term_debt_incl_current,-22.07,151.16,net_income,-2,New annual report
HD,"The Home Depot, Inc.",Consumer Discretionary,2022-04-30,2022-01-30,5,9,true,0.3363,0.1524,0.1087,,-0.0019,37.44,long_term_debt_incl_current,-22.07,151.16,net_income,0,No change
HD,"The Home Depot, Inc.",Consumer Discretionary,2022-05-31,2022-01-30,5,9,true,0.3363,0.1524,0.1087,,-0.0019,37.44,long_term_debt_incl_current,-22.07,151.16,net_income,0,No change
HD,"The Home Depot, Inc.",Consumer Discretionary,2022-06-30,2022-01-30,5,9,true,0.3363,0.1524,0.1087,,-0.0019,37.44,long_term_debt_incl_current,-22.07,151.16,net_income,0,No change
HD,"The Home Depot, Inc.",Consumer Discretionary,2022-07-31,2022-01-30,5,9,true,0.3363,0.1524,0.1087,,-0.0019,37.44,long_term_debt_incl_current,-22.07,151.16,net_income,0,No change
HD,"The Home Depot, Inc.",Consumer Discretionary,2022-08-31,2022-01-30,5,9,true,0.3363,0.1524,0.1087,,-0.0019,37.44,long_term_debt_incl_current,-22.07,151.16,net_income,0,No change
HD,"The Home Depot, Inc.",Consumer Discretionary,2022-09-30,2022-01-30,5,9,true,0.3363,0.1524,0.1087,,-0.0019,37.44,long_term_debt_incl_current,-22.07,151.16,net_income,0,No change
HD,"The Home Depot, Inc.",Consumer Discretionary,2022-10-31,2022-01-30,5,9,true,0.3363,0.1524,0.1087,,-0.0019,37.44,long_term_debt_incl_current,-22.07,151.16,net_income,0,No change
HD,"The Home Depot, Inc.",Consumer Discretionary,2022-11-30,2022-01-30,5,9,true,0.3363,0.1524,0.1087,,-0.0019,37.44,long_term_debt_incl_current,-22.07,151.16,net_income,0,No change
HD,"The Home Depot, Inc.",Consumer Discretionary,2022-12-31,2022-01-30,5,9,true,0.3363,0.1524,0.1087,,-0.0019,37.44,long_term_debt_incl_current,-22.07,151.16,net_income,0,No change
HD,"The Home Depot, Inc.",Consumer Discretionary,2023-01-31,2022-01-30,5,9,true,0.3363,0.1524,0.1087,,-0.0019,37.44,long_term_debt_incl_current,-22.07,151.16,net_income,0,No change
HD,"The Home Depot, Inc.",Consumer Discretionary,2023-02-28,2022-01-30,5,9,true,0.3363,0.1524,0.1087,,-0.0019,37.44,long_term_debt_incl_current,-22.07,151.16,net_income,0,No change
HD,"The Home Depot, Inc.",Consumer Discretionary,2023-03-31,2023-01-29,6,9,true,0.3353,0.1527,0.1087,,0.0336,41.15,long_term_debt_incl_current,26.34,157.4,net_income,1,New annual report
HD,"The Home Depot, Inc.",Consumer Discretionary,2023-04-30,2023-01-29,6,9,true,0.3353,0.1527,0.1087,,0.0336,41.15,long_term_debt_incl_current,26.34,157.4,net_income,0,No change
HD,"The Home Depot, Inc.",Consumer Discretionary,2023-05-31,2023-01-29,6,9,true,0.3353,0.1527,0.1087,,0.0336,41.15,long_term_debt_incl_current,26.34,157.4,net_income,0,No change
HD,"The Home Depot, Inc.",Consumer Discretionary,2023-06-30,2023-01-29,6,9,true,0.3353,0.1527,0.1087,,0.0336,41.15,long_term_debt_incl_current,26.34,157.4,net_income,0,No change
HD,"The Home Depot, Inc.",Consumer Discretionary,2023-07-31,2023-01-29,6,9,true,0.3353,0.1527,0.1087,,0.0336,41.15,long_term_debt_incl_current,26.34,157.4,net_income,0,No change
HD,"The Home Depot, Inc.",Consumer Discretionary,2023-08-31,2023-01-29,6,9,true,0.3353,0.1527,0.1087,,0.0336,41.15,long_term_debt_incl_current,26.34,157.4,net_income,0,No change
HD,"The Home Depot, Inc.",Consumer Discretionary,2023-09-30,2023-01-29,6,9,true,0.3353,0.1527,0.1087,,0.0336,41.15,long_term_debt_incl_current,26.34,157.4,net_income,0,No change
HD,"The Home Depot, Inc.",Consumer Discretionary,2023-10-31,2023-01-29,6,9,true,0.3353,0.1527,0.1087,,0.0336,41.15,long_term_debt_incl_current,26.34,157.4,net_income,0,No change
HD,"The Home Depot, Inc.",Consumer Discretionary,2023-11-30,2023-01-29,6,9,true,0.3353,0.1527,0.1087,,0.0336,41.15,long_term_debt_incl_current,26.34,157.4,net_income,0,No change
HD,"The Home Depot, Inc.",Consumer Discretionary,2023-12-31,2023-01-29,6,9,true,0.3353,0.1527,0.1087,,0.0336,41.15,long_term_debt_incl_current,26.34,157.4,net_income,0,No change
HD,"The Home Depot, Inc.",Consumer Discretionary,2024-01-31,2023-01-29,6,9,true,0.3353,0.1527,0.1087,,0.0336,41.15,long_term_debt_incl_current,26.34,157.4,net_income,0,No change
HD,"The Home Depot, Inc.",Consumer Discretionary,2024-02-29,2023-01-29,6,9,true,0.3353,0.1527,0.1087,,0.0336,41.15,long_term_debt_incl_current,26.34,157.4,net_income,0,No change
HD,"The Home Depot, Inc.",Consumer Discretionary,2024-03-31,2024-01-28,5,9,true,0.3338,0.1421,0.0992,,-0.0788,42.15,long_term_debt_incl_current,40.37,152.67,net_income,-1,New annual report
HD,"The Home Depot, Inc.",Consumer Discretionary,2024-04-30,2024-01-28,5,9,true,0.3338,0.1421,0.0992,,-0.0788,42.15,long_term_debt_incl_current,40.37,152.67,net_income,0,No change
HD,"The Home Depot, Inc.",Consumer Discretionary,2024-05-31,2024-01-28,5,9,true,0.3338,0.1421,0.0992,,-0.0788,42.15,long_term_debt_incl_current,40.37,152.67,net_income,0,No change
HD,"The Home Depot, Inc.",Consumer Discretionary,2024-06-30,2024-01-28,5,9,true,0.3338,0.1421,0.0992,,-0.0788,42.15,long_term_debt_incl_current,40.37,152.67,net_income,0,No change
HD,"The Home Depot, Inc.",Consumer Discretionary,2024-07-31,2024-01-28,5,9,true,0.3338,0.1421,0.0992,,-0.0788,42.15,long_term_debt_incl_current,40.37,152.67,net_income,0,No change
HD,"The Home Depot, Inc.",Consumer Discretionary,2024-08-31,2024-01-28,5,9,true,0.3338,0.1421,0.0992,,-0.0788,42.15,long_term_debt_incl_current,40.37,152.67,net_income,0,No change
HD,"The Home Depot, Inc.",Consumer Discretionary,2024-09-30,2024-01-28,5,9,true,0.3338,0.1421,0.0992,,-0.0788,42.15,long_term_debt_incl_current,40.37,152.67,net_income,0,No change
HD,"The Home Depot, Inc.",Consumer Discretionary,2024-10-31,2024-01-28,5,9,true,0.3338,0.1421,0.0992,,-0.0788,42.15,long_term_debt_incl_current,40.37,152.67,net_income,0,No change
HD,"The Home Depot, Inc.",Consumer Discretionary,2024-11-30,2024-01-28,5,9,true,0.3338,0.1421,0.0992,,-0.0788,42.15,long_term_debt_incl_current,40.37,152.67,net_income,0,No change
HD,"The Home Depot, Inc.",Consumer Discretionary,2024-12-31,2024-01-28,5,9,true,0.3338,0.1421,0.0992,,-0.0788,42.15,long_term_debt_incl_current,40.37,152.67,net_income,0,No change
HD,"The Home Depot, Inc.",Consumer Discretionary,2025-01-31,2024-01-28,5,9,true,0.3338,0.1421,0.0992,,-0.0788,42.15,long_term_debt_incl_current,40.37,152.67,net_income,0,No change
HD,"The Home Depot, Inc.",Consumer Discretionary,2025-02-28,2024-01-28,5,9,true,0.3338,0.1421,0.0992,,-0.0788,42.15,long_term_debt_incl_current,40.37,152.67,net_income,0,No change
HD,"The Home Depot, Inc.",Consumer Discretionary,2025-03-31,2025-02-02,6,9,true,0.3342,0.1349,0.0928,,-0.058,51.68,long_term_debt_incl_current,7.78,159.51,net_income,1,New annual report
HD,"The Home Depot, Inc.",Consumer Discretionary,2025-04-30,2025-02-02,6,9,true,0.3342,0.1349,0.0928,,-0.058,51.68,long_term_debt_incl_current,7.78,159.51,net_income,0,No change
HD,"The Home Depot, Inc.",Consumer Discretionary,2025-05-31,2025-02-02,6,9,true,0.3342,0.1349,0.0928,,-0.058,51.68,long_term_debt_incl_current,7.78,159.51,net_income,0,No change
HD,"The Home Depot, Inc.",Consumer Discretionary,2025-06-30,2025-02-02,6,9,true,0.3342,0.1349,0.0928,,-0.058,51.68,long_term_debt_incl_current,7.78,159.51,net_income,0,No change
HD,"The Home Depot, Inc.",Consumer Discretionary,2025-07-31,2025-02-02,6,9,true,0.3342,0.1349,0.0928,,-0.058,51.68,long_term_debt_incl_current,7.78,159.51,net_income,0,No change
HD,"The Home Depot, Inc.",Consumer Discretionary,2025-08-31,2025-02-02,6,9,true,0.3342,0.1349,0.0928,,-0.058,51.68,long_term_debt_incl_current,7.78,159.51,net_income,0,No change
HD,"The Home Depot, Inc.",Consumer Discretionary,2025-09-30,2025-02-02,6,9,true,0.3342,0.1349,0.0928,,-0.058,51.68,long_term_debt_incl_current,7.78,159.51,net_income,0,No change
HD,"The Home Depot, Inc.",Consumer Discretionary,2025-10-31,2025-02-02,6,9,true,0.3342,0.1349,0.0928,,-0.058,51.68,long_term_debt_incl_current,7.78,159.51,net_income,0,No change
HD,"The Home Depot, Inc.",Consumer Discretionary,2025-11-30,2025-02-02,6,9,true,0.3342,0.1349,0.0928,,-0.058,51.68,long_term_debt_incl_current,7.78,159.51,net_income,0,No change
HD,"The Home Depot, Inc.",Consumer Discretionary,2025-12-31,2025-02-02,6,9,true,0.3342,0.1349,0.0928,,-0.058,51.68,long_term_debt_incl_current,7.78,159.51,net_income,0,No change
HD,"The Home Depot, Inc.",Consumer Discretionary,2026-01-31,2025-02-02,6,9,true,0.3342,0.1349,0.0928,,-0.058,51.68,long_term_debt_incl_current,7.78,159.51,net_income,0,No change
HD,"The Home Depot, Inc.",Consumer Discretionary,2026-02-28,2025-02-02,6,9,true,0.3342,0.1349,0.0928,,-0.058,51.68,long_term_debt_incl_current,7.78,159.51,net_income,0,No change
HD,"The Home Depot, Inc.",Consumer Discretionary,2026-03-31,2026-02-01,4,9,true,0.3332,0.1268,0.086,,-0.0216,53.86,long_term_debt_incl_current,4.2,164.68,net_income,-2,New annual report
HD,"The Home Depot, Inc.",Consumer Discretionary,2026-04-30,2026-02-01,4,9,true,0.3332,0.1268,0.086,,-0.0216,53.86,long_term_debt_incl_current,4.2,164.68,net_income,0,No change
HD,"The Home Depot, Inc.",Consumer Discretionary,2026-05-31,2026-02-01,4,9,true,0.3332,0.1268,0.086,,-0.0216,53.86,long_term_debt_incl_current,4.2,164.68,net_income,0,No change
HD,"The Home Depot, Inc.",Consumer Discretionary,2026-06-30,2026-02-01,4,9,true,0.3332,0.1268,0.086,,-0.0216,53.86,long_term_debt_incl_current,4.2,164.68,net_income,0,No change
HD,"The Home Depot, Inc.",Consumer Discretionary,2026-07-31,2026-02-01,4,9,true,0.3332,0.1268,0.086,,-0.0216,53.86,long_term_debt_incl_current,4.2,164.68,net_income,0,No change
HD,"The Home Depot, Inc.",Consumer Discretionary,2026-08-31,2026-02-01,4,9,true,0.3332,0.1268,0.086,,-0.0216,53.86,long_term_debt_incl_current,4.2,164.68,net_income,0,No change
HD,"The Home Depot, Inc.",Consumer Discretionary,2026-09-30,2026-02-01,4,9,true,0.3332,0.1268,0.086,,-0.0216,53.86,long_term_debt_incl_current,4.2,164.68,net_income,0,No change
INTC,INTEL CORP,Information Technology,2010-02-28,2009-12-26,6,6,false,0.5569,0.1626,0.1244,0.1895,-0.1313,2.05,noncurrent_plus_current,0.05,35.13,net_income,,No change
INTC,INTEL CORP,Information Technology,2010-03-31,2009-12-26,6,6,false,0.5569,0.1626,0.1244,0.1895,-0.1313,2.05,noncurrent_plus_current,0.05,35.13,net_income,0,No change
INTC,INTEL CORP,Information Technology,2010-04-30,2009-12-26,6,6,false,0.5569,0.1626,0.1244,0.1895,-0.1313,2.05,noncurrent_plus_current,0.05,35.13,net_income,0,No change
INTC,INTEL CORP,Information Technology,2010-05-31,2009-12-26,6,6,false,0.5569,0.1626,0.1244,0.1895,-0.1313,2.05,noncurrent_plus_current,0.05,35.13,net_income,0,No change
INTC,INTEL CORP,Information Technology,2010-06-30,2009-12-26,6,6,false,0.5569,0.1626,0.1244,0.1895,-0.1313,2.05,noncurrent_plus_current,0.05,35.13,net_income,0,No change
INTC,INTEL CORP,Information Technology,2010-07-31,2009-12-26,6,6,false,0.5569,0.1626,0.1244,0.1895,-0.1313,2.05,noncurrent_plus_current,0.05,35.13,net_income,0,No change
INTC,INTEL CORP,Information Technology,2010-08-31,2009-12-26,6,6,false,0.5569,0.1626,0.1244,0.1895,-0.1313,2.05,noncurrent_plus_current,0.05,35.13,net_income,0,No change
INTC,INTEL CORP,Information Technology,2010-09-30,2009-12-26,6,6,false,0.5569,0.1626,0.1244,0.1895,-0.1313,2.05,noncurrent_plus_current,0.05,35.13,net_income,0,No change
INTC,INTEL CORP,Information Technology,2010-10-31,2009-12-26,6,6,false,0.5569,0.1626,0.1244,0.1895,-0.1313,2.05,noncurrent_plus_current,0.05,35.13,net_income,0,No change
INTC,INTEL CORP,Information Technology,2010-11-30,2009-12-26,6,6,false,0.5569,0.1626,0.1244,0.1895,-0.1313,2.05,noncurrent_plus_current,0.05,35.13,net_income,0,No change
INTC,INTEL CORP,Information Technology,2010-12-31,2009-12-26,6,6,false,0.5569,0.1626,0.1244,0.1895,-0.1313,2.05,noncurrent_plus_current,0.05,35.13,net_income,0,No change
INTC,INTEL CORP,Information Technology,2011-01-31,2009-12-26,6,6,false,0.5569,0.1626,0.1244,0.1895,-0.1313,2.05,noncurrent_plus_current,0.05,35.13,net_income,0,No change
INTC,INTEL CORP,Information Technology,2011-02-28,2010-12-25,8,9,true,0.6531,0.3573,0.2628,0.2633,-0.0899,2.08,noncurrent_plus_current,0.04,43.62,net_income,2,New annual report
INTC,INTEL CORP,Information Technology,2011-03-31,2010-12-25,8,9,true,0.6531,0.3573,0.2628,0.2633,-0.0899,2.08,noncurrent_plus_current,0.04,43.62,net_income,0,No change
INTC,INTEL CORP,Information Technology,2011-04-30,2010-12-25,8,9,true,0.6531,0.3573,0.2628,0.2633,-0.0899,2.08,noncurrent_plus_current,0.04,43.62,net_income,0,No change
INTC,INTEL CORP,Information Technology,2011-05-31,2010-12-25,8,9,true,0.6531,0.3573,0.2628,0.2633,-0.0899,2.08,noncurrent_plus_current,0.04,43.62,net_income,0,No change
INTC,INTEL CORP,Information Technology,2011-06-30,2010-12-25,8,9,true,0.6531,0.3573,0.2628,0.2633,-0.0899,2.08,noncurrent_plus_current,0.04,43.62,net_income,0,No change
INTC,INTEL CORP,Information Technology,2011-07-31,2010-12-25,8,9,true,0.6531,0.3573,0.2628,0.2633,-0.0899,2.08,noncurrent_plus_current,0.04,43.62,net_income,0,No change
INTC,INTEL CORP,Information Technology,2011-08-31,2010-12-25,8,9,true,0.6531,0.3573,0.2628,0.2633,-0.0899,2.08,noncurrent_plus_current,0.04,43.62,net_income,0,No change
INTC,INTEL CORP,Information Technology,2011-09-30,2010-12-25,8,9,true,0.6531,0.3573,0.2628,0.2633,-0.0899,2.08,noncurrent_plus_current,0.04,43.62,net_income,0,No change
INTC,INTEL CORP,Information Technology,2011-10-31,2010-12-25,8,9,true,0.6531,0.3573,0.2628,0.2633,-0.0899,2.08,noncurrent_plus_current,0.04,43.62,net_income,0,No change
INTC,INTEL CORP,Information Technology,2011-11-30,2010-12-25,8,9,true,0.6531,0.3573,0.2628,0.2633,-0.0899,2.08,noncurrent_plus_current,0.04,43.62,net_income,0,No change
INTC,INTEL CORP,Information Technology,2011-12-31,2010-12-25,8,9,true,0.6531,0.3573,0.2628,0.2633,-0.0899,2.08,noncurrent_plus_current,0.04,43.62,net_income,0,No change
INTC,INTEL CORP,Information Technology,2012-01-31,2010-12-25,8,9,true,0.6531,0.3573,0.2628,0.2633,-0.0899,2.08,noncurrent_plus_current,0.04,43.62,net_income,0,No change
INTC,INTEL CORP,Information Technology,2012-02-29,2011-12-31,5,9,true,0.6251,0.3237,0.2397,0.1889,-0.1194,7.28,noncurrent_plus_current,0.16,54.0,net_income,-3,New annual report
INTC,INTEL CORP,Information Technology,2012-03-31,2011-12-31,5,9,true,0.6251,0.3237,0.2397,0.1889,-0.1194,7.28,noncurrent_plus_current,0.16,54.0,net_income,0,No change
INTC,INTEL CORP,Information Technology,2012-04-30,2011-12-31,5,9,true,0.6251,0.3237,0.2397,0.1889,-0.1194,7.28,noncurrent_plus_current,0.16,54.0,net_income,0,No change
INTC,INTEL CORP,Information Technology,2012-05-31,2011-12-31,5,9,true,0.6251,0.3237,0.2397,0.1889,-0.1194,7.28,noncurrent_plus_current,0.16,54.0,net_income,0,No change
INTC,INTEL CORP,Information Technology,2012-06-30,2011-12-31,5,9,true,0.6251,0.3237,0.2397,0.1889,-0.1194,7.28,noncurrent_plus_current,0.16,54.0,net_income,0,No change
INTC,INTEL CORP,Information Technology,2012-07-31,2011-12-31,5,9,true,0.6251,0.3237,0.2397,0.1889,-0.1194,7.28,noncurrent_plus_current,0.16,54.0,net_income,0,No change
INTC,INTEL CORP,Information Technology,2012-08-31,2011-12-31,5,9,true,0.6251,0.3237,0.2397,0.1889,-0.1194,7.28,noncurrent_plus_current,0.16,54.0,net_income,0,No change
INTC,INTEL CORP,Information Technology,2012-09-30,2011-12-31,5,9,true,0.6251,0.3237,0.2397,0.1889,-0.1194,7.28,noncurrent_plus_current,0.16,54.0,net_income,0,No change
INTC,INTEL CORP,Information Technology,2012-10-31,2011-12-31,5,9,true,0.6251,0.3237,0.2397,0.1889,-0.1194,7.28,noncurrent_plus_current,0.16,54.0,net_income,0,No change
INTC,INTEL CORP,Information Technology,2012-11-30,2011-12-31,5,9,true,0.6251,0.3237,0.2397,0.1889,-0.1194,7.28,noncurrent_plus_current,0.16,54.0,net_income,0,No change
INTC,INTEL CORP,Information Technology,2012-12-31,2011-12-31,5,9,true,0.6251,0.3237,0.2397,0.1889,-0.1194,7.28,noncurrent_plus_current,0.16,54.0,net_income,0,No change
INTC,INTEL CORP,Information Technology,2013-01-31,2011-12-31,5,9,true,0.6251,0.3237,0.2397,0.1889,-0.1194,7.28,noncurrent_plus_current,0.16,54.0,net_income,0,No change
INTC,INTEL CORP,Information Technology,2013-02-28,2012-12-29,5,9,true,0.6215,0.2744,0.2063,0.1473,-0.1014,13.14,noncurrent_plus_current,0.26,53.34,net_income,0,No change
INTC,INTEL CORP,Information Technology,2013-03-31,2012-12-29,5,9,true,0.6215,0.2744,0.2063,0.1473,-0.1014,13.14,noncurrent_plus_current,0.26,53.34,net_income,0,No change
INTC,INTEL CORP,Information Technology,2013-04-30,2012-12-29,5,9,true,0.6215,0.2744,0.2063,0.1473,-0.1014,13.14,noncurrent_plus_current,0.26,53.34,net_income,0,No change
INTC,INTEL CORP,Information Technology,2013-05-31,2012-12-29,5,9,true,0.6215,0.2744,0.2063,0.1473,-0.1014,13.14,noncurrent_plus_current,0.26,53.34,net_income,0,No change
INTC,INTEL CORP,Information Technology,2013-06-30,2012-12-29,5,9,true,0.6215,0.2744,0.2063,0.1473,-0.1014,13.14,noncurrent_plus_current,0.26,53.34,net_income,0,No change
INTC,INTEL CORP,Information Technology,2013-07-31,2012-12-29,5,9,true,0.6215,0.2744,0.2063,0.1473,-0.1014,13.14,noncurrent_plus_current,0.26,53.34,net_income,0,No change
INTC,INTEL CORP,Information Technology,2013-08-31,2012-12-29,5,9,true,0.6215,0.2744,0.2063,0.1473,-0.1014,13.14,noncurrent_plus_current,0.26,53.34,net_income,0,No change
INTC,INTEL CORP,Information Technology,2013-09-30,2012-12-29,5,9,true,0.6215,0.2744,0.2063,0.1473,-0.1014,13.14,noncurrent_plus_current,0.26,53.34,net_income,0,No change
INTC,INTEL CORP,Information Technology,2013-10-31,2012-12-29,5,9,true,0.6215,0.2744,0.2063,0.1473,-0.1014,13.14,noncurrent_plus_current,0.26,53.34,net_income,0,No change
INTC,INTEL CORP,Information Technology,2013-11-30,2012-12-29,5,9,true,0.6215,0.2744,0.2063,0.1473,-0.1014,13.14,noncurrent_plus_current,0.26,53.34,net_income,0,No change
INTC,INTEL CORP,Information Technology,2013-12-31,2012-12-29,5,9,true,0.6215,0.2744,0.2063,0.1473,-0.1014,13.14,noncurrent_plus_current,0.26,53.34,net_income,0,No change
INTC,INTEL CORP,Information Technology,2014-01-31,2012-12-29,5,9,true,0.6215,0.2744,0.2063,0.1473,-0.1014,13.14,noncurrent_plus_current,0.26,53.34,net_income,0,No change
INTC,INTEL CORP,Information Technology,2014-02-28,2013-12-28,3,7,false,0.598,0.2332,0.1825,,,13.17,noncurrent_plus_current,0.23,52.71,net_income,-2,New annual report
INTC,INTEL CORP,Information Technology,2014-03-31,2013-12-28,3,7,false,0.598,0.2332,0.1825,,,13.17,noncurrent_plus_current,0.23,52.71,net_income,0,No change
INTC,INTEL CORP,Information Technology,2014-04-30,2013-12-28,3,7,false,0.598,0.2332,0.1825,,,13.17,noncurrent_plus_current,0.23,52.71,net_income,0,No change
INTC,INTEL CORP,Information Technology,2014-05-31,2013-12-28,3,7,false,0.598,0.2332,0.1825,,,13.17,noncurrent_plus_current,0.23,52.71,net_income,0,No change
INTC,INTEL CORP,Information Technology,2014-06-30,2013-12-28,3,7,false,0.598,0.2332,0.1825,,,13.17,noncurrent_plus_current,0.23,52.71,net_income,0,No change
INTC,INTEL CORP,Information Technology,2014-07-31,2013-12-28,3,7,false,0.598,0.2332,0.1825,,,13.17,noncurrent_plus_current,0.23,52.71,net_income,0,No change
INTC,INTEL CORP,Information Technology,2014-08-31,2013-12-28,3,7,false,0.598,0.2332,0.1825,,,13.17,noncurrent_plus_current,0.23,52.71,net_income,0,No change
INTC,INTEL CORP,Information Technology,2014-09-30,2013-12-28,3,7,false,0.598,0.2332,0.1825,,,13.17,noncurrent_plus_current,0.23,52.71,net_income,0,No change
INTC,INTEL CORP,Information Technology,2014-10-31,2013-12-28,3,7,false,0.598,0.2332,0.1825,,,13.17,noncurrent_plus_current,0.23,52.71,net_income,0,No change
INTC,INTEL CORP,Information Technology,2014-11-30,2013-12-28,3,7,false,0.598,0.2332,0.1825,,,13.17,noncurrent_plus_current,0.23,52.71,net_income,0,No change
INTC,INTEL CORP,Information Technology,2014-12-31,2013-12-28,3,7,false,0.598,0.2332,0.1825,,,13.17,noncurrent_plus_current,0.23,52.71,net_income,0,No change
INTC,INTEL CORP,Information Technology,2015-01-31,2013-12-28,3,7,false,0.598,0.2332,0.1825,,,13.17,noncurrent_plus_current,0.23,52.71,net_income,0,No change
INTC,INTEL CORP,Information Technology,2015-02-28,2014-12-27,5,7,false,0.6374,0.2747,0.2095,,,13.7,noncurrent_plus_current,0.25,55.87,net_income,2,New annual report
INTC,INTEL CORP,Information Technology,2015-03-31,2014-12-27,5,7,false,0.6374,0.2747,0.2095,,,13.7,noncurrent_plus_current,0.25,55.87,net_income,0,No change
INTC,INTEL CORP,Information Technology,2015-04-30,2014-12-27,5,7,false,0.6374,0.2747,0.2095,,,13.7,noncurrent_plus_current,0.25,55.87,net_income,0,No change
INTC,INTEL CORP,Information Technology,2015-05-31,2014-12-27,5,7,false,0.6374,0.2747,0.2095,,,13.7,noncurrent_plus_current,0.25,55.87,net_income,0,No change
INTC,INTEL CORP,Information Technology,2015-06-30,2014-12-27,5,7,false,0.6374,0.2747,0.2095,,,13.7,noncurrent_plus_current,0.25,55.87,net_income,0,No change
INTC,INTEL CORP,Information Technology,2015-07-31,2014-12-27,5,7,false,0.6374,0.2747,0.2095,,,13.7,noncurrent_plus_current,0.25,55.87,net_income,0,No change
INTC,INTEL CORP,Information Technology,2015-08-31,2014-12-27,5,7,false,0.6374,0.2747,0.2095,,,13.7,noncurrent_plus_current,0.25,55.87,net_income,0,No change
INTC,INTEL CORP,Information Technology,2015-09-30,2014-12-27,5,7,false,0.6374,0.2747,0.2095,,,13.7,noncurrent_plus_current,0.25,55.87,net_income,0,No change
INTC,INTEL CORP,Information Technology,2015-10-31,2014-12-27,4,6,false,0.6374,0.2747,0.2095,,,13.7,long_term_debt_incl_current,0.25,55.87,net_income,-1,Revised data for same fiscal year
INTC,INTEL CORP,Information Technology,2015-11-30,2014-12-27,4,6,false,0.6374,0.2747,0.2095,,,13.7,long_term_debt_incl_current,0.25,55.87,net_income,0,No change
INTC,INTEL CORP,Information Technology,2015-12-31,2014-12-27,4,6,false,0.6374,0.2747,0.2095,,,13.7,long_term_debt_incl_current,0.25,55.87,net_income,0,No change
INTC,INTEL CORP,Information Technology,2016-01-31,2014-12-27,4,6,false,0.6374,0.2747,0.2095,,,13.7,long_term_debt_incl_current,0.25,55.87,net_income,0,No change
INTC,INTEL CORP,Information Technology,2016-02-29,2015-12-26,3,7,false,0.6265,0.2529,0.2063,,,22.71,long_term_debt_incl_current,0.37,55.36,net_income,-1,New annual report
INTC,INTEL CORP,Information Technology,2016-03-31,2015-12-26,3,7,false,0.6265,0.2529,0.2063,,,22.71,long_term_debt_incl_current,0.37,55.36,net_income,0,No change
INTC,INTEL CORP,Information Technology,2016-04-30,2015-12-26,3,7,false,0.6265,0.2529,0.2063,,,22.71,long_term_debt_incl_current,0.37,55.36,net_income,0,No change
INTC,INTEL CORP,Information Technology,2016-05-31,2015-12-26,3,7,false,0.6265,0.2529,0.2063,,,22.71,long_term_debt_incl_current,0.37,55.36,net_income,0,No change
INTC,INTEL CORP,Information Technology,2016-06-30,2015-12-26,3,7,false,0.6265,0.2529,0.2063,,,22.71,long_term_debt_incl_current,0.37,55.36,net_income,0,No change
INTC,INTEL CORP,Information Technology,2016-07-31,2015-12-26,3,7,false,0.6265,0.2529,0.2063,,,22.71,long_term_debt_incl_current,0.37,55.36,net_income,0,No change
INTC,INTEL CORP,Information Technology,2016-08-31,2015-12-26,3,7,false,0.6265,0.2529,0.2063,,,22.71,long_term_debt_incl_current,0.37,55.36,net_income,0,No change
INTC,INTEL CORP,Information Technology,2016-09-30,2015-12-26,3,7,false,0.6265,0.2529,0.2063,,,22.71,long_term_debt_incl_current,0.37,55.36,net_income,0,No change
INTC,INTEL CORP,Information Technology,2016-10-31,2015-12-26,3,7,false,0.6265,0.2529,0.2063,,,22.71,long_term_debt_incl_current,0.37,55.36,net_income,0,No change
INTC,INTEL CORP,Information Technology,2016-11-30,2015-12-26,3,7,false,0.6265,0.2529,0.2063,,,22.71,long_term_debt_incl_current,0.37,55.36,net_income,0,No change
INTC,INTEL CORP,Information Technology,2016-12-31,2015-12-26,3,7,false,0.6265,0.2529,0.2063,,,22.71,long_term_debt_incl_current,0.37,55.36,net_income,0,No change
INTC,INTEL CORP,Information Technology,2017-01-31,2015-12-26,3,7,false,0.6265,0.2529,0.2063,,,22.71,long_term_debt_incl_current,0.37,55.36,net_income,0,No change
INTC,INTEL CORP,Information Technology,2017-02-28,2016-12-31,2,7,false,0.6094,0.2168,0.1737,,,25.34,long_term_debt_incl_current,0.38,59.39,net_income,-1,New annual report
INTC,INTEL CORP,Information Technology,2017-03-31,2016-12-31,2,7,false,0.6094,0.2168,0.1737,,,25.34,long_term_debt_incl_current,0.38,59.39,net_income,0,No change
INTC,INTEL CORP,Information Technology,2017-04-30,2016-12-31,2,7,false,0.6094,0.2168,0.1737,,,25.34,long_term_debt_incl_current,0.38,59.39,net_income,0,No change
INTC,INTEL CORP,Information Technology,2017-05-31,2016-12-31,2,7,false,0.6094,0.2168,0.1737,,,25.34,long_term_debt_incl_current,0.38,59.39,net_income,0,No change
INTC,INTEL CORP,Information Technology,2017-06-30,2016-12-31,2,7,false,0.6094,0.2168,0.1737,,,25.34,long_term_debt_incl_current,0.38,59.39,net_income,0,No change
INTC,INTEL CORP,Information Technology,2017-07-31,2016-12-31,2,7,false,0.6094,0.2168,0.1737,,,29.97,long_term_debt_incl_current,0.45,59.39,net_income,0,No change
INTC,INTEL CORP,Information Technology,2017-08-31,2016-12-31,2,7,false,0.6094,0.2168,0.1737,,,29.97,long_term_debt_incl_current,0.45,59.39,net_income,0,No change
INTC,INTEL CORP,Information Technology,2017-09-30,2016-12-31,2,7,false,0.6094,0.2168,0.1737,,,29.97,long_term_debt_incl_current,0.45,59.39,net_income,0,No change
INTC,INTEL CORP,Information Technology,2017-10-31,2016-12-31,2,7,false,0.6094,0.2168,0.1737,,,29.97,long_term_debt_incl_current,0.45,59.39,net_income,0,No change
INTC,INTEL CORP,Information Technology,2017-11-30,2016-12-31,2,7,false,0.6094,0.2168,0.1737,,,29.97,long_term_debt_incl_current,0.45,59.39,net_income,0,No change
INTC,INTEL CORP,Information Technology,2017-12-31,2016-12-31,2,7,false,0.6094,0.2168,0.1737,,,29.97,long_term_debt_incl_current,0.45,59.39,net_income,0,No change
INTC,INTEL CORP,Information Technology,2018-01-31,2016-12-31,2,7,false,0.6094,0.2168,0.1737,,,29.97,long_term_debt_incl_current,0.45,59.39,net_income,0,No change
INTC,INTEL CORP,Information Technology,2018-02-28,2017-12-30,4,7,false,0.6225,0.2858,0.153,,,26.78,long_term_debt_incl_current,0.39,62.76,net_income,2,New annual report
INTC,INTEL CORP,Information Technology,2018-03-31,2017-12-30,4,7,false,0.6225,0.2858,0.153,,,26.78,long_term_debt_incl_current,0.39,62.76,net_income,0,No change
INTC,INTEL CORP,Information Technology,2018-04-30,2017-12-30,4,7,false,0.6225,0.2858,0.153,,,26.78,long_term_debt_incl_current,0.39,62.76,net_income,0,No change
INTC,INTEL CORP,Information Technology,2018-05-31,2017-12-30,4,7,false,0.6225,0.2858,0.153,,,26.78,long_term_debt_incl_current,0.39,62.76,net_income,0,No change
INTC,INTEL CORP,Information Technology,2018-06-30,2017-12-30,4,7,false,0.6225,0.2858,0.153,,,26.78,long_term_debt_incl_current,0.39,62.76,net_income,0,No change
INTC,INTEL CORP,Information Technology,2018-07-31,2017-12-30,4,7,false,0.6225,0.2858,0.153,,,26.78,long_term_debt_incl_current,0.39,62.76,net_income,0,No change
INTC,INTEL CORP,Information Technology,2018-08-31,2017-12-30,4,7,false,0.6225,0.2858,0.153,,,26.78,long_term_debt_incl_current,0.39,62.76,net_income,0,No change
INTC,INTEL CORP,Information Technology,2018-09-30,2017-12-30,4,7,false,0.6225,0.2858,0.153,,,26.78,long_term_debt_incl_current,0.39,62.76,net_income,0,No change
INTC,INTEL CORP,Information Technology,2018-10-31,2017-12-30,4,7,false,0.6225,0.2858,0.153,,,26.78,long_term_debt_incl_current,0.39,62.76,net_income,0,No change
INTC,INTEL CORP,Information Technology,2018-11-30,2017-12-30,4,7,false,0.6225,0.2858,0.153,,,26.78,long_term_debt_incl_current,0.39,62.76,net_income,0,No change
INTC,INTEL CORP,Information Technology,2018-12-31,2017-12-30,4,7,false,0.6225,0.2858,0.153,,,26.78,long_term_debt_incl_current,0.39,62.76,net_income,0,No change
INTC,INTEL CORP,Information Technology,2019-01-31,2017-12-30,4,7,false,0.6225,0.2858,0.153,,,26.78,long_term_debt_incl_current,0.39,62.76,net_income,0,No change
INTC,INTEL CORP,Information Technology,2019-02-28,2018-12-29,6,7,false,0.6173,0.3291,0.2972,,,25.86,long_term_debt_incl_current,0.35,70.85,net_income,2,New annual report
INTC,INTEL CORP,Information Technology,2019-03-31,2018-12-29,6,7,false,0.6173,0.3291,0.2972,,,25.86,long_term_debt_incl_current,0.35,70.85,net_income,0,No change
INTC,INTEL CORP,Information Technology,2019-04-30,2018-12-29,6,7,false,0.6173,0.3291,0.2972,,,25.86,long_term_debt_incl_current,0.35,70.85,net_income,0,No change
INTC,INTEL CORP,Information Technology,2019-05-31,2018-12-29,6,7,false,0.6173,0.3291,0.2972,,,25.86,long_term_debt_incl_current,0.35,70.85,net_income,0,No change
INTC,INTEL CORP,Information Technology,2019-06-30,2018-12-29,6,7,false,0.6173,0.3291,0.2972,,,25.86,long_term_debt_incl_current,0.35,70.85,net_income,0,No change
INTC,INTEL CORP,Information Technology,2019-07-31,2018-12-29,6,7,false,0.6173,0.3291,0.2972,,,25.86,long_term_debt_incl_current,0.35,70.85,net_income,0,No change
INTC,INTEL CORP,Information Technology,2019-08-31,2018-12-29,6,7,false,0.6173,0.3291,0.2972,,,25.86,long_term_debt_incl_current,0.35,70.85,net_income,0,No change
INTC,INTEL CORP,Information Technology,2019-09-30,2018-12-29,6,7,false,0.6173,0.3291,0.2972,,,25.86,long_term_debt_incl_current,0.35,70.85,net_income,0,No change
INTC,INTEL CORP,Information Technology,2019-10-31,2018-12-29,6,7,false,0.6173,0.3291,0.2972,,,25.86,long_term_debt_incl_current,0.35,70.85,net_income,0,No change
INTC,INTEL CORP,Information Technology,2019-11-30,2018-12-29,6,7,false,0.6173,0.3291,0.2972,,,25.86,long_term_debt_incl_current,0.35,70.85,net_income,0,No change
INTC,INTEL CORP,Information Technology,2019-12-31,2018-12-29,6,7,false,0.6173,0.3291,0.2972,,,25.86,long_term_debt_incl_current,0.35,70.85,net_income,0,No change
INTC,INTEL CORP,Information Technology,2020-01-31,2019-12-28,4,9,true,0.5856,0.3062,0.2925,0.2353,-0.0915,29.0,long_term_debt_incl_current,0.37,71.97,net_income,-2,New annual report
INTC,INTEL CORP,Information Technology,2020-02-29,2019-12-28,4,9,true,0.5856,0.3062,0.2925,0.2353,-0.0915,29.0,long_term_debt_incl_current,0.37,71.97,net_income,0,No change
INTC,INTEL CORP,Information Technology,2020-03-31,2019-12-28,4,9,true,0.5856,0.3062,0.2925,0.2353,-0.0915,29.0,long_term_debt_incl_current,0.37,71.97,net_income,0,No change
INTC,INTEL CORP,Information Technology,2020-04-30,2019-12-28,4,9,true,0.5856,0.3062,0.2925,0.2353,-0.0915,29.0,long_term_debt_incl_current,0.37,71.97,net_income,0,No change
INTC,INTEL CORP,Information Technology,2020-05-31,2019-12-28,4,9,true,0.5856,0.3062,0.2925,0.2353,-0.0915,29.0,long_term_debt_incl_current,0.37,71.97,net_income,0,No change
INTC,INTEL CORP,Information Technology,2020-06-30,2019-12-28,4,9,true,0.5856,0.3062,0.2925,0.2353,-0.0915,29.0,long_term_debt_incl_current,0.37,71.97,net_income,0,No change
INTC,INTEL CORP,Information Technology,2020-07-31,2019-12-28,4,9,true,0.5856,0.3062,0.2925,0.2353,-0.0915,29.0,long_term_debt_incl_current,0.37,71.97,net_income,0,No change
INTC,INTEL CORP,Information Technology,2020-08-31,2019-12-28,4,9,true,0.5856,0.3062,0.2925,0.2353,-0.0915,29.0,long_term_debt_incl_current,0.37,71.97,net_income,0,No change
INTC,INTEL CORP,Information Technology,2020-09-30,2019-12-28,4,9,true,0.5856,0.3062,0.2925,0.2353,-0.0915,29.0,long_term_debt_incl_current,0.37,71.97,net_income,0,No change
INTC,INTEL CORP,Information Technology,2020-10-31,2019-12-28,4,9,true,0.5856,0.3062,0.2925,0.2353,-0.0915,29.0,long_term_debt_incl_current,0.37,71.97,net_income,0,No change
INTC,INTEL CORP,Information Technology,2020-11-30,2019-12-28,4,9,true,0.5856,0.3062,0.2925,0.2353,-0.0915,29.0,long_term_debt_incl_current,0.37,71.97,net_income,0,No change
INTC,INTEL CORP,Information Technology,2020-12-31,2019-12-28,4,9,true,0.5856,0.3062,0.2925,0.2353,-0.0915,29.0,long_term_debt_incl_current,0.37,71.97,net_income,0,No change
INTC,INTEL CORP,Information Technology,2021-01-31,2020-12-26,6,9,true,0.5601,0.3041,0.2684,0.2713,-0.1,36.4,long_term_debt_incl_current,0.45,77.87,net_income,2,New annual report
INTC,INTEL CORP,Information Technology,2021-02-28,2020-12-26,6,9,true,0.5601,0.3041,0.2684,0.2713,-0.1,36.4,long_term_debt_incl_current,0.45,77.87,net_income,0,No change
INTC,INTEL CORP,Information Technology,2021-03-31,2020-12-26,6,9,true,0.5601,0.3041,0.2684,0.2713,-0.1,36.4,long_term_debt_incl_current,0.45,77.87,net_income,0,No change
INTC,INTEL CORP,Information Technology,2021-04-30,2020-12-26,6,9,true,0.5601,0.3041,0.2684,0.2713,-0.1,36.4,long_term_debt_incl_current,0.45,77.87,net_income,0,No change
INTC,INTEL CORP,Information Technology,2021-05-31,2020-12-26,6,9,true,0.5601,0.3041,0.2684,0.2713,-0.1,36.4,long_term_debt_incl_current,0.45,77.87,net_income,0,No change
INTC,INTEL CORP,Information Technology,2021-06-30,2020-12-26,6,9,true,0.5601,0.3041,0.2684,0.2713,-0.1,36.4,long_term_debt_incl_current,0.45,77.87,net_income,0,No change
INTC,INTEL CORP,Information Technology,2021-07-31,2020-12-26,6,9,true,0.5601,0.3041,0.2684,0.2713,-0.1,36.4,long_term_debt_incl_current,0.45,77.87,net_income,0,No change
INTC,INTEL CORP,Information Technology,2021-08-31,2020-12-26,6,9,true,0.5601,0.3041,0.2684,0.2713,-0.1,36.4,long_term_debt_incl_current,0.45,77.87,net_income,0,No change
INTC,INTEL CORP,Information Technology,2021-09-30,2020-12-26,6,9,true,0.5601,0.3041,0.2684,0.2713,-0.1,36.4,long_term_debt_incl_current,0.45,77.87,net_income,0,No change
INTC,INTEL CORP,Information Technology,2021-10-31,2020-12-26,6,9,true,0.5601,0.3041,0.2684,0.2713,-0.1,36.4,long_term_debt_incl_current,0.45,77.87,net_income,0,No change
INTC,INTEL CORP,Information Technology,2021-11-30,2020-12-26,6,9,true,0.5601,0.3041,0.2684,0.2713,-0.1,36.4,long_term_debt_incl_current,0.45,77.87,net_income,0,No change
INTC,INTEL CORP,Information Technology,2021-12-31,2020-12-26,6,9,true,0.5601,0.3041,0.2684,0.2713,-0.1,36.4,long_term_debt_incl_current,0.45,77.87,net_income,0,No change
INTC,INTEL CORP,Information Technology,2022-01-31,2021-12-25,6,9,true,0.5545,0.2462,0.2514,0.1425,-0.063,38.1,long_term_debt_incl_current,0.4,79.02,net_income,0,No change
INTC,INTEL CORP,Information Technology,2022-02-28,2021-12-25,6,9,true,0.5545,0.2462,0.2514,0.1425,-0.063,38.1,long_term_debt_incl_current,0.4,79.02,net_income,0,No change
INTC,INTEL CORP,Information Technology,2022-03-31,2021-12-25,6,9,true,0.5545,0.2462,0.2514,0.1425,-0.063,38.1,long_term_debt_incl_current,0.4,79.02,net_income,0,No change
INTC,INTEL CORP,Information Technology,2022-04-30,2021-12-25,6,9,true,0.5545,0.2462,0.2514,0.1425,-0.063,38.1,long_term_debt_incl_current,0.4,79.02,net_income,0,No change
INTC,INTEL CORP,Information Technology,2022-05-31,2021-12-25,6,9,true,0.5545,0.2462,0.2514,0.1425,-0.063,38.1,long_term_debt_incl_current,0.4,79.02,net_income,0,No change
INTC,INTEL CORP,Information Technology,2022-06-30,2021-12-25,6,9,true,0.5545,0.2462,0.2514,0.1425,-0.063,38.1,long_term_debt_incl_current,0.4,79.02,net_income,0,No change
INTC,INTEL CORP,Information Technology,2022-07-31,2021-12-25,6,9,true,0.5545,0.2462,0.2514,0.1425,-0.063,38.1,long_term_debt_incl_current,0.4,79.02,net_income,0,No change
INTC,INTEL CORP,Information Technology,2022-08-31,2021-12-25,6,9,true,0.5545,0.2462,0.2514,0.1425,-0.063,38.1,long_term_debt_incl_current,0.4,79.02,net_income,0,No change
INTC,INTEL CORP,Information Technology,2022-09-30,2021-12-25,6,9,true,0.5545,0.2462,0.2514,0.1425,-0.063,38.1,long_term_debt_incl_current,0.4,79.02,net_income,0,No change
INTC,INTEL CORP,Information Technology,2022-10-31,2021-12-25,6,9,true,0.5545,0.2462,0.2514,0.1425,-0.063,38.1,long_term_debt_incl_current,0.4,79.02,net_income,0,No change
INTC,INTEL CORP,Information Technology,2022-11-30,2021-12-25,6,9,true,0.5545,0.2462,0.2514,0.1425,-0.063,38.1,long_term_debt_incl_current,0.4,79.02,net_income,0,No change
INTC,INTEL CORP,Information Technology,2022-12-31,2021-12-25,6,9,true,0.5545,0.2462,0.2514,0.1425,-0.063,38.1,long_term_debt_incl_current,0.4,79.02,net_income,0,No change
INTC,INTEL CORP,Information Technology,2023-01-31,2022-12-31,3,9,true,0.4261,0.037,0.1271,-0.1493,-0.0423,42.01,long_term_debt_incl_current,0.41,63.05,net_income,-3,New annual report
INTC,INTEL CORP,Information Technology,2023-02-28,2022-12-31,3,9,true,0.4261,0.037,0.1271,-0.1493,-0.0423,42.01,long_term_debt_incl_current,0.41,63.05,net_income,0,No change
INTC,INTEL CORP,Information Technology,2023-03-31,2022-12-31,3,9,true,0.4261,0.037,0.1271,-0.1493,-0.0423,42.01,long_term_debt_incl_current,0.41,63.05,net_income,0,No change
INTC,INTEL CORP,Information Technology,2023-04-30,2022-12-31,3,9,true,0.4261,0.037,0.1271,-0.1493,-0.0423,42.01,long_term_debt_incl_current,0.41,63.05,net_income,0,No change
INTC,INTEL CORP,Information Technology,2023-05-31,2022-12-31,3,9,true,0.4261,0.037,0.1271,-0.1493,-0.0423,42.01,long_term_debt_incl_current,0.41,63.05,net_income,0,No change
INTC,INTEL CORP,Information Technology,2023-06-30,2022-12-31,3,9,true,0.4261,0.037,0.1271,-0.1493,-0.0423,42.01,long_term_debt_incl_current,0.41,63.05,net_income,0,No change
INTC,INTEL CORP,Information Technology,2023-07-31,2022-12-31,3,9,true,0.4261,0.037,0.1271,-0.1493,-0.0423,42.01,long_term_debt_incl_current,0.41,63.05,net_income,0,No change
INTC,INTEL CORP,Information Technology,2023-08-31,2022-12-31,3,9,true,0.4261,0.037,0.1271,-0.1493,-0.0423,42.01,long_term_debt_incl_current,0.41,63.05,net_income,0,No change
INTC,INTEL CORP,Information Technology,2023-09-30,2022-12-31,3,9,true,0.4261,0.037,0.1271,-0.1493,-0.0423,42.01,long_term_debt_incl_current,0.41,63.05,net_income,0,No change
INTC,INTEL CORP,Information Technology,2023-10-31,2022-12-31,3,9,true,0.4261,0.037,0.1271,-0.1493,-0.0423,42.01,long_term_debt_incl_current,0.41,63.05,net_income,0,No change
INTC,INTEL CORP,Information Technology,2023-11-30,2022-12-31,3,9,true,0.4261,0.037,0.1271,-0.1493,-0.0423,42.01,long_term_debt_incl_current,0.41,63.05,net_income,0,No change
INTC,INTEL CORP,Information Technology,2023-12-31,2022-12-31,3,9,true,0.4261,0.037,0.1271,-0.1493,-0.0423,42.01,long_term_debt_incl_current,0.41,63.05,net_income,0,No change
INTC,INTEL CORP,Information Technology,2024-01-31,2023-12-30,3,9,true,0.4004,0.0017,0.0311,-0.2633,-0.0524,49.27,long_term_debt_incl_current,0.47,54.23,net_income,0,No change
INTC,INTEL CORP,Information Technology,2024-02-29,2023-12-30,3,9,true,0.4004,0.0017,0.0311,-0.2633,-0.0524,49.27,long_term_debt_incl_current,0.47,54.23,net_income,0,No change
INTC,INTEL CORP,Information Technology,2024-03-31,2023-12-30,3,9,true,0.4004,0.0017,0.0311,-0.2633,-0.0524,49.27,long_term_debt_incl_current,0.47,54.23,net_income,0,No change
INTC,INTEL CORP,Information Technology,2024-04-30,2023-12-30,3,9,true,0.4004,0.0017,0.0311,-0.2633,-0.0524,49.27,long_term_debt_incl_current,0.47,54.23,net_income,0,No change
INTC,INTEL CORP,Information Technology,2024-05-31,2023-12-30,3,9,true,0.4004,0.0017,0.0311,-0.2633,-0.0524,49.27,long_term_debt_incl_current,0.47,54.23,net_income,0,No change
INTC,INTEL CORP,Information Technology,2024-06-30,2023-12-30,3,9,true,0.4004,0.0017,0.0311,-0.2633,-0.0524,49.27,long_term_debt_incl_current,0.47,54.23,net_income,0,No change
INTC,INTEL CORP,Information Technology,2024-07-31,2023-12-30,3,9,true,0.4004,0.0017,0.0311,-0.2633,-0.0524,49.27,long_term_debt_incl_current,0.47,54.23,net_income,0,No change
INTC,INTEL CORP,Information Technology,2024-08-31,2023-12-30,3,9,true,0.4004,0.0017,0.0311,-0.2633,-0.0524,49.27,long_term_debt_incl_current,0.47,54.23,net_income,0,No change
INTC,INTEL CORP,Information Technology,2024-09-30,2023-12-30,3,9,true,0.4004,0.0017,0.0311,-0.2633,-0.0524,49.27,long_term_debt_incl_current,0.47,54.23,net_income,0,No change
INTC,INTEL CORP,Information Technology,2024-10-31,2023-12-30,3,9,true,0.4004,0.0017,0.0311,-0.2633,-0.0524,49.27,long_term_debt_incl_current,0.47,54.23,net_income,0,No change
INTC,INTEL CORP,Information Technology,2024-11-30,2023-12-30,3,9,true,0.4004,0.0017,0.0311,-0.2633,-0.0524,49.27,long_term_debt_incl_current,0.47,54.23,net_income,0,No change
INTC,INTEL CORP,Information Technology,2024-12-31,2023-12-30,3,9,true,0.4004,0.0017,0.0311,-0.2633,-0.0524,49.27,long_term_debt_incl_current,0.47,54.23,net_income,0,No change
INTC,INTEL CORP,Information Technology,2025-01-31,2023-12-30,3,9,true,0.4004,0.0017,0.0311,-0.2633,-0.0524,49.27,long_term_debt_incl_current,0.47,54.23,net_income,0,No change
INTC,INTEL CORP,Information Technology,2025-02-28,2024-12-28,3,9,true,0.3266,-0.2199,-0.3532,-0.2948,-0.1394,50.01,long_term_debt_incl_current,0.5,53.1,net_income,0,No change
INTC,INTEL CORP,Information Technology,2025-03-31,2024-12-28,3,9,true,0.3266,-0.2199,-0.3532,-0.2948,-0.1394,50.01,long_term_debt_incl_current,0.5,53.1,net_income,0,No change
INTC,INTEL CORP,Information Technology,2025-04-30,2024-12-28,3,9,true,0.3266,-0.2199,-0.3532,-0.2948,-0.1394,50.01,long_term_debt_incl_current,0.5,53.1,net_income,0,No change
INTC,INTEL CORP,Information Technology,2025-05-31,2024-12-28,3,9,true,0.3266,-0.2199,-0.3532,-0.2948,-0.1394,50.01,long_term_debt_incl_current,0.5,53.1,net_income,0,No change
INTC,INTEL CORP,Information Technology,2025-06-30,2024-12-28,3,9,true,0.3266,-0.2199,-0.3532,-0.2948,-0.1394,50.01,long_term_debt_incl_current,0.5,53.1,net_income,0,No change
INTC,INTEL CORP,Information Technology,2025-07-31,2024-12-28,3,9,true,0.3266,-0.2199,-0.3532,-0.2948,-0.1394,50.01,long_term_debt_incl_current,0.5,53.1,net_income,0,No change
INTC,INTEL CORP,Information Technology,2025-08-31,2024-12-28,3,9,true,0.3266,-0.2199,-0.3532,-0.2948,-0.1394,50.01,long_term_debt_incl_current,0.5,53.1,net_income,0,No change
INTC,INTEL CORP,Information Technology,2025-09-30,2024-12-28,3,9,true,0.3266,-0.2199,-0.3532,-0.2948,-0.1394,50.01,long_term_debt_incl_current,0.5,53.1,net_income,0,No change
INTC,INTEL CORP,Information Technology,2025-10-31,2024-12-28,3,9,true,0.3266,-0.2199,-0.3532,-0.2948,-0.1394,50.01,long_term_debt_incl_current,0.5,53.1,net_income,0,No change
INTC,INTEL CORP,Information Technology,2025-11-30,2024-12-28,3,9,true,0.3266,-0.2199,-0.3532,-0.2948,-0.1394,50.01,long_term_debt_incl_current,0.5,53.1,net_income,0,No change
INTC,INTEL CORP,Information Technology,2025-12-31,2024-12-28,3,9,true,0.3266,-0.2199,-0.3532,-0.2948,-0.1394,50.01,long_term_debt_incl_current,0.5,53.1,net_income,0,No change
INTC,INTEL CORP,Information Technology,2026-01-31,2025-12-27,6,9,true,0.3477,-0.0419,-0.0051,-0.0936,-0.0489,46.59,long_term_debt_incl_current,0.41,52.85,net_income,3,New annual report
INTC,INTEL CORP,Information Technology,2026-02-28,2025-12-27,6,9,true,0.3477,-0.0419,-0.0051,-0.0936,-0.0489,46.59,long_term_debt_incl_current,0.41,52.85,net_income,0,No change
INTC,INTEL CORP,Information Technology,2026-03-31,2025-12-27,6,9,true,0.3477,-0.0419,-0.0051,-0.0936,-0.0489,46.59,long_term_debt_incl_current,0.41,52.85,net_income,0,No change
INTC,INTEL CORP,Information Technology,2026-04-30,2025-12-27,6,9,true,0.3477,-0.0419,-0.0051,-0.0936,-0.0489,46.59,long_term_debt_incl_current,0.41,52.85,net_income,0,No change
INTC,INTEL CORP,Information Technology,2026-05-31,2025-12-27,6,9,true,0.3477,-0.0419,-0.0051,-0.0936,-0.0489,46.59,long_term_debt_incl_current,0.41,52.85,net_income,0,No change
INTC,INTEL CORP,Information Technology,2026-06-30,2025-12-27,6,9,true,0.3477,-0.0419,-0.0051,-0.0936,-0.0489,46.59,long_term_debt_incl_current,0.41,52.85,net_income,0,No change
INTC,INTEL CORP,Information Technology,2026-07-31,2025-12-27,6,9,true,0.3477,-0.0419,-0.0051,-0.0936,-0.0489,46.59,long_term_debt_incl_current,0.41,52.85,net_income,0,No change
INTC,INTEL CORP,Information Technology,2026-08-31,2025-12-27,6,9,true,0.3477,-0.0419,-0.0051,-0.0936,-0.0489,46.59,long_term_debt_incl_current,0.41,52.85,net_income,0,No change
INTC,INTEL CORP,Information Technology,2026-09-30,2025-12-27,6,9,true,0.3477,-0.0419,-0.0051,-0.0936,-0.0489,46.59,long_term_debt_incl_current,0.41,52.85,net_income,0,No change
JNJ,Johnson & Johnson,Health Care,2010-03-31,2010-01-03,5,5,false,,,,,-0.0479,14.54,noncurrent_plus_current,,,net_income_incl_nci,,No change
JNJ,Johnson & Johnson,Health Care,2010-04-30,2010-01-03,5,5,false,,,,,-0.0479,14.54,noncurrent_plus_current,,,net_income_incl_nci,0,No change
JNJ,Johnson & Johnson,Health Care,2010-05-31,2010-01-03,5,5,false,,,,,-0.0479,14.54,noncurrent_plus_current,,,net_income_incl_nci,0,No change
JNJ,Johnson & Johnson,Health Care,2010-06-30,2010-01-03,5,5,false,,,,,-0.0479,14.54,noncurrent_plus_current,,,net_income_incl_nci,0,No change
JNJ,Johnson & Johnson,Health Care,2010-07-31,2010-01-03,5,5,false,,,,,-0.0479,14.54,noncurrent_plus_current,,,net_income_incl_nci,0,No change
JNJ,Johnson & Johnson,Health Care,2010-08-31,2010-01-03,5,5,false,,,,,-0.0479,14.54,noncurrent_plus_current,,,net_income_incl_nci,0,No change
JNJ,Johnson & Johnson,Health Care,2010-09-30,2010-01-03,5,5,false,,,,,-0.0479,14.54,noncurrent_plus_current,,,net_income_incl_nci,0,No change
JNJ,Johnson & Johnson,Health Care,2010-10-31,2010-01-03,5,5,false,,,,,-0.0479,14.54,noncurrent_plus_current,,,net_income_incl_nci,0,No change
JNJ,Johnson & Johnson,Health Care,2010-11-30,2010-01-03,5,5,false,,,,,-0.0479,14.54,noncurrent_plus_current,,,net_income_incl_nci,0,No change
JNJ,Johnson & Johnson,Health Care,2010-12-31,2010-01-03,5,5,false,,,,,-0.0479,14.54,noncurrent_plus_current,,,net_income_incl_nci,0,No change
JNJ,Johnson & Johnson,Health Care,2011-01-31,2010-01-03,5,5,false,,,,,-0.0479,14.54,noncurrent_plus_current,,,net_income_incl_nci,0,No change
JNJ,Johnson & Johnson,Health Care,2011-02-28,2011-01-02,5,7,false,,,,,-0.0309,16.79,long_term_debt_incl_current,,,net_income_incl_nci,0,No change
JNJ,Johnson & Johnson,Health Care,2011-03-31,2011-01-02,5,7,false,,,,,-0.0309,16.79,long_term_debt_incl_current,,,net_income_incl_nci,0,No change
JNJ,Johnson & Johnson,Health Care,2011-04-30,2011-01-02,5,7,false,,,,,-0.0309,16.79,long_term_debt_incl_current,,,net_income_incl_nci,0,No change
JNJ,Johnson & Johnson,Health Care,2011-05-31,2011-01-02,5,7,false,,,,,-0.0309,16.79,long_term_debt_incl_current,,,net_income_incl_nci,0,No change
JNJ,Johnson & Johnson,Health Care,2011-06-30,2011-01-02,5,7,false,,,,,-0.0309,16.79,long_term_debt_incl_current,,,net_income_incl_nci,0,No change
JNJ,Johnson & Johnson,Health Care,2011-07-31,2011-01-02,5,7,false,,,,,-0.0309,16.79,long_term_debt_incl_current,,,net_income_incl_nci,0,No change
JNJ,Johnson & Johnson,Health Care,2011-08-31,2011-01-02,5,7,false,,,,,-0.0309,16.79,long_term_debt_incl_current,,,net_income_incl_nci,0,No change
JNJ,Johnson & Johnson,Health Care,2011-09-30,2011-01-02,5,7,false,,,,,-0.0309,16.79,long_term_debt_incl_current,,,net_income_incl_nci,0,No change
JNJ,Johnson & Johnson,Health Care,2011-10-31,2011-01-02,5,7,false,,,,,-0.0309,16.79,long_term_debt_incl_current,,,net_income_incl_nci,0,No change
JNJ,Johnson & Johnson,Health Care,2011-11-30,2011-01-02,5,7,false,,,,,-0.0309,16.79,long_term_debt_incl_current,,,net_income_incl_nci,0,No change
JNJ,Johnson & Johnson,Health Care,2011-12-31,2011-01-02,5,7,false,,,,,-0.0309,16.79,long_term_debt_incl_current,,,net_income_incl_nci,0,No change
JNJ,Johnson & Johnson,Health Care,2012-01-31,2011-01-02,5,7,false,,,,,-0.0309,16.79,long_term_debt_incl_current,,,net_income_incl_nci,0,No change
JNJ,Johnson & Johnson,Health Care,2012-02-29,2012-01-01,5,6,false,,,,,-0.0427,19.63,noncurrent_plus_current,,,net_income_incl_nci,0,No change
JNJ,Johnson & Johnson,Health Care,2012-03-31,2012-01-01,5,6,false,,,,,-0.0427,19.63,noncurrent_plus_current,,,net_income_incl_nci,0,No change
JNJ,Johnson & Johnson,Health Care,2012-04-30,2012-01-01,5,6,false,,,,,-0.0427,19.63,noncurrent_plus_current,,,net_income_incl_nci,0,No change
JNJ,Johnson & Johnson,Health Care,2012-05-31,2012-01-01,5,6,false,,,,,-0.0427,19.63,noncurrent_plus_current,,,net_income_incl_nci,0,No change
JNJ,Johnson & Johnson,Health Care,2012-06-30,2012-01-01,5,6,false,,,,,-0.0427,19.63,noncurrent_plus_current,,,net_income_incl_nci,0,No change
JNJ,Johnson & Johnson,Health Care,2012-07-31,2012-01-01,5,6,false,,,,,-0.0427,19.63,noncurrent_plus_current,,,net_income_incl_nci,0,No change
JNJ,Johnson & Johnson,Health Care,2012-08-31,2012-01-01,5,6,false,,,,,-0.0427,19.63,noncurrent_plus_current,,,net_income_incl_nci,0,No change
JNJ,Johnson & Johnson,Health Care,2012-09-30,2012-01-01,5,6,false,,,,,-0.0427,19.63,noncurrent_plus_current,,,net_income_incl_nci,0,No change
JNJ,Johnson & Johnson,Health Care,2012-10-31,2012-01-01,5,6,false,,,,,-0.0427,19.63,noncurrent_plus_current,,,net_income_incl_nci,0,No change
JNJ,Johnson & Johnson,Health Care,2012-11-30,2012-01-01,5,6,false,,,,,-0.0427,19.63,noncurrent_plus_current,,,net_income_incl_nci,0,No change
JNJ,Johnson & Johnson,Health Care,2012-12-31,2012-01-01,5,6,false,,,,,-0.0427,19.63,noncurrent_plus_current,,,net_income_incl_nci,0,No change
JNJ,Johnson & Johnson,Health Care,2013-01-31,2012-01-01,5,6,false,,,,,-0.0427,19.63,noncurrent_plus_current,,,net_income_incl_nci,0,No change
JNJ,Johnson & Johnson,Health Care,2013-02-28,2012-12-30,5,7,false,,,,,-0.0387,16.17,noncurrent_plus_current,,,net_income,0,No change
JNJ,Johnson & Johnson,Health Care,2013-03-31,2012-12-30,5,7,false,,,,,-0.0387,16.17,noncurrent_plus_current,,,net_income,0,No change
JNJ,Johnson & Johnson,Health Care,2013-04-30,2012-12-30,5,7,false,,,,,-0.0387,16.17,noncurrent_plus_current,,,net_income,0,No change
JNJ,Johnson & Johnson,Health Care,2013-05-31,2012-12-30,5,7,false,,,,,-0.0387,16.17,noncurrent_plus_current,,,net_income,0,No change
JNJ,Johnson & Johnson,Health Care,2013-06-30,2012-12-30,5,7,false,,,,,-0.0387,16.17,noncurrent_plus_current,,,net_income,0,No change
JNJ,Johnson & Johnson,Health Care,2013-07-31,2012-12-30,5,7,false,,,,,-0.0387,16.17,noncurrent_plus_current,,,net_income,0,No change
JNJ,Johnson & Johnson,Health Care,2013-08-31,2012-12-30,5,7,false,,,,,-0.0387,16.17,noncurrent_plus_current,,,net_income,0,No change
JNJ,Johnson & Johnson,Health Care,2013-09-30,2012-12-30,5,7,false,,,,,-0.0387,16.17,noncurrent_plus_current,,,net_income,0,No change
JNJ,Johnson & Johnson,Health Care,2013-10-31,2012-12-30,5,7,false,,,,,-0.0387,16.17,noncurrent_plus_current,,,net_income,0,No change
JNJ,Johnson & Johnson,Health Care,2013-11-30,2012-12-30,5,7,false,,,,,-0.0387,16.17,noncurrent_plus_current,,,net_income,0,No change
JNJ,Johnson & Johnson,Health Care,2013-12-31,2012-12-30,5,7,false,,,,,-0.0387,16.17,noncurrent_plus_current,,,net_income,0,No change
JNJ,Johnson & Johnson,Health Care,2014-01-31,2012-12-30,5,7,false,,,,,-0.0387,16.17,noncurrent_plus_current,,,net_income,0,No change
JNJ,Johnson & Johnson,Health Care,2014-02-28,2013-12-29,5,7,false,,,,,-0.0282,18.18,noncurrent_plus_current,,,net_income,0,No change
JNJ,Johnson & Johnson,Health Care,2014-03-31,2013-12-29,5,7,false,,,,,-0.0282,18.18,noncurrent_plus_current,,,net_income,0,No change
JNJ,Johnson & Johnson,Health Care,2014-04-30,2013-12-29,5,7,false,,,,,-0.0282,18.18,noncurrent_plus_current,,,net_income,0,No change
JNJ,Johnson & Johnson,Health Care,2014-05-31,2013-12-29,5,7,false,,,,,-0.0282,18.18,noncurrent_plus_current,,,net_income,0,No change
JNJ,Johnson & Johnson,Health Care,2014-06-30,2013-12-29,5,7,false,,,,,-0.0282,18.18,noncurrent_plus_current,,,net_income,0,No change
JNJ,Johnson & Johnson,Health Care,2014-07-31,2013-12-29,5,7,false,,,,,-0.0282,18.18,noncurrent_plus_current,,,net_income,0,No change
JNJ,Johnson & Johnson,Health Care,2014-08-31,2013-12-29,5,7,false,,,,,-0.0282,18.18,noncurrent_plus_current,,,net_income,0,No change
JNJ,Johnson & Johnson,Health Care,2014-09-30,2013-12-29,5,7,false,,,,,-0.0282,18.18,noncurrent_plus_current,,,net_income,0,No change
JNJ,Johnson & Johnson,Health Care,2014-10-31,2013-12-29,5,7,false,,,,,-0.0282,18.18,noncurrent_plus_current,,,net_income,0,No change
JNJ,Johnson & Johnson,Health Care,2014-11-30,2013-12-29,5,7,false,,,,,-0.0282,18.18,noncurrent_plus_current,,,net_income,0,No change
JNJ,Johnson & Johnson,Health Care,2014-12-31,2013-12-29,5,7,false,,,,,-0.0282,18.18,noncurrent_plus_current,,,net_income,0,No change
JNJ,Johnson & Johnson,Health Care,2015-01-31,2013-12-29,5,7,false,,,,,-0.0282,18.18,noncurrent_plus_current,,,net_income,0,No change
JNJ,Johnson & Johnson,Health Care,2015-02-28,2014-12-28,7,7,false,,,,,-0.0163,18.76,noncurrent_plus_current,,,net_income,2,New annual report
JNJ,Johnson & Johnson,Health Care,2015-03-31,2014-12-28,7,7,false,,,,,-0.0163,18.76,noncurrent_plus_current,,,net_income,0,No change
JNJ,Johnson & Johnson,Health Care,2015-04-30,2014-12-28,7,7,false,,,,,-0.0163,18.76,noncurrent_plus_current,,,net_income,0,No change
JNJ,Johnson & Johnson,Health Care,2015-05-31,2014-12-28,7,7,false,,,,,-0.0163,18.76,noncurrent_plus_current,,,net_income,0,No change
JNJ,Johnson & Johnson,Health Care,2015-06-30,2014-12-28,7,7,false,,,,,-0.0163,18.76,noncurrent_plus_current,,,net_income,0,No change
JNJ,Johnson & Johnson,Health Care,2015-07-31,2014-12-28,7,7,false,,,,,-0.0163,18.76,noncurrent_plus_current,,,net_income,0,No change
JNJ,Johnson & Johnson,Health Care,2015-08-31,2014-12-28,7,7,false,,,,,-0.0163,18.76,noncurrent_plus_current,,,net_income,0,No change
JNJ,Johnson & Johnson,Health Care,2015-09-30,2014-12-28,7,7,false,,,,,-0.0163,18.76,noncurrent_plus_current,,,net_income,0,No change
JNJ,Johnson & Johnson,Health Care,2015-10-31,2014-12-28,7,7,false,,,,,-0.0163,18.76,noncurrent_plus_current,,,net_income,0,No change
JNJ,Johnson & Johnson,Health Care,2015-11-30,2014-12-28,7,7,false,,,,,-0.0163,18.76,noncurrent_plus_current,,,net_income,0,No change
JNJ,Johnson & Johnson,Health Care,2015-12-31,2014-12-28,7,7,false,,,,,-0.0163,18.76,noncurrent_plus_current,,,net_income,0,No change
JNJ,Johnson & Johnson,Health Care,2016-01-31,2014-12-28,7,7,false,,,,,-0.0163,18.76,noncurrent_plus_current,,,net_income,0,No change
JNJ,Johnson & Johnson,Health Care,2016-02-29,2016-01-03,4,7,false,,,,,-0.0293,19.86,noncurrent_plus_current,,,net_income,-3,New annual report
JNJ,Johnson & Johnson,Health Care,2016-03-31,2016-01-03,4,7,false,,,,,-0.0293,19.86,noncurrent_plus_current,,,net_income,0,No change
JNJ,Johnson & Johnson,Health Care,2016-04-30,2016-01-03,4,7,false,,,,,-0.0293,19.86,noncurrent_plus_current,,,net_income,0,No change
JNJ,Johnson & Johnson,Health Care,2016-05-31,2016-01-03,4,7,false,,,,,-0.0293,19.86,noncurrent_plus_current,,,net_income,0,No change
JNJ,Johnson & Johnson,Health Care,2016-06-30,2016-01-03,4,7,false,,,,,-0.0293,19.86,noncurrent_plus_current,,,net_income,0,No change
JNJ,Johnson & Johnson,Health Care,2016-07-31,2016-01-03,4,7,false,,,,,-0.0293,19.86,noncurrent_plus_current,,,net_income,0,No change
JNJ,Johnson & Johnson,Health Care,2016-08-31,2016-01-03,4,7,false,,,,,-0.0293,19.86,noncurrent_plus_current,,,net_income,0,No change
JNJ,Johnson & Johnson,Health Care,2016-09-30,2016-01-03,4,7,false,,,,,-0.0293,19.86,noncurrent_plus_current,,,net_income,0,No change
JNJ,Johnson & Johnson,Health Care,2016-10-31,2016-01-03,4,7,false,,,,,-0.0293,19.86,noncurrent_plus_current,,,net_income,0,No change
JNJ,Johnson & Johnson,Health Care,2016-11-30,2016-01-03,4,7,false,,,,,-0.0293,19.86,noncurrent_plus_current,,,net_income,0,No change
JNJ,Johnson & Johnson,Health Care,2016-12-31,2016-01-03,4,7,false,,,,,-0.0293,19.86,noncurrent_plus_current,,,net_income,0,No change
JNJ,Johnson & Johnson,Health Care,2017-01-31,2016-01-03,4,7,false,,,,,-0.0293,19.86,noncurrent_plus_current,,,net_income,0,No change
JNJ,Johnson & Johnson,Health Care,2017-02-28,2017-01-01,6,7,false,,,,,-0.0162,27.13,noncurrent_plus_current,,,net_income,2,New annual report
JNJ,Johnson & Johnson,Health Care,2017-03-31,2017-01-01,6,7,false,,,,,-0.0162,27.13,noncurrent_plus_current,,,net_income,0,No change
JNJ,Johnson & Johnson,Health Care,2017-04-30,2017-01-01,6,7,false,,,,,-0.0162,27.13,noncurrent_plus_current,,,net_income,0,No change
JNJ,Johnson & Johnson,Health Care,2017-05-31,2017-01-01,6,7,false,,,,,-0.0162,27.13,noncurrent_plus_current,,,net_income,0,No change
JNJ,Johnson & Johnson,Health Care,2017-06-30,2017-01-01,6,7,false,,,,,-0.0162,27.13,noncurrent_plus_current,,,net_income,0,No change
JNJ,Johnson & Johnson,Health Care,2017-07-31,2017-01-01,6,7,false,,,,,-0.0162,27.13,noncurrent_plus_current,,,net_income,0,No change
JNJ,Johnson & Johnson,Health Care,2017-08-31,2017-01-01,6,7,false,,,,,-0.0162,27.13,noncurrent_plus_current,,,net_income,0,No change
JNJ,Johnson & Johnson,Health Care,2017-09-30,2017-01-01,6,7,false,,,,,-0.0162,27.13,noncurrent_plus_current,,,net_income,0,No change
JNJ,Johnson & Johnson,Health Care,2017-10-31,2017-01-01,6,7,false,,,,,-0.0162,27.13,noncurrent_plus_current,,,net_income,0,No change
JNJ,Johnson & Johnson,Health Care,2017-11-30,2017-01-01,6,7,false,,,,,-0.0162,27.13,noncurrent_plus_current,,,net_income,0,No change
JNJ,Johnson & Johnson,Health Care,2017-12-31,2017-01-01,6,7,false,,,,,-0.0162,27.13,noncurrent_plus_current,,,net_income,0,No change
JNJ,Johnson & Johnson,Health Care,2018-01-31,2017-01-01,6,7,false,,,,,-0.0162,27.13,noncurrent_plus_current,,,net_income,0,No change
JNJ,Johnson & Johnson,Health Care,2018-02-28,2017-12-31,4,7,false,,,,,-0.1324,36.08,noncurrent_plus_current,,,net_income,-2,New annual report
JNJ,Johnson & Johnson,Health Care,2018-03-31,2017-12-31,4,7,false,,,,,-0.1324,36.08,noncurrent_plus_current,,,net_income,0,No change
JNJ,Johnson & Johnson,Health Care,2018-04-30,2017-12-31,4,7,false,,,,,-0.1324,36.08,noncurrent_plus_current,,,net_income,0,No change
JNJ,Johnson & Johnson,Health Care,2018-05-31,2017-12-31,4,7,false,,,,,-0.1324,36.08,noncurrent_plus_current,,,net_income,0,No change
JNJ,Johnson & Johnson,Health Care,2018-06-30,2017-12-31,4,7,false,,,,,-0.1324,36.08,noncurrent_plus_current,,,net_income,0,No change
JNJ,Johnson & Johnson,Health Care,2018-07-31,2017-12-31,4,7,false,,,,,-0.1324,36.08,noncurrent_plus_current,,,net_income,0,No change
JNJ,Johnson & Johnson,Health Care,2018-08-31,2017-12-31,4,7,false,,,,,-0.1324,36.08,noncurrent_plus_current,,,net_income,0,No change
JNJ,Johnson & Johnson,Health Care,2018-09-30,2017-12-31,4,7,false,,,,,-0.1324,36.08,noncurrent_plus_current,,,net_income,0,No change
JNJ,Johnson & Johnson,Health Care,2018-10-31,2017-12-31,4,7,false,,,,,-0.1324,36.08,noncurrent_plus_current,,,net_income,0,No change
JNJ,Johnson & Johnson,Health Care,2018-11-30,2017-12-31,4,7,false,,,,,-0.1324,36.08,noncurrent_plus_current,,,net_income,0,No change
JNJ,Johnson & Johnson,Health Care,2018-12-31,2017-12-31,4,7,false,,,,,-0.1324,36.08,noncurrent_plus_current,,,net_income,0,No change
JNJ,Johnson & Johnson,Health Care,2019-01-31,2017-12-31,4,7,false,,,,,-0.1324,36.08,noncurrent_plus_current,,,net_income,0,No change
JNJ,Johnson & Johnson,Health Care,2019-02-28,2018-12-30,8,9,true,0.6679,,0.1875,0.2271,-0.0445,33.08,noncurrent_plus_current,,81.58,net_income,4,New annual report
JNJ,Johnson & Johnson,Health Care,2019-03-31,2018-12-30,8,9,true,0.6679,,0.1875,0.2271,-0.0445,33.08,noncurrent_plus_current,,81.58,net_income,0,No change
JNJ,Johnson & Johnson,Health Care,2019-04-30,2018-12-30,8,9,true,0.6679,,0.1875,0.2271,-0.0445,33.08,noncurrent_plus_current,,81.58,net_income,0,No change
JNJ,Johnson & Johnson,Health Care,2019-05-31,2018-12-30,8,9,true,0.6679,,0.1875,0.2271,-0.0445,33.08,noncurrent_plus_current,,81.58,net_income,0,No change
JNJ,Johnson & Johnson,Health Care,2019-06-30,2018-12-30,8,9,true,0.6679,,0.1875,0.2271,-0.0445,33.08,noncurrent_plus_current,,81.58,net_income,0,No change
JNJ,Johnson & Johnson,Health Care,2019-07-31,2018-12-30,8,9,true,0.6679,,0.1875,0.2271,-0.0445,33.08,noncurrent_plus_current,,81.58,net_income,0,No change
JNJ,Johnson & Johnson,Health Care,2019-08-31,2018-12-30,8,9,true,0.6679,,0.1875,0.2271,-0.0445,33.08,noncurrent_plus_current,,81.58,net_income,0,No change
JNJ,Johnson & Johnson,Health Care,2019-09-30,2018-12-30,8,9,true,0.6679,,0.1875,0.2271,-0.0445,33.08,noncurrent_plus_current,,81.58,net_income,0,No change
JNJ,Johnson & Johnson,Health Care,2019-10-31,2018-12-30,8,9,true,0.6679,,0.1875,0.2271,-0.0445,33.08,noncurrent_plus_current,,81.58,net_income,0,No change
JNJ,Johnson & Johnson,Health Care,2019-11-30,2018-12-30,8,9,true,0.6679,,0.1875,0.2271,-0.0445,33.08,noncurrent_plus_current,,81.58,net_income,0,No change
JNJ,Johnson & Johnson,Health Care,2019-12-31,2018-12-30,8,9,true,0.6679,,0.1875,0.2271,-0.0445,33.08,noncurrent_plus_current,,81.58,net_income,0,No change
JNJ,Johnson & Johnson,Health Care,2020-01-31,2018-12-30,8,9,true,0.6679,,0.1875,0.2271,-0.0445,33.08,noncurrent_plus_current,,81.58,net_income,0,No change
JNJ,Johnson & Johnson,Health Care,2020-02-29,2019-12-29,7,9,true,0.6642,,0.1842,0.2427,-0.0534,27.7,noncurrent_plus_current,,82.06,net_income,-1,New annual report
JNJ,Johnson & Johnson,Health Care,2020-03-31,2019-12-29,7,9,true,0.6642,,0.1842,0.2427,-0.0534,27.7,noncurrent_plus_current,,82.06,net_income,0,No change
JNJ,Johnson & Johnson,Health Care,2020-04-30,2019-12-29,7,9,true,0.6642,,0.1842,0.2427,-0.0534,27.7,noncurrent_plus_current,,82.06,net_income,0,No change
JNJ,Johnson & Johnson,Health Care,2020-05-31,2019-12-29,7,9,true,0.6642,,0.1842,0.2427,-0.0534,27.7,noncurrent_plus_current,,82.06,net_income,0,No change
JNJ,Johnson & Johnson,Health Care,2020-06-30,2019-12-29,7,9,true,0.6642,,0.1842,0.2427,-0.0534,27.7,noncurrent_plus_current,,82.06,net_income,0,No change
JNJ,Johnson & Johnson,Health Care,2020-07-31,2019-12-29,7,9,true,0.6642,,0.1842,0.2427,-0.0534,27.7,noncurrent_plus_current,,82.06,net_income,0,No change
JNJ,Johnson & Johnson,Health Care,2020-08-31,2019-12-29,7,9,true,0.6642,,0.1842,0.2427,-0.0534,27.7,noncurrent_plus_current,,82.06,net_income,0,No change
JNJ,Johnson & Johnson,Health Care,2020-09-30,2019-12-29,7,9,true,0.6642,,0.1842,0.2427,-0.0534,27.7,noncurrent_plus_current,,82.06,net_income,0,No change
JNJ,Johnson & Johnson,Health Care,2020-10-31,2019-12-29,7,9,true,0.6642,,0.1842,0.2427,-0.0534,27.7,noncurrent_plus_current,,82.06,net_income,0,No change
JNJ,Johnson & Johnson,Health Care,2020-11-30,2019-12-29,7,9,true,0.6642,,0.1842,0.2427,-0.0534,27.7,noncurrent_plus_current,,82.06,net_income,0,No change
JNJ,Johnson & Johnson,Health Care,2020-12-31,2019-12-29,7,9,true,0.6642,,0.1842,0.2427,-0.0534,27.7,noncurrent_plus_current,,82.06,net_income,0,No change
JNJ,Johnson & Johnson,Health Care,2021-01-31,2019-12-29,7,9,true,0.6642,,0.1842,0.2427,-0.0534,27.7,noncurrent_plus_current,,82.06,net_income,0,No change
JNJ,Johnson & Johnson,Health Care,2021-02-28,2021-01-03,4,9,true,0.6558,,0.1782,0.2445,-0.053,35.27,noncurrent_plus_current,,82.58,net_income,-3,New annual report
JNJ,Johnson & Johnson,Health Care,2021-03-31,2021-01-03,4,9,true,0.6558,,0.1782,0.2445,-0.053,35.27,noncurrent_plus_current,,82.58,net_income,0,No change
JNJ,Johnson & Johnson,Health Care,2021-04-30,2021-01-03,4,9,true,0.6558,,0.1782,0.2445,-0.053,35.27,noncurrent_plus_current,,82.58,net_income,0,No change
JNJ,Johnson & Johnson,Health Care,2021-05-31,2021-01-03,4,9,true,0.6558,,0.1782,0.2445,-0.053,35.27,noncurrent_plus_current,,82.58,net_income,0,No change
JNJ,Johnson & Johnson,Health Care,2021-06-30,2021-01-03,4,9,true,0.6558,,0.1782,0.2445,-0.053,35.27,noncurrent_plus_current,,82.58,net_income,0,No change
JNJ,Johnson & Johnson,Health Care,2021-07-31,2021-01-03,4,9,true,0.6558,,0.1782,0.2445,-0.053,35.27,noncurrent_plus_current,,82.58,net_income,0,No change
JNJ,Johnson & Johnson,Health Care,2021-08-31,2021-01-03,4,9,true,0.6558,,0.1782,0.2445,-0.053,35.27,noncurrent_plus_current,,82.58,net_income,0,No change
JNJ,Johnson & Johnson,Health Care,2021-09-30,2021-01-03,4,9,true,0.6558,,0.1782,0.2445,-0.053,35.27,noncurrent_plus_current,,82.58,net_income,0,No change
JNJ,Johnson & Johnson,Health Care,2021-10-31,2021-01-03,4,9,true,0.6558,,0.1782,0.2445,-0.053,35.27,noncurrent_plus_current,,82.58,net_income,0,No change
JNJ,Johnson & Johnson,Health Care,2021-11-30,2021-01-03,4,9,true,0.6558,,0.1782,0.2445,-0.053,35.27,noncurrent_plus_current,,82.58,net_income,0,No change
JNJ,Johnson & Johnson,Health Care,2021-12-31,2021-01-03,4,9,true,0.6558,,0.1782,0.2445,-0.053,35.27,noncurrent_plus_current,,82.58,net_income,0,No change
JNJ,Johnson & Johnson,Health Care,2022-01-31,2021-01-03,4,9,true,0.6558,,0.1782,0.2445,-0.053,35.27,noncurrent_plus_current,,82.58,net_income,0,No change
JNJ,Johnson & Johnson,Health Care,2022-02-28,2022-01-02,8,9,true,0.6816,,0.2226,0.2107,-0.0142,35.88,long_term_debt_incl_current,,93.78,net_income,4,New annual report
JNJ,Johnson & Johnson,Health Care,2022-03-31,2022-01-02,8,9,true,0.6816,,0.2226,0.2107,-0.0142,35.88,long_term_debt_incl_current,,93.78,net_income,0,No change
JNJ,Johnson & Johnson,Health Care,2022-04-30,2022-01-02,8,9,true,0.6816,,0.2226,0.2107,-0.0142,35.88,long_term_debt_incl_current,,93.78,net_income,0,No change
JNJ,Johnson & Johnson,Health Care,2022-05-31,2022-01-02,8,9,true,0.6816,,0.2226,0.2107,-0.0142,35.88,long_term_debt_incl_current,,93.78,net_income,0,No change
JNJ,Johnson & Johnson,Health Care,2022-06-30,2022-01-02,8,9,true,0.6816,,0.2226,0.2107,-0.0142,35.88,long_term_debt_incl_current,,93.78,net_income,0,No change
JNJ,Johnson & Johnson,Health Care,2022-07-31,2022-01-02,8,9,true,0.6816,,0.2226,0.2107,-0.0142,35.88,long_term_debt_incl_current,,93.78,net_income,0,No change
JNJ,Johnson & Johnson,Health Care,2022-08-31,2022-01-02,8,9,true,0.6816,,0.2226,0.2107,-0.0142,35.88,long_term_debt_incl_current,,93.78,net_income,0,No change
JNJ,Johnson & Johnson,Health Care,2022-09-30,2022-01-02,8,9,true,0.6816,,0.2226,0.2107,-0.0142,35.88,long_term_debt_incl_current,,93.78,net_income,0,No change
JNJ,Johnson & Johnson,Health Care,2022-10-31,2022-01-02,8,9,true,0.6816,,0.2226,0.2107,-0.0142,35.88,long_term_debt_incl_current,,93.78,net_income,0,No change
JNJ,Johnson & Johnson,Health Care,2022-11-30,2022-01-02,8,9,true,0.6816,,0.2226,0.2107,-0.0142,35.88,long_term_debt_incl_current,,93.78,net_income,0,No change
JNJ,Johnson & Johnson,Health Care,2022-12-31,2022-01-02,8,9,true,0.6816,,0.2226,0.2107,-0.0142,35.88,long_term_debt_incl_current,,93.78,net_income,0,No change
JNJ,Johnson & Johnson,Health Care,2023-01-31,2022-01-02,8,9,true,0.6816,,0.2226,0.2107,-0.0142,35.88,long_term_debt_incl_current,,93.78,net_income,0,No change
JNJ,Johnson & Johnson,Health Care,2023-02-28,2023-01-01,4,9,true,0.6726,,0.189,0.181,-0.0176,41.21,long_term_debt_incl_current,,94.94,net_income,-4,New annual report
JNJ,Johnson & Johnson,Health Care,2023-03-31,2023-01-01,4,9,true,0.6726,,0.189,0.181,-0.0176,41.21,long_term_debt_incl_current,,94.94,net_income,0,No change
JNJ,Johnson & Johnson,Health Care,2023-04-30,2023-01-01,4,9,true,0.6726,,0.189,0.181,-0.0176,41.21,long_term_debt_incl_current,,94.94,net_income,0,No change
JNJ,Johnson & Johnson,Health Care,2023-05-31,2023-01-01,4,9,true,0.6726,,0.189,0.181,-0.0176,41.21,long_term_debt_incl_current,,94.94,net_income,0,No change
JNJ,Johnson & Johnson,Health Care,2023-06-30,2023-01-01,4,9,true,0.6726,,0.189,0.181,-0.0176,41.21,long_term_debt_incl_current,,94.94,net_income,0,No change
JNJ,Johnson & Johnson,Health Care,2023-07-31,2023-01-01,4,9,true,0.6726,,0.189,0.181,-0.0176,41.21,long_term_debt_incl_current,,94.94,net_income,0,No change
JNJ,Johnson & Johnson,Health Care,2023-08-31,2023-01-01,4,9,true,0.6726,,0.189,0.181,-0.0176,41.21,long_term_debt_incl_current,0.54,94.94,net_income,0,No change
JNJ,Johnson & Johnson,Health Care,2023-09-30,2023-01-01,4,9,true,0.6726,,0.189,0.181,-0.0176,41.21,long_term_debt_incl_current,0.54,94.94,net_income,0,No change
JNJ,Johnson & Johnson,Health Care,2023-10-31,2023-01-01,4,9,true,0.6726,,0.189,0.181,-0.0176,41.2,long_term_debt_incl_current,0.54,94.94,net_income,0,No change
JNJ,Johnson & Johnson,Health Care,2023-11-30,2023-01-01,4,9,true,0.6726,,0.189,0.181,-0.0176,41.2,long_term_debt_incl_current,0.54,94.94,net_income,0,No change
JNJ,Johnson & Johnson,Health Care,2023-12-31,2023-01-01,4,9,true,0.6726,,0.189,0.181,-0.0176,41.2,long_term_debt_incl_current,0.54,94.94,net_income,0,No change
JNJ,Johnson & Johnson,Health Care,2024-01-31,2023-01-01,4,9,true,0.6726,,0.189,0.181,-0.0176,41.2,long_term_debt_incl_current,0.54,94.94,net_income,0,No change
JNJ,Johnson & Johnson,Health Care,2024-02-29,2023-12-31,7,9,true,0.6882,,0.4128,0.2143,0.0697,30.8,long_term_debt_incl_current,,85.16,net_income,3,New annual report
JNJ,Johnson & Johnson,Health Care,2024-03-31,2023-12-31,7,9,true,0.6882,,0.4128,0.2143,0.0697,30.8,long_term_debt_incl_current,,85.16,net_income,0,No change
JNJ,Johnson & Johnson,Health Care,2024-04-30,2023-12-31,7,9,true,0.6882,,0.4128,0.2143,0.0697,30.8,long_term_debt_incl_current,,85.16,net_income,0,No change
JNJ,Johnson & Johnson,Health Care,2024-05-31,2023-12-31,7,9,true,0.6882,,0.4128,0.2143,0.0697,30.8,long_term_debt_incl_current,0.45,85.16,net_income,0,No change
JNJ,Johnson & Johnson,Health Care,2024-06-30,2023-12-31,7,9,true,0.6882,,0.4128,0.2143,0.0697,30.8,long_term_debt_incl_current,0.45,85.16,net_income,0,No change
JNJ,Johnson & Johnson,Health Care,2024-07-31,2023-12-31,7,9,true,0.6882,,0.4128,0.2143,0.0697,30.8,long_term_debt_incl_current,0.45,85.16,net_income,0,No change
JNJ,Johnson & Johnson,Health Care,2024-08-31,2023-12-31,7,9,true,0.6882,,0.4128,0.2143,0.0697,30.8,long_term_debt_incl_current,0.45,85.16,net_income,0,No change
JNJ,Johnson & Johnson,Health Care,2024-09-30,2023-12-31,7,9,true,0.6882,,0.4128,0.2143,0.0697,30.8,long_term_debt_incl_current,0.45,85.16,net_income,0,No change
JNJ,Johnson & Johnson,Health Care,2024-10-31,2023-12-31,7,9,true,0.6882,,0.4128,0.2143,0.0697,30.8,long_term_debt_incl_current,0.45,85.16,net_income,0,No change
JNJ,Johnson & Johnson,Health Care,2024-11-30,2023-12-31,7,9,true,0.6882,,0.4128,0.2143,0.0697,30.8,long_term_debt_incl_current,0.45,85.16,net_income,0,No change
JNJ,Johnson & Johnson,Health Care,2024-12-31,2023-12-31,7,9,true,0.6882,,0.4128,0.2143,0.0697,30.8,long_term_debt_incl_current,0.45,85.16,net_income,0,No change
JNJ,Johnson & Johnson,Health Care,2025-01-31,2023-12-31,7,9,true,0.6882,,0.4128,0.2143,0.0697,30.8,long_term_debt_incl_current,0.45,85.16,net_income,0,No change
JNJ,Johnson & Johnson,Health Care,2025-02-28,2024-12-29,6,9,true,0.6907,,0.1584,0.2234,-0.0587,38.38,long_term_debt_incl_current,,88.82,net_income,-1,New annual report
JNJ,Johnson & Johnson,Health Care,2025-03-31,2024-12-29,6,9,true,0.6907,,0.1584,0.2234,-0.0587,38.38,long_term_debt_incl_current,,88.82,net_income,0,No change
JNJ,Johnson & Johnson,Health Care,2025-04-30,2024-12-29,6,9,true,0.6907,,0.1584,0.2234,-0.0587,38.38,long_term_debt_incl_current,0.54,88.82,net_income,0,No change
JNJ,Johnson & Johnson,Health Care,2025-05-31,2024-12-29,6,9,true,0.6907,,0.1584,0.2234,-0.0587,38.38,long_term_debt_incl_current,0.54,88.82,net_income,0,No change
JNJ,Johnson & Johnson,Health Care,2025-06-30,2024-12-29,6,9,true,0.6907,,0.1584,0.2234,-0.0587,38.38,long_term_debt_incl_current,0.54,88.82,net_income,0,No change
JNJ,Johnson & Johnson,Health Care,2025-07-31,2024-12-29,6,9,true,0.6907,,0.1584,0.2234,-0.0587,38.38,long_term_debt_incl_current,0.54,88.82,net_income,0,No change
JNJ,Johnson & Johnson,Health Care,2025-08-31,2024-12-29,6,9,true,0.6907,,0.1584,0.2234,-0.0587,38.38,long_term_debt_incl_current,0.54,88.82,net_income,0,No change
JNJ,Johnson & Johnson,Health Care,2025-09-30,2024-12-29,6,9,true,0.6907,,0.1584,0.2234,-0.0587,38.38,long_term_debt_incl_current,0.54,88.82,net_income,0,No change
JNJ,Johnson & Johnson,Health Care,2025-10-31,2024-12-29,6,9,true,0.6907,,0.1584,0.2234,-0.0587,38.38,long_term_debt_incl_current,0.54,88.82,net_income,0,No change
JNJ,Johnson & Johnson,Health Care,2025-11-30,2024-12-29,6,9,true,0.6907,,0.1584,0.2234,-0.0587,38.38,long_term_debt_incl_current,0.54,88.82,net_income,0,No change
JNJ,Johnson & Johnson,Health Care,2025-12-31,2024-12-29,6,9,true,0.6907,,0.1584,0.2234,-0.0587,38.38,long_term_debt_incl_current,0.54,88.82,net_income,0,No change
JNJ,Johnson & Johnson,Health Care,2026-01-31,2024-12-29,6,9,true,0.6907,,0.1584,0.2234,-0.0587,38.38,long_term_debt_incl_current,0.54,88.82,net_income,0,No change
JNJ,Johnson & Johnson,Health Care,2026-02-28,2025-12-28,4,9,true,0.6788,,0.2846,0.2091,0.012,49.93,long_term_debt_incl_current,,94.19,net_income,-2,New annual report
JNJ,Johnson & Johnson,Health Care,2026-03-31,2025-12-28,4,9,true,0.6788,,0.2846,0.2091,0.012,49.93,long_term_debt_incl_current,,94.19,net_income,0,No change
JNJ,Johnson & Johnson,Health Care,2026-04-30,2025-12-28,4,9,true,0.6788,,0.2846,0.2091,0.012,49.93,long_term_debt_incl_current,0.61,94.19,net_income,0,No change
JNJ,Johnson & Johnson,Health Care,2026-05-31,2025-12-28,4,9,true,0.6788,,0.2846,0.2091,0.012,49.93,long_term_debt_incl_current,0.61,94.19,net_income,0,No change
JNJ,Johnson & Johnson,Health Care,2026-06-30,2025-12-28,4,9,true,0.6788,,0.2846,0.2091,0.012,49.93,long_term_debt_incl_current,0.61,94.19,net_income,0,No change
JNJ,Johnson & Johnson,Health Care,2026-07-31,2025-12-28,4,9,true,0.6788,,0.2846,0.2091,0.012,49.93,long_term_debt_incl_current,0.61,94.19,net_income,0,No change
JNJ,Johnson & Johnson,Health Care,2026-08-31,2025-12-28,4,9,true,0.6788,,0.2846,0.2091,0.012,49.93,long_term_debt_incl_current,0.61,94.19,net_income,0,No change
JNJ,Johnson & Johnson,Health Care,2026-09-30,2025-12-28,4,9,true,0.6788,,0.2846,0.2091,0.012,49.93,long_term_debt_incl_current,0.61,94.19,net_income,0,No change
KO,COCA COLA CO,Consumer Staples,2010-02-28,2009-12-31,5,5,false,,,,,-0.0305,5.11,noncurrent_plus_current,0.21,,net_income,,No change
KO,COCA COLA CO,Consumer Staples,2010-03-31,2009-12-31,5,5,false,,,,,-0.0305,5.11,noncurrent_plus_current,0.21,,net_income,0,No change
KO,COCA COLA CO,Consumer Staples,2010-04-30,2009-12-31,5,5,false,,,,,-0.0305,5.11,noncurrent_plus_current,0.21,,net_income,0,No change
KO,COCA COLA CO,Consumer Staples,2010-05-31,2009-12-31,5,5,false,,,,,-0.0305,5.11,noncurrent_plus_current,0.21,,net_income,0,No change
KO,COCA COLA CO,Consumer Staples,2010-06-30,2009-12-31,5,5,false,,,,,-0.0305,5.11,noncurrent_plus_current,0.21,,net_income,0,No change
KO,COCA COLA CO,Consumer Staples,2010-07-31,2009-12-31,5,5,false,,,,,-0.0305,5.11,noncurrent_plus_current,0.21,,net_income,0,No change
KO,COCA COLA CO,Consumer Staples,2010-08-31,2009-12-31,5,5,false,,,,,-0.0305,5.11,long_term_debt_incl_current,0.21,,net_income,0,No change
KO,COCA COLA CO,Consumer Staples,2010-09-30,2009-12-31,5,5,false,,,,,-0.0305,5.11,long_term_debt_incl_current,0.21,,net_income,0,No change
KO,COCA COLA CO,Consumer Staples,2010-10-31,2009-12-31,5,5,false,,,,,-0.0305,5.11,long_term_debt_incl_current,0.21,,net_income,0,No change
KO,COCA COLA CO,Consumer Staples,2010-11-30,2009-12-31,5,5,false,,,,,-0.0305,5.11,long_term_debt_incl_current,0.21,,net_income,0,No change
KO,COCA COLA CO,Consumer Staples,2010-12-31,2009-12-31,5,5,false,,,,,-0.0305,5.11,long_term_debt_incl_current,0.21,,net_income,0,No change
KO,COCA COLA CO,Consumer Staples,2011-01-31,2009-12-31,5,5,false,,,,,-0.0305,5.11,long_term_debt_incl_current,0.21,,net_income,0,No change
KO,COCA COLA CO,Consumer Staples,2011-02-28,2009-12-31,5,5,false,,,,,-0.0305,5.11,long_term_debt_incl_current,0.21,,net_income,0,No change
KO,COCA COLA CO,Consumer Staples,2011-03-31,2010-12-31,3,7,false,,,,,0.0375,22.85,long_term_debt_incl_current,0.74,,net_income,-2,New annual report
KO,COCA COLA CO,Consumer Staples,2011-04-30,2010-12-31,3,7,false,,,,,0.0375,22.85,long_term_debt_incl_current,0.74,,net_income,0,No change
KO,COCA COLA CO,Consumer Staples,2011-05-31,2010-12-31,3,7,false,,,,,0.0375,22.85,long_term_debt_incl_current,0.74,,net_income,0,No change
KO,COCA COLA CO,Consumer Staples,2011-06-30,2010-12-31,3,7,false,,,,,0.0375,22.85,long_term_debt_incl_current,0.74,,net_income,0,No change
KO,COCA COLA CO,Consumer Staples,2011-07-31,2010-12-31,3,7,false,,,,,0.0375,22.85,long_term_debt_incl_current,0.74,,net_income,0,No change
KO,COCA COLA CO,Consumer Staples,2011-08-31,2010-12-31,3,7,false,,,,,0.0375,22.85,long_term_debt_incl_current,0.74,,net_income,0,No change
KO,COCA COLA CO,Consumer Staples,2011-09-30,2010-12-31,3,7,false,,,,,0.0375,22.85,long_term_debt_incl_current,0.74,,net_income,0,No change
KO,COCA COLA CO,Consumer Staples,2011-10-31,2010-12-31,3,7,false,,,,,0.0375,22.85,long_term_debt_incl_current,0.74,,net_income,0,No change
KO,COCA COLA CO,Consumer Staples,2011-11-30,2010-12-31,3,7,false,,,,,0.0375,22.85,long_term_debt_incl_current,0.74,,net_income,0,No change
KO,COCA COLA CO,Consumer Staples,2011-12-31,2010-12-31,3,7,false,,,,,0.0375,22.85,long_term_debt_incl_current,0.74,,net_income,0,No change
KO,COCA COLA CO,Consumer Staples,2012-01-31,2010-12-31,3,7,false,,,,,0.0375,22.85,long_term_debt_incl_current,0.74,,net_income,0,No change
KO,COCA COLA CO,Consumer Staples,2012-02-29,2011-12-31,5,7,false,,,,,-0.0118,27.83,long_term_debt_incl_current,0.88,,net_income,2,New annual report
KO,COCA COLA CO,Consumer Staples,2012-03-31,2011-12-31,5,7,false,,,,,-0.0118,27.83,long_term_debt_incl_current,0.88,,net_income,0,No change
KO,COCA COLA CO,Consumer Staples,2012-04-30,2011-12-31,5,7,false,,,,,-0.0118,27.83,long_term_debt_incl_current,0.88,,net_income,0,No change
KO,COCA COLA CO,Consumer Staples,2012-05-31,2011-12-31,5,7,false,,,,,-0.0118,27.83,long_term_debt_incl_current,0.88,,net_income,0,No change
KO,COCA COLA CO,Consumer Staples,2012-06-30,2011-12-31,5,7,false,,,,,-0.0118,27.83,long_term_debt_incl_current,0.88,,net_income,0,No change
KO,COCA COLA CO,Consumer Staples,2012-07-31,2011-12-31,5,7,false,,,,,-0.0118,27.83,long_term_debt_incl_current,0.88,,net_income,0,No change
KO,COCA COLA CO,Consumer Staples,2012-08-31,2011-12-31,5,7,false,,,,,-0.0118,27.83,long_term_debt_incl_current,0.88,,net_income,0,No change
KO,COCA COLA CO,Consumer Staples,2012-09-30,2011-12-31,5,7,false,,,,,-0.0118,27.83,long_term_debt_incl_current,0.88,,net_income,0,No change
KO,COCA COLA CO,Consumer Staples,2012-10-31,2011-12-31,5,7,false,,,,,-0.0118,27.83,long_term_debt_incl_current,0.88,,net_income,0,No change
KO,COCA COLA CO,Consumer Staples,2012-11-30,2011-12-31,5,7,false,,,,,-0.0118,27.83,long_term_debt_incl_current,0.88,,net_income,0,No change
KO,COCA COLA CO,Consumer Staples,2012-12-31,2011-12-31,5,7,false,,,,,-0.0118,27.83,long_term_debt_incl_current,0.88,,net_income,0,No change
KO,COCA COLA CO,Consumer Staples,2013-01-31,2011-12-31,5,7,false,,,,,-0.0118,27.83,long_term_debt_incl_current,0.88,,net_income,0,No change
KO,COCA COLA CO,Consumer Staples,2013-02-28,2012-12-31,5,7,false,,,,,-0.0196,32.52,long_term_debt_incl_current,0.99,,net_income,0,No change
KO,COCA COLA CO,Consumer Staples,2013-03-31,2012-12-31,5,7,false,,,,,-0.0196,32.52,long_term_debt_incl_current,0.99,,net_income,0,No change
KO,COCA COLA CO,Consumer Staples,2013-04-30,2012-12-31,5,7,false,,,,,-0.0196,32.52,long_term_debt_incl_current,0.99,,net_income,0,No change
KO,COCA COLA CO,Consumer Staples,2013-05-31,2012-12-31,5,7,false,,,,,-0.0196,32.52,long_term_debt_incl_current,0.99,,net_income,0,No change
KO,COCA COLA CO,Consumer Staples,2013-06-30,2012-12-31,5,7,false,,,,,-0.0196,32.52,long_term_debt_incl_current,0.99,,net_income,0,No change
KO,COCA COLA CO,Consumer Staples,2013-07-31,2012-12-31,5,7,false,,,,,-0.0196,32.52,long_term_debt_incl_current,0.99,,net_income,0,No change
KO,COCA COLA CO,Consumer Staples,2013-08-31,2012-12-31,5,7,false,,,,,-0.0196,32.52,long_term_debt_incl_current,0.99,,net_income,0,No change
KO,COCA COLA CO,Consumer Staples,2013-09-30,2012-12-31,5,7,false,,,,,-0.0196,32.52,long_term_debt_incl_current,0.99,,net_income,0,No change
KO,COCA COLA CO,Consumer Staples,2013-10-31,2012-12-31,5,7,false,,,,,-0.0196,32.52,long_term_debt_incl_current,0.99,,net_income,0,No change
KO,COCA COLA CO,Consumer Staples,2013-11-30,2012-12-31,5,7,false,,,,,-0.0196,32.52,long_term_debt_incl_current,0.99,,net_income,0,No change
KO,COCA COLA CO,Consumer Staples,2013-12-31,2012-12-31,5,7,false,,,,,-0.0196,32.52,long_term_debt_incl_current,0.99,,net_income,0,No change
KO,COCA COLA CO,Consumer Staples,2014-01-31,2012-12-31,5,7,false,,,,,-0.0196,32.52,long_term_debt_incl_current,0.99,,net_income,0,No change
KO,COCA COLA CO,Consumer Staples,2014-02-28,2013-12-31,5,7,false,,,,,-0.0222,37.03,long_term_debt_incl_current,1.12,,net_income,0,No change
KO,COCA COLA CO,Consumer Staples,2014-03-31,2013-12-31,5,7,false,,,,,-0.0222,37.03,long_term_debt_incl_current,1.12,,net_income,0,No change
KO,COCA COLA CO,Consumer Staples,2014-04-30,2013-12-31,5,7,false,,,,,-0.0222,37.03,long_term_debt_incl_current,1.12,,net_income,0,No change
KO,COCA COLA CO,Consumer Staples,2014-05-31,2013-12-31,5,7,false,,,,,-0.0222,37.03,long_term_debt_incl_current,1.12,,net_income,0,No change
KO,COCA COLA CO,Consumer Staples,2014-06-30,2013-12-31,5,7,false,,,,,-0.0222,37.03,long_term_debt_incl_current,1.12,,net_income,0,No change
KO,COCA COLA CO,Consumer Staples,2014-07-31,2013-12-31,5,7,false,,,,,-0.0222,37.03,long_term_debt_incl_current,1.12,,net_income,0,No change
KO,COCA COLA CO,Consumer Staples,2014-08-31,2013-12-31,5,7,false,,,,,-0.0222,37.03,long_term_debt_incl_current,1.12,,net_income,0,No change
KO,COCA COLA CO,Consumer Staples,2014-09-30,2013-12-31,5,7,false,,,,,-0.0222,37.03,long_term_debt_incl_current,1.12,,net_income,0,No change
KO,COCA COLA CO,Consumer Staples,2014-10-31,2013-12-31,5,7,false,,,,,-0.0222,37.03,long_term_debt_incl_current,1.12,,net_income,0,No change
KO,COCA COLA CO,Consumer Staples,2014-11-30,2013-12-31,5,7,false,,,,,-0.0222,37.03,long_term_debt_incl_current,1.12,,net_income,0,No change
KO,COCA COLA CO,Consumer Staples,2014-12-31,2013-12-31,5,7,false,,,,,-0.0222,37.03,long_term_debt_incl_current,1.12,,net_income,0,No change
KO,COCA COLA CO,Consumer Staples,2015-01-31,2013-12-31,5,7,false,,,,,-0.0222,37.03,long_term_debt_incl_current,1.12,,net_income,0,No change
KO,COCA COLA CO,Consumer Staples,2015-02-28,2014-12-31,4,7,false,,,,,-0.0386,41.63,long_term_debt_incl_current,1.37,,net_income,-1,New annual report
KO,COCA COLA CO,Consumer Staples,2015-03-31,2014-12-31,4,7,false,,,,,-0.0386,41.63,long_term_debt_incl_current,1.37,,net_income,0,No change
KO,COCA COLA CO,Consumer Staples,2015-04-30,2014-12-31,4,7,false,,,,,-0.0386,41.63,long_term_debt_incl_current,1.37,,net_income,0,No change
KO,COCA COLA CO,Consumer Staples,2015-05-31,2014-12-31,4,7,false,,,,,-0.0386,41.63,long_term_debt_incl_current,1.37,,net_income,0,No change
KO,COCA COLA CO,Consumer Staples,2015-06-30,2014-12-31,4,7,false,,,,,-0.0386,41.63,long_term_debt_incl_current,1.37,,net_income,0,No change
KO,COCA COLA CO,Consumer Staples,2015-07-31,2014-12-31,4,7,false,,,,,-0.0386,41.63,long_term_debt_incl_current,1.37,,net_income,0,No change
KO,COCA COLA CO,Consumer Staples,2015-08-31,2014-12-31,4,7,false,,,,,-0.0386,41.63,long_term_debt_incl_current,1.37,,net_income,0,No change
KO,COCA COLA CO,Consumer Staples,2015-09-30,2014-12-31,4,7,false,,,,,-0.0386,41.63,long_term_debt_incl_current,1.37,,net_income,0,No change
KO,COCA COLA CO,Consumer Staples,2015-10-31,2014-12-31,4,7,false,,,,,-0.0386,41.63,long_term_debt_incl_current,1.37,,net_income,0,No change
KO,COCA COLA CO,Consumer Staples,2015-11-30,2014-12-31,4,7,false,,,,,-0.0386,41.63,long_term_debt_incl_current,1.37,,net_income,0,No change
KO,COCA COLA CO,Consumer Staples,2015-12-31,2014-12-31,4,7,false,,,,,-0.0386,41.63,long_term_debt_incl_current,1.37,,net_income,0,No change
KO,COCA COLA CO,Consumer Staples,2016-01-31,2014-12-31,4,7,false,,,,,-0.0386,41.63,long_term_debt_incl_current,1.37,,net_income,0,No change
KO,COCA COLA CO,Consumer Staples,2016-02-29,2015-12-31,6,7,false,,,,,-0.0349,44.12,long_term_debt_incl_current,1.73,,net_income,2,New annual report
KO,COCA COLA CO,Consumer Staples,2016-03-31,2015-12-31,6,7,false,,,,,-0.0349,44.12,long_term_debt_incl_current,1.73,,net_income,0,No change
KO,COCA COLA CO,Consumer Staples,2016-04-30,2015-12-31,6,7,false,,,,,-0.0349,44.02,long_term_debt_incl_current,1.72,,net_income,0,No change
KO,COCA COLA CO,Consumer Staples,2016-05-31,2015-12-31,6,7,false,,,,,-0.0349,44.02,long_term_debt_incl_current,1.72,,net_income,0,No change
KO,COCA COLA CO,Consumer Staples,2016-06-30,2015-12-31,6,7,false,,,,,-0.0349,44.02,long_term_debt_incl_current,1.72,,net_income,0,No change
KO,COCA COLA CO,Consumer Staples,2016-07-31,2015-12-31,6,7,false,,,,,-0.0349,44.02,long_term_debt_incl_current,1.72,,net_income,0,No change
KO,COCA COLA CO,Consumer Staples,2016-08-31,2015-12-31,6,7,false,,,,,-0.0349,44.02,long_term_debt_incl_current,1.72,,net_income,0,No change
KO,COCA COLA CO,Consumer Staples,2016-09-30,2015-12-31,6,7,false,,,,,-0.0349,44.02,long_term_debt_incl_current,1.72,,net_income,0,No change
KO,COCA COLA CO,Consumer Staples,2016-10-31,2015-12-31,6,7,false,,,,,-0.0349,44.02,long_term_debt_incl_current,1.72,,net_income,0,No change
KO,COCA COLA CO,Consumer Staples,2016-11-30,2015-12-31,6,7,false,,,,,-0.0349,44.02,long_term_debt_incl_current,1.72,,net_income,0,No change
KO,COCA COLA CO,Consumer Staples,2016-12-31,2015-12-31,6,7,false,,,,,-0.0349,44.02,long_term_debt_incl_current,1.72,,net_income,0,No change
KO,COCA COLA CO,Consumer Staples,2017-01-31,2015-12-31,6,7,false,,,,,-0.0349,44.02,long_term_debt_incl_current,1.72,,net_income,0,No change
KO,COCA COLA CO,Consumer Staples,2017-02-28,2016-12-31,5,7,false,,,,,-0.0256,45.54,long_term_debt_incl_current,1.97,,net_income,-1,New annual report
KO,COCA COLA CO,Consumer Staples,2017-03-31,2016-12-31,5,7,false,,,,,-0.0256,45.54,long_term_debt_incl_current,1.97,,net_income,0,No change
KO,COCA COLA CO,Consumer Staples,2017-04-30,2016-12-31,5,7,false,,,,,-0.0256,45.54,long_term_debt_incl_current,1.97,,net_income,0,No change
KO,COCA COLA CO,Consumer Staples,2017-05-31,2016-12-31,5,7,false,,,,,-0.0256,45.54,long_term_debt_incl_current,1.97,,net_income,0,No change
KO,COCA COLA CO,Consumer Staples,2017-06-30,2016-12-31,5,7,false,,,,,-0.0256,45.54,long_term_debt_incl_current,1.97,,net_income,0,No change
KO,COCA COLA CO,Consumer Staples,2017-07-31,2016-12-31,5,7,false,,,,,-0.0256,45.54,long_term_debt_incl_current,1.97,,net_income,0,No change
KO,COCA COLA CO,Consumer Staples,2017-08-31,2016-12-31,5,7,false,,,,,-0.0256,45.54,long_term_debt_incl_current,1.97,,net_income,0,No change
KO,COCA COLA CO,Consumer Staples,2017-09-30,2016-12-31,5,7,false,,,,,-0.0256,45.54,long_term_debt_incl_current,1.97,,net_income,0,No change
KO,COCA COLA CO,Consumer Staples,2017-10-31,2016-12-31,5,7,false,,,,,-0.0256,45.54,long_term_debt_incl_current,1.97,,net_income,0,No change
KO,COCA COLA CO,Consumer Staples,2017-11-30,2016-12-31,5,7,false,,,,,-0.0256,45.54,long_term_debt_incl_current,1.97,,net_income,0,No change
KO,COCA COLA CO,Consumer Staples,2017-12-31,2016-12-31,5,7,false,,,,,-0.0256,45.54,long_term_debt_incl_current,1.97,,net_income,0,No change
KO,COCA COLA CO,Consumer Staples,2018-01-31,2016-12-31,5,7,false,,,,,-0.0256,45.54,long_term_debt_incl_current,1.97,,net_income,0,No change
KO,COCA COLA CO,Consumer Staples,2018-02-28,2017-12-31,5,7,false,,,,,-0.0656,47.41,long_term_debt_incl_current,2.78,,net_income,0,No change
KO,COCA COLA CO,Consumer Staples,2018-03-31,2017-12-31,5,7,false,,,,,-0.0656,47.41,long_term_debt_incl_current,2.78,,net_income,0,No change
KO,COCA COLA CO,Consumer Staples,2018-04-30,2017-12-31,5,7,false,,,,,-0.0656,47.41,long_term_debt_incl_current,2.78,,net_income,0,No change
KO,COCA COLA CO,Consumer Staples,2018-05-31,2017-12-31,5,7,false,,,,,-0.0656,47.41,long_term_debt_incl_current,2.78,,net_income,0,No change
KO,COCA COLA CO,Consumer Staples,2018-06-30,2017-12-31,5,7,false,,,,,-0.0656,47.41,long_term_debt_incl_current,2.78,,net_income,0,No change
KO,COCA COLA CO,Consumer Staples,2018-07-31,2017-12-31,5,7,false,,,,,-0.0656,47.41,long_term_debt_incl_current,2.78,,net_income,0,No change
KO,COCA COLA CO,Consumer Staples,2018-08-31,2017-12-31,5,7,false,,,,,-0.0656,47.41,long_term_debt_incl_current,2.78,,net_income,0,No change
KO,COCA COLA CO,Consumer Staples,2018-09-30,2017-12-31,5,7,false,,,,,-0.0656,47.41,long_term_debt_incl_current,2.78,,net_income,0,No change
KO,COCA COLA CO,Consumer Staples,2018-10-31,2017-12-31,5,7,false,,,,,-0.0656,47.41,long_term_debt_incl_current,2.78,,net_income,0,No change
KO,COCA COLA CO,Consumer Staples,2018-11-30,2017-12-31,5,7,false,,,,,-0.0656,47.41,long_term_debt_incl_current,2.78,,net_income,0,No change
KO,COCA COLA CO,Consumer Staples,2018-12-31,2017-12-31,5,7,false,,,,,-0.0656,47.41,long_term_debt_incl_current,2.78,,net_income,0,No change
KO,COCA COLA CO,Consumer Staples,2019-01-31,2017-12-31,5,7,false,,,,,-0.0656,47.41,long_term_debt_incl_current,2.78,,net_income,0,No change
KO,COCA COLA CO,Consumer Staples,2019-02-28,2018-12-31,7,9,true,0.6305,0.2731,0.202,0.1875,-0.0104,43.42,long_term_debt_incl_current,2.56,31.86,net_income,2,New annual report
KO,COCA COLA CO,Consumer Staples,2019-03-31,2018-12-31,7,9,true,0.6305,0.2731,0.202,0.1875,-0.0104,43.42,long_term_debt_incl_current,2.56,31.86,net_income,0,No change
KO,COCA COLA CO,Consumer Staples,2019-04-30,2018-12-31,7,9,true,0.6305,0.2731,0.202,0.1875,-0.0104,43.42,long_term_debt_incl_current,2.56,31.86,net_income,0,No change
KO,COCA COLA CO,Consumer Staples,2019-05-31,2018-12-31,7,9,true,0.6305,0.2731,0.202,0.1875,-0.0104,43.42,long_term_debt_incl_current,2.56,31.86,net_income,0,No change
KO,COCA COLA CO,Consumer Staples,2019-06-30,2018-12-31,7,9,true,0.6305,0.2731,0.202,0.1875,-0.0104,43.42,long_term_debt_incl_current,2.56,31.86,net_income,0,No change
KO,COCA COLA CO,Consumer Staples,2019-07-31,2018-12-31,7,9,true,0.6305,0.2731,0.202,0.1875,-0.0104,43.44,long_term_debt_incl_current,2.56,31.86,net_income,0,No change
KO,COCA COLA CO,Consumer Staples,2019-08-31,2018-12-31,7,9,true,0.6305,0.2731,0.202,0.1875,-0.0104,43.44,long_term_debt_incl_current,2.56,31.86,net_income,0,No change
KO,COCA COLA CO,Consumer Staples,2019-09-30,2018-12-31,7,9,true,0.6305,0.2731,0.202,0.1875,-0.0104,43.44,long_term_debt_incl_current,2.56,31.86,net_income,0,No change
KO,COCA COLA CO,Consumer Staples,2019-10-31,2018-12-31,7,9,true,0.6305,0.2731,0.202,0.1875,-0.0104,43.44,long_term_debt_incl_current,2.56,31.86,net_income,0,No change
KO,COCA COLA CO,Consumer Staples,2019-11-30,2018-12-31,7,9,true,0.6305,0.2731,0.202,0.1875,-0.0104,43.44,long_term_debt_incl_current,2.56,31.86,net_income,0,No change
KO,COCA COLA CO,Consumer Staples,2019-12-31,2018-12-31,7,9,true,0.6305,0.2731,0.202,0.1875,-0.0104,43.44,long_term_debt_incl_current,2.56,31.86,net_income,0,No change
KO,COCA COLA CO,Consumer Staples,2020-01-31,2018-12-31,7,9,true,0.6305,0.2731,0.202,0.1875,-0.0104,43.44,long_term_debt_incl_current,2.56,31.86,net_income,0,No change
KO,COCA COLA CO,Consumer Staples,2020-02-29,2019-12-31,6,9,true,0.6077,0.2706,0.2394,0.2259,-0.0183,41.78,long_term_debt_incl_current,2.2,37.27,net_income,-1,New annual report
KO,COCA COLA CO,Consumer Staples,2020-03-31,2019-12-31,6,9,true,0.6077,0.2706,0.2394,0.2259,-0.0183,41.78,long_term_debt_incl_current,2.2,37.27,net_income,0,No change
KO,COCA COLA CO,Consumer Staples,2020-04-30,2019-12-31,6,9,true,0.6077,0.2706,0.2394,0.2259,-0.0183,41.78,long_term_debt_incl_current,2.2,37.27,net_income,0,No change
KO,COCA COLA CO,Consumer Staples,2020-05-31,2019-12-31,6,9,true,0.6077,0.2706,0.2394,0.2259,-0.0183,41.78,long_term_debt_incl_current,2.2,37.27,net_income,0,No change
KO,COCA COLA CO,Consumer Staples,2020-06-30,2019-12-31,6,9,true,0.6077,0.2706,0.2394,0.2259,-0.0183,41.78,long_term_debt_incl_current,2.2,37.27,net_income,0,No change
KO,COCA COLA CO,Consumer Staples,2020-07-31,2019-12-31,6,9,true,0.6077,0.2706,0.2394,0.2259,-0.0183,41.78,long_term_debt_incl_current,2.2,37.27,net_income,0,No change
KO,COCA COLA CO,Consumer Staples,2020-08-31,2019-12-31,6,9,true,0.6077,0.2706,0.2394,0.2259,-0.0183,41.78,long_term_debt_incl_current,2.2,37.27,net_income,0,No change
KO,COCA COLA CO,Consumer Staples,2020-09-30,2019-12-31,6,9,true,0.6077,0.2706,0.2394,0.2259,-0.0183,41.78,long_term_debt_incl_current,2.2,37.27,net_income,0,No change
KO,COCA COLA CO,Consumer Staples,2020-10-31,2019-12-31,6,9,true,0.6077,0.2706,0.2394,0.2259,-0.0183,41.78,long_term_debt_incl_current,2.2,37.27,net_income,0,No change
KO,COCA COLA CO,Consumer Staples,2020-11-30,2019-12-31,6,9,true,0.6077,0.2706,0.2394,0.2259,-0.0183,41.78,long_term_debt_incl_current,2.2,37.27,net_income,0,No change
KO,COCA COLA CO,Consumer Staples,2020-12-31,2019-12-31,6,9,true,0.6077,0.2706,0.2394,0.2259,-0.0183,41.78,long_term_debt_incl_current,2.2,37.27,net_income,0,No change
KO,COCA COLA CO,Consumer Staples,2021-01-31,2019-12-31,6,9,true,0.6077,0.2706,0.2394,0.2259,-0.0183,41.78,long_term_debt_incl_current,2.2,37.27,net_income,0,No change
KO,COCA COLA CO,Consumer Staples,2021-02-28,2020-12-31,5,9,true,0.5931,0.2725,0.2347,0.2625,-0.0241,42.79,long_term_debt_incl_current,2.22,33.01,net_income,-1,New annual report
KO,COCA COLA CO,Consumer Staples,2021-03-31,2020-12-31,5,9,true,0.5931,0.2725,0.2347,0.2625,-0.0241,42.79,long_term_debt_incl_current,2.22,33.01,net_income,0,No change
KO,COCA COLA CO,Consumer Staples,2021-04-30,2020-12-31,5,9,true,0.5931,0.2725,0.2347,0.2625,-0.0241,42.79,long_term_debt_incl_current,2.22,33.01,net_income,0,No change
KO,COCA COLA CO,Consumer Staples,2021-05-31,2020-12-31,5,9,true,0.5931,0.2725,0.2347,0.2625,-0.0241,42.79,long_term_debt_incl_current,2.22,33.01,net_income,0,No change
KO,COCA COLA CO,Consumer Staples,2021-06-30,2020-12-31,5,9,true,0.5931,0.2725,0.2347,0.2625,-0.0241,42.79,long_term_debt_incl_current,2.22,33.01,net_income,0,No change
KO,COCA COLA CO,Consumer Staples,2021-07-31,2020-12-31,5,9,true,0.5931,0.2725,0.2347,0.2625,-0.0241,42.79,long_term_debt_incl_current,2.22,33.01,net_income,0,No change
KO,COCA COLA CO,Consumer Staples,2021-08-31,2020-12-31,5,9,true,0.5931,0.2725,0.2347,0.2625,-0.0241,42.79,long_term_debt_incl_current,2.22,33.01,net_income,0,No change
KO,COCA COLA CO,Consumer Staples,2021-09-30,2020-12-31,5,9,true,0.5931,0.2725,0.2347,0.2625,-0.0241,42.79,long_term_debt_incl_current,2.22,33.01,net_income,0,No change
KO,COCA COLA CO,Consumer Staples,2021-10-31,2020-12-31,5,9,true,0.5931,0.2725,0.2347,0.2625,-0.0241,42.79,long_term_debt_incl_current,2.22,33.01,net_income,0,No change
KO,COCA COLA CO,Consumer Staples,2021-11-30,2020-12-31,5,9,true,0.5931,0.2725,0.2347,0.2625,-0.0241,42.79,long_term_debt_incl_current,2.22,33.01,net_income,0,No change
KO,COCA COLA CO,Consumer Staples,2021-12-31,2020-12-31,5,9,true,0.5931,0.2725,0.2347,0.2625,-0.0241,42.79,long_term_debt_incl_current,2.22,33.01,net_income,0,No change
KO,COCA COLA CO,Consumer Staples,2022-01-31,2020-12-31,5,9,true,0.5931,0.2725,0.2347,0.2625,-0.0241,42.79,long_term_debt_incl_current,2.22,33.01,net_income,0,No change
KO,COCA COLA CO,Consumer Staples,2022-02-28,2021-12-31,7,9,true,0.6027,0.2667,0.2528,0.2912,-0.0314,42.76,long_term_debt_incl_current,1.86,38.66,net_income,2,New annual report
KO,COCA COLA CO,Consumer Staples,2022-03-31,2021-12-31,7,9,true,0.6027,0.2667,0.2528,0.2912,-0.0314,42.76,long_term_debt_incl_current,1.86,38.66,net_income,0,No change
KO,COCA COLA CO,Consumer Staples,2022-04-30,2021-12-31,7,9,true,0.6027,0.2667,0.2528,0.2912,-0.0314,42.76,long_term_debt_incl_current,1.86,38.66,net_income,0,No change
KO,COCA COLA CO,Consumer Staples,2022-05-31,2021-12-31,7,9,true,0.6027,0.2667,0.2528,0.2912,-0.0314,42.76,long_term_debt_incl_current,1.86,38.66,net_income,0,No change
KO,COCA COLA CO,Consumer Staples,2022-06-30,2021-12-31,7,9,true,0.6027,0.2667,0.2528,0.2912,-0.0314,42.76,long_term_debt_incl_current,1.86,38.66,net_income,0,No change
KO,COCA COLA CO,Consumer Staples,2022-07-31,2021-12-31,7,9,true,0.6027,0.2667,0.2528,0.2912,-0.0314,42.76,long_term_debt_incl_current,1.86,38.66,net_income,0,No change
KO,COCA COLA CO,Consumer Staples,2022-08-31,2021-12-31,7,9,true,0.6027,0.2667,0.2528,0.2912,-0.0314,42.76,long_term_debt_incl_current,1.86,38.66,net_income,0,No change
KO,COCA COLA CO,Consumer Staples,2022-09-30,2021-12-31,7,9,true,0.6027,0.2667,0.2528,0.2912,-0.0314,42.76,long_term_debt_incl_current,1.86,38.66,net_income,0,No change
KO,COCA COLA CO,Consumer Staples,2022-10-31,2021-12-31,7,9,true,0.6027,0.2667,0.2528,0.2912,-0.0314,42.76,long_term_debt_incl_current,1.86,38.66,net_income,0,No change
KO,COCA COLA CO,Consumer Staples,2022-11-30,2021-12-31,7,9,true,0.6027,0.2667,0.2528,0.2912,-0.0314,42.76,long_term_debt_incl_current,1.86,38.66,net_income,0,No change
KO,COCA COLA CO,Consumer Staples,2022-12-31,2021-12-31,7,9,true,0.6027,0.2667,0.2528,0.2912,-0.0314,42.76,long_term_debt_incl_current,1.86,38.66,net_income,0,No change
KO,COCA COLA CO,Consumer Staples,2023-01-31,2021-12-31,7,9,true,0.6027,0.2667,0.2528,0.2912,-0.0314,42.76,long_term_debt_incl_current,1.86,38.66,net_income,0,No change
KO,COCA COLA CO,Consumer Staples,2023-02-28,2022-12-31,6,9,true,0.5814,0.2537,0.2219,0.2217,-0.0158,39.15,long_term_debt_incl_current,1.62,43.0,net_income,-1,New annual report
KO,COCA COLA CO,Consumer Staples,2023-03-31,2022-12-31,6,9,true,0.5814,0.2537,0.2219,0.2217,-0.0158,39.15,long_term_debt_incl_current,1.62,43.0,net_income,0,No change
KO,COCA COLA CO,Consumer Staples,2023-04-30,2022-12-31,6,9,true,0.5814,0.2537,0.2219,0.2217,-0.0158,39.15,long_term_debt_incl_current,1.62,43.0,net_income,0,No change
KO,COCA COLA CO,Consumer Staples,2023-05-31,2022-12-31,6,9,true,0.5814,0.2537,0.2219,0.2217,-0.0158,39.15,long_term_debt_incl_current,1.62,43.0,net_income,0,No change
KO,COCA COLA CO,Consumer Staples,2023-06-30,2022-12-31,6,9,true,0.5814,0.2537,0.2219,0.2217,-0.0158,39.15,long_term_debt_incl_current,1.62,43.0,net_income,0,No change
KO,COCA COLA CO,Consumer Staples,2023-07-31,2022-12-31,6,9,true,0.5814,0.2537,0.2219,0.2217,-0.0158,39.15,long_term_debt_incl_current,1.62,43.0,net_income,0,No change
KO,COCA COLA CO,Consumer Staples,2023-08-31,2022-12-31,6,9,true,0.5814,0.2537,0.2219,0.2217,-0.0158,39.15,long_term_debt_incl_current,1.62,43.0,net_income,0,No change
KO,COCA COLA CO,Consumer Staples,2023-09-30,2022-12-31,6,9,true,0.5814,0.2537,0.2219,0.2217,-0.0158,39.15,long_term_debt_incl_current,1.62,43.0,net_income,0,No change
KO,COCA COLA CO,Consumer Staples,2023-10-31,2022-12-31,6,9,true,0.5814,0.2537,0.2219,0.2217,-0.0158,39.15,long_term_debt_incl_current,1.62,43.0,net_income,0,No change
KO,COCA COLA CO,Consumer Staples,2023-11-30,2022-12-31,6,9,true,0.5814,0.2537,0.2219,0.2217,-0.0158,39.15,long_term_debt_incl_current,1.62,43.0,net_income,0,No change
KO,COCA COLA CO,Consumer Staples,2023-12-31,2022-12-31,6,9,true,0.5814,0.2537,0.2219,0.2217,-0.0158,39.15,long_term_debt_incl_current,1.62,43.0,net_income,0,No change
KO,COCA COLA CO,Consumer Staples,2024-01-31,2022-12-31,6,9,true,0.5814,0.2537,0.2219,0.2217,-0.0158,39.15,long_term_debt_incl_current,1.62,43.0,net_income,0,No change
KO,COCA COLA CO,Consumer Staples,2024-02-29,2023-12-31,7,9,true,0.5952,0.2472,0.2342,0.213,-0.0093,41.72,long_term_debt_incl_current,1.61,45.75,net_income,1,New annual report
KO,COCA COLA CO,Consumer Staples,2024-03-31,2023-12-31,7,9,true,0.5952,0.2472,0.2342,0.213,-0.0093,41.72,long_term_debt_incl_current,1.61,45.75,net_income,0,No change
KO,COCA COLA CO,Consumer Staples,2024-04-30,2023-12-31,7,9,true,0.5952,0.2472,0.2342,0.213,-0.0093,41.72,long_term_debt_incl_current,1.61,45.75,net_income,0,No change
KO,COCA COLA CO,Consumer Staples,2024-05-31,2023-12-31,7,9,true,0.5952,0.2472,0.2342,0.213,-0.0093,41.72,long_term_debt_incl_current,1.61,45.75,net_income,0,No change
KO,COCA COLA CO,Consumer Staples,2024-06-30,2023-12-31,7,9,true,0.5952,0.2472,0.2342,0.213,-0.0093,41.72,long_term_debt_incl_current,1.61,45.75,net_income,0,No change
KO,COCA COLA CO,Consumer Staples,2024-07-31,2023-12-31,7,9,true,0.5952,0.2472,0.2342,0.213,-0.0093,41.72,long_term_debt_incl_current,1.61,45.75,net_income,0,No change
KO,COCA COLA CO,Consumer Staples,2024-08-31,2023-12-31,7,9,true,0.5952,0.2472,0.2342,0.213,-0.0093,41.72,long_term_debt_incl_current,1.61,45.75,net_income,0,No change
KO,COCA COLA CO,Consumer Staples,2024-09-30,2023-12-31,7,9,true,0.5952,0.2472,0.2342,0.213,-0.0093,41.72,long_term_debt_incl_current,1.61,45.75,net_income,0,No change
KO,COCA COLA CO,Consumer Staples,2024-10-31,2023-12-31,7,9,true,0.5952,0.2472,0.2342,0.213,-0.0093,41.72,long_term_debt_incl_current,1.61,45.75,net_income,0,No change
KO,COCA COLA CO,Consumer Staples,2024-11-30,2023-12-31,7,9,true,0.5952,0.2472,0.2342,0.213,-0.0093,41.72,long_term_debt_incl_current,1.61,45.75,net_income,0,No change
KO,COCA COLA CO,Consumer Staples,2024-12-31,2023-12-31,7,9,true,0.5952,0.2472,0.2342,0.213,-0.0093,41.72,long_term_debt_incl_current,1.61,45.75,net_income,0,No change
KO,COCA COLA CO,Consumer Staples,2025-01-31,2023-12-31,7,9,true,0.5952,0.2472,0.2342,0.213,-0.0093,41.72,long_term_debt_incl_current,1.61,45.75,net_income,0,No change
KO,COCA COLA CO,Consumer Staples,2025-02-28,2024-12-31,4,8,false,0.6106,0.2123,0.2259,0.1007,0.0386,44.16,incl_finance_leases,1.78,47.06,net_income,-3,New annual report
KO,COCA COLA CO,Consumer Staples,2025-03-31,2024-12-31,4,8,false,0.6106,0.2123,0.2259,0.1007,0.0386,44.16,incl_finance_leases,1.78,47.06,net_income,0,No change
KO,COCA COLA CO,Consumer Staples,2025-04-30,2024-12-31,4,8,false,0.6106,0.2123,0.2259,0.1007,0.0386,44.16,incl_finance_leases,1.78,47.06,net_income,0,No change
KO,COCA COLA CO,Consumer Staples,2025-05-31,2024-12-31,4,8,false,0.6106,0.2123,0.2259,0.1007,0.0386,44.16,incl_finance_leases,1.78,47.06,net_income,0,No change
KO,COCA COLA CO,Consumer Staples,2025-06-30,2024-12-31,4,8,false,0.6106,0.2123,0.2259,0.1007,0.0386,44.16,incl_finance_leases,1.78,47.06,net_income,0,No change
KO,COCA COLA CO,Consumer Staples,2025-07-31,2024-12-31,4,8,false,0.6106,0.2123,0.2259,0.1007,0.0386,44.16,incl_finance_leases,1.78,47.06,net_income,0,No change
KO,COCA COLA CO,Consumer Staples,2025-08-31,2024-12-31,4,8,false,0.6106,0.2123,0.2259,0.1007,0.0386,44.16,incl_finance_leases,1.78,47.06,net_income,0,No change
KO,COCA COLA CO,Consumer Staples,2025-09-30,2024-12-31,4,8,false,0.6106,0.2123,0.2259,0.1007,0.0386,44.16,incl_finance_leases,1.78,47.06,net_income,0,No change
KO,COCA COLA CO,Consumer Staples,2025-10-31,2024-12-31,4,8,false,0.6106,0.2123,0.2259,0.1007,0.0386,44.16,incl_finance_leases,1.78,47.06,net_income,0,No change
KO,COCA COLA CO,Consumer Staples,2025-11-30,2024-12-31,4,8,false,0.6106,0.2123,0.2259,0.1007,0.0386,44.16,incl_finance_leases,1.78,47.06,net_income,0,No change
KO,COCA COLA CO,Consumer Staples,2025-12-31,2024-12-31,4,8,false,0.6106,0.2123,0.2259,0.1007,0.0386,44.16,incl_finance_leases,1.78,47.06,net_income,0,No change
KO,COCA COLA CO,Consumer Staples,2026-01-31,2024-12-31,4,8,false,0.6106,0.2123,0.2259,0.1007,0.0386,44.16,incl_finance_leases,1.78,47.06,net_income,0,No change
KO,COCA COLA CO,Consumer Staples,2026-02-28,2025-12-31,7,9,true,0.6163,0.2871,0.2734,0.1105,0.0555,45.44,incl_finance_leases,1.41,47.94,net_income,3,New annual report
KO,COCA COLA CO,Consumer Staples,2026-03-31,2025-12-31,7,9,true,0.6163,0.2871,0.2734,0.1105,0.0555,45.44,incl_finance_leases,1.41,47.94,net_income,0,No change
KO,COCA COLA CO,Consumer Staples,2026-04-30,2025-12-31,7,9,true,0.6163,0.2871,0.2734,0.1105,0.0555,45.44,incl_finance_leases,1.41,47.94,net_income,0,No change
KO,COCA COLA CO,Consumer Staples,2026-05-31,2025-12-31,7,9,true,0.6163,0.2871,0.2734,0.1105,0.0555,45.44,incl_finance_leases,1.41,47.94,net_income,0,No change
KO,COCA COLA CO,Consumer Staples,2026-06-30,2025-12-31,7,9,true,0.6163,0.2871,0.2734,0.1105,0.0555,45.44,incl_finance_leases,1.41,47.94,net_income,0,No change
KO,COCA COLA CO,Consumer Staples,2026-07-31,2025-12-31,7,9,true,0.6163,0.2871,0.2734,0.1105,0.0555,45.44,incl_finance_leases,1.41,47.94,net_income,0,No change
KO,COCA COLA CO,Consumer Staples,2026-08-31,2025-12-31,7,9,true,0.6163,0.2871,0.2734,0.1105,0.0555,45.44,incl_finance_leases,1.41,47.94,net_income,0,No change
KO,COCA COLA CO,Consumer Staples,2026-09-30,2025-12-31,7,9,true,0.6163,0.2871,0.2734,0.1105,0.0555,45.44,incl_finance_leases,1.41,47.94,net_income,0,No change
META,"Meta Platforms, Inc.",Communication Services,2013-02-28,2012-12-31,4,6,false,0.732,0.1057,0.0104,0.0741,-0.1455,1.5,noncurrent_plus_current,0.13,5.09,net_income,,No change
META,"Meta Platforms, Inc.",Communication Services,2013-03-31,2012-12-31,4,6,false,0.732,0.1057,0.0104,0.0741,-0.1455,1.5,noncurrent_plus_current,0.13,5.09,net_income,0,No change
META,"Meta Platforms, Inc.",Communication Services,2013-04-30,2012-12-31,4,6,false,0.732,0.1057,0.0104,0.0741,-0.1455,1.5,noncurrent_plus_current,0.13,5.09,net_income,0,No change
META,"Meta Platforms, Inc.",Communication Services,2013-05-31,2012-12-31,4,6,false,0.732,0.1057,0.0104,0.0741,-0.1455,1.5,noncurrent_plus_current,0.13,5.09,net_income,0,No change
META,"Meta Platforms, Inc.",Communication Services,2013-06-30,2012-12-31,4,6,false,0.732,0.1057,0.0104,0.0741,-0.1455,1.5,noncurrent_plus_current,0.13,5.09,net_income,0,No change
META,"Meta Platforms, Inc.",Communication Services,2013-07-31,2012-12-31,4,6,false,0.732,0.1057,0.0104,0.0741,-0.1455,1.5,noncurrent_plus_current,0.13,5.09,net_income,0,No change
META,"Meta Platforms, Inc.",Communication Services,2013-08-31,2012-12-31,4,6,false,0.732,0.1057,0.0104,0.0741,-0.1455,1.5,noncurrent_plus_current,0.13,5.09,net_income,0,No change
META,"Meta Platforms, Inc.",Communication Services,2013-09-30,2012-12-31,4,6,false,0.732,0.1057,0.0104,0.0741,-0.1455,1.5,noncurrent_plus_current,0.13,5.09,net_income,0,No change
META,"Meta Platforms, Inc.",Communication Services,2013-10-31,2012-12-31,4,6,false,0.732,0.1057,0.0104,0.0741,-0.1455,1.5,noncurrent_plus_current,0.13,5.09,net_income,0,No change
META,"Meta Platforms, Inc.",Communication Services,2013-11-30,2012-12-31,4,6,false,0.732,0.1057,0.0104,0.0741,-0.1455,1.5,noncurrent_plus_current,0.13,5.09,net_income,0,No change
META,"Meta Platforms, Inc.",Communication Services,2013-12-31,2012-12-31,4,6,false,0.732,0.1057,0.0104,0.0741,-0.1455,1.5,noncurrent_plus_current,0.13,5.09,net_income,0,No change
META,"Meta Platforms, Inc.",Communication Services,2014-01-31,2012-12-31,4,6,false,0.732,0.1057,0.0104,0.0741,-0.1455,1.5,noncurrent_plus_current,0.13,5.09,net_income,0,No change
META,"Meta Platforms, Inc.",Communication Services,2014-02-28,2013-12-31,7,9,true,0.7618,0.3562,0.1905,0.3633,-0.165,0.0,noncurrent_plus_current,0.0,7.87,net_income,3,New annual report
META,"Meta Platforms, Inc.",Communication Services,2014-03-31,2013-12-31,7,9,true,0.7618,0.3562,0.1905,0.3633,-0.165,0.0,noncurrent_plus_current,0.0,7.87,net_income,0,No change
META,"Meta Platforms, Inc.",Communication Services,2014-04-30,2013-12-31,7,9,true,0.7618,0.3562,0.1905,0.3633,-0.165,0.0,noncurrent_plus_current,0.0,7.87,net_income,0,No change
META,"Meta Platforms, Inc.",Communication Services,2014-05-31,2013-12-31,7,9,true,0.7618,0.3562,0.1905,0.3633,-0.165,0.0,noncurrent_plus_current,0.0,7.87,net_income,0,No change
META,"Meta Platforms, Inc.",Communication Services,2014-06-30,2013-12-31,7,9,true,0.7618,0.3562,0.1905,0.3633,-0.165,0.0,noncurrent_plus_current,0.0,7.87,net_income,0,No change
META,"Meta Platforms, Inc.",Communication Services,2014-07-31,2013-12-31,7,9,true,0.7618,0.3562,0.1905,0.3633,-0.165,0.0,noncurrent_plus_current,0.0,7.87,net_income,0,No change
META,"Meta Platforms, Inc.",Communication Services,2014-08-31,2013-12-31,7,9,true,0.7618,0.3562,0.1905,0.3633,-0.165,0.0,noncurrent_plus_current,0.0,7.87,net_income,0,No change
META,"Meta Platforms, Inc.",Communication Services,2014-09-30,2013-12-31,7,9,true,0.7618,0.3562,0.1905,0.3633,-0.165,0.0,noncurrent_plus_current,0.0,7.87,net_income,0,No change
META,"Meta Platforms, Inc.",Communication Services,2014-10-31,2013-12-31,7,9,true,0.7618,0.3562,0.1905,0.3633,-0.165,0.0,noncurrent_plus_current,0.0,7.87,net_income,0,No change
META,"Meta Platforms, Inc.",Communication Services,2014-11-30,2013-12-31,7,9,true,0.7618,0.3562,0.1905,0.3633,-0.165,0.0,noncurrent_plus_current,0.0,7.87,net_income,0,No change
META,"Meta Platforms, Inc.",Communication Services,2014-12-31,2013-12-31,7,9,true,0.7618,0.3562,0.1905,0.3633,-0.165,0.0,noncurrent_plus_current,0.0,7.87,net_income,0,No change
META,"Meta Platforms, Inc.",Communication Services,2015-01-31,2014-12-31,6,8,false,0.8273,0.4006,0.2358,0.2909,-0.0867,,,,12.47,net_income,-1,New annual report
META,"Meta Platforms, Inc.",Communication Services,2015-02-28,2014-12-31,6,8,false,0.8273,0.4006,0.2358,0.2909,-0.0867,,,,12.47,net_income,0,No change
META,"Meta Platforms, Inc.",Communication Services,2015-03-31,2014-12-31,6,8,false,0.8273,0.4006,0.2358,0.2909,-0.0867,,,,12.47,net_income,0,No change
META,"Meta Platforms, Inc.",Communication Services,2015-04-30,2014-12-31,6,8,false,0.8273,0.4006,0.2358,0.2909,-0.0867,,,,12.47,net_income,0,No change
META,"Meta Platforms, Inc.",Communication Services,2015-05-31,2014-12-31,6,8,false,0.8273,0.4006,0.2358,0.2909,-0.0867,,,,12.47,net_income,0,No change
META,"Meta Platforms, Inc.",Communication Services,2015-06-30,2014-12-31,6,8,false,0.8273,0.4006,0.2358,0.2909,-0.0867,,,,12.47,net_income,0,No change
META,"Meta Platforms, Inc.",Communication Services,2015-07-31,2014-12-31,6,8,false,0.8273,0.4006,0.2358,0.2909,-0.0867,,,,12.47,net_income,0,No change
META,"Meta Platforms, Inc.",Communication Services,2015-08-31,2014-12-31,6,8,false,0.8273,0.4006,0.2358,0.2909,-0.0867,,,,12.47,net_income,0,No change
META,"Meta Platforms, Inc.",Communication Services,2015-09-30,2014-12-31,6,8,false,0.8273,0.4006,0.2358,0.2909,-0.0867,,,,12.47,net_income,0,No change
META,"Meta Platforms, Inc.",Communication Services,2015-10-31,2014-12-31,6,8,false,0.8273,0.4006,0.2358,0.2909,-0.0867,,,,12.47,net_income,0,No change
META,"Meta Platforms, Inc.",Communication Services,2015-11-30,2014-12-31,6,8,false,0.8273,0.4006,0.2358,0.2909,-0.0867,,,,12.47,net_income,0,No change
META,"Meta Platforms, Inc.",Communication Services,2015-12-31,2014-12-31,6,8,false,0.8273,0.4006,0.2358,0.2909,-0.0867,,,,12.47,net_income,0,No change
META,"Meta Platforms, Inc.",Communication Services,2016-01-31,2015-12-31,5,8,false,0.8401,0.3472,0.2057,0.3389,-0.1099,,,,17.93,net_income,-1,New annual report
META,"Meta Platforms, Inc.",Communication Services,2016-02-29,2015-12-31,5,8,false,0.8401,0.3472,0.2057,0.3389,-0.1099,,,,17.93,net_income,0,No change
META,"Meta Platforms, Inc.",Communication Services,2016-03-31,2015-12-31,5,8,false,0.8401,0.3472,0.2057,0.3389,-0.1099,,,,17.93,net_income,0,No change
META,"Meta Platforms, Inc.",Communication Services,2016-04-30,2015-12-31,5,8,false,0.8401,0.3472,0.2057,0.3389,-0.1099,,,,17.93,net_income,0,No change
META,"Meta Platforms, Inc.",Communication Services,2016-05-31,2015-12-31,5,8,false,0.8401,0.3472,0.2057,0.3389,-0.1099,,,,17.93,net_income,0,No change
META,"Meta Platforms, Inc.",Communication Services,2016-06-30,2015-12-31,5,8,false,0.8401,0.3472,0.2057,0.3389,-0.1099,,,,17.93,net_income,0,No change
META,"Meta Platforms, Inc.",Communication Services,2016-07-31,2015-12-31,5,8,false,0.8401,0.3472,0.2057,0.3389,-0.1099,,,,17.93,net_income,0,No change
META,"Meta Platforms, Inc.",Communication Services,2016-08-31,2015-12-31,5,8,false,0.8401,0.3472,0.2057,0.3389,-0.1099,,,,17.93,net_income,0,No change
META,"Meta Platforms, Inc.",Communication Services,2016-09-30,2015-12-31,5,8,false,0.8401,0.3472,0.2057,0.3389,-0.1099,,,,17.93,net_income,0,No change
META,"Meta Platforms, Inc.",Communication Services,2016-10-31,2015-12-31,5,8,false,0.8401,0.3472,0.2057,0.3389,-0.1099,,,,17.93,net_income,0,No change
META,"Meta Platforms, Inc.",Communication Services,2016-11-30,2015-12-31,5,8,false,0.8401,0.3472,0.2057,0.3389,-0.1099,,,,17.93,net_income,0,No change
META,"Meta Platforms, Inc.",Communication Services,2016-12-31,2015-12-31,5,8,false,0.8401,0.3472,0.2057,0.3389,-0.1099,,,,17.93,net_income,0,No change
META,"Meta Platforms, Inc.",Communication Services,2017-01-31,2015-12-31,5,8,false,0.8401,0.3472,0.2057,0.3389,-0.1099,,,,17.93,net_income,0,No change
META,"Meta Platforms, Inc.",Communication Services,2017-02-28,2016-12-31,7,8,false,0.8629,0.4496,0.3697,0.4203,-0.103,,,,27.64,net_income,2,New annual report
META,"Meta Platforms, Inc.",Communication Services,2017-03-31,2016-12-31,7,8,false,0.8629,0.4496,0.3697,0.4203,-0.103,,,,27.64,net_income,0,No change
META,"Meta Platforms, Inc.",Communication Services,2017-04-30,2016-12-31,7,8,false,0.8629,0.4496,0.3697,0.4203,-0.103,,,,27.64,net_income,0,No change
META,"Meta Platforms, Inc.",Communication Services,2017-05-31,2016-12-31,7,8,false,0.8629,0.4496,0.3697,0.4203,-0.103,,,,27.64,net_income,0,No change
META,"Meta Platforms, Inc.",Communication Services,2017-06-30,2016-12-31,7,8,false,0.8629,0.4496,0.3697,0.4203,-0.103,,,,27.64,net_income,0,No change
META,"Meta Platforms, Inc.",Communication Services,2017-07-31,2016-12-31,7,8,false,0.8629,0.4496,0.3697,0.4203,-0.103,,,,27.64,net_income,0,No change
META,"Meta Platforms, Inc.",Communication Services,2017-08-31,2016-12-31,7,8,false,0.8629,0.4496,0.3697,0.4203,-0.103,,,,27.64,net_income,0,No change
META,"Meta Platforms, Inc.",Communication Services,2017-09-30,2016-12-31,7,8,false,0.8629,0.4496,0.3697,0.4203,-0.103,,,,27.64,net_income,0,No change
META,"Meta Platforms, Inc.",Communication Services,2017-10-31,2016-12-31,7,8,false,0.8629,0.4496,0.3697,0.4203,-0.103,,,,27.64,net_income,0,No change
META,"Meta Platforms, Inc.",Communication Services,2017-11-30,2016-12-31,7,8,false,0.8629,0.4496,0.3697,0.4203,-0.103,,,,27.64,net_income,0,No change
META,"Meta Platforms, Inc.",Communication Services,2017-12-31,2016-12-31,7,8,false,0.8629,0.4496,0.3697,0.4203,-0.103,,,,27.64,net_income,0,No change
META,"Meta Platforms, Inc.",Communication Services,2018-01-31,2016-12-31,7,8,false,0.8629,0.4496,0.3697,0.4203,-0.103,,,,27.64,net_income,0,No change
META,"Meta Platforms, Inc.",Communication Services,2018-02-28,2017-12-31,7,8,false,0.8658,0.497,0.392,0.4301,-0.1108,,,,40.65,net_income,0,No change
META,"Meta Platforms, Inc.",Communication Services,2018-03-31,2017-12-31,7,8,false,0.8658,0.497,0.392,0.4301,-0.1108,,,,40.65,net_income,0,No change
META,"Meta Platforms, Inc.",Communication Services,2018-04-30,2017-12-31,7,8,false,0.8658,0.497,0.392,0.4301,-0.1108,,,,40.65,net_income,0,No change
META,"Meta Platforms, Inc.",Communication Services,2018-05-31,2017-12-31,7,8,false,0.8658,0.497,0.392,0.4301,-0.1108,,,,40.65,net_income,0,No change
META,"Meta Platforms, Inc.",Communication Services,2018-06-30,2017-12-31,7,8,false,0.8658,0.497,0.392,0.4301,-0.1108,,,,40.65,net_income,0,No change
META,"Meta Platforms, Inc.",Communication Services,2018-07-31,2017-12-31,7,8,false,0.8658,0.497,0.392,0.4301,-0.1108,,,,40.65,net_income,0,No change
META,"Meta Platforms, Inc.",Communication Services,2018-08-31,2017-12-31,7,8,false,0.8658,0.497,0.392,0.4301,-0.1108,,,,40.65,net_income,0,No change
META,"Meta Platforms, Inc.",Communication Services,2018-09-30,2017-12-31,7,8,false,0.8658,0.497,0.392,0.4301,-0.1108,,,,40.65,net_income,0,No change
META,"Meta Platforms, Inc.",Communication Services,2018-10-31,2017-12-31,7,8,false,0.8658,0.497,0.392,0.4301,-0.1108,,,,40.65,net_income,0,No change
META,"Meta Platforms, Inc.",Communication Services,2018-11-30,2017-12-31,7,8,false,0.8658,0.497,0.392,0.4301,-0.1108,,,,40.65,net_income,0,No change
META,"Meta Platforms, Inc.",Communication Services,2018-12-31,2017-12-31,7,8,false,0.8658,0.497,0.392,0.4301,-0.1108,,,,40.65,net_income,0,No change
META,"Meta Platforms, Inc.",Communication Services,2019-01-31,2017-12-31,7,8,false,0.8658,0.497,0.392,0.4301,-0.1108,,,,40.65,net_income,0,No change
META,"Meta Platforms, Inc.",Communication Services,2019-02-28,2018-12-31,6,8,false,0.8325,0.4462,0.396,0.2751,-0.0788,,,,55.84,net_income,-1,New annual report
META,"Meta Platforms, Inc.",Communication Services,2019-03-31,2018-12-31,6,8,false,0.8325,0.4462,0.396,0.2751,-0.0788,,,,55.84,net_income,0,No change
META,"Meta Platforms, Inc.",Communication Services,2019-04-30,2018-12-31,6,8,false,0.8325,0.4462,0.396,0.2751,-0.0788,,,,55.84,net_income,0,No change
META,"Meta Platforms, Inc.",Communication Services,2019-05-31,2018-12-31,6,8,false,0.8325,0.4462,0.396,0.2751,-0.0788,,,,55.84,net_income,0,No change
META,"Meta Platforms, Inc.",Communication Services,2019-06-30,2018-12-31,6,8,false,0.8325,0.4462,0.396,0.2751,-0.0788,,,,55.84,net_income,0,No change
META,"Meta Platforms, Inc.",Communication Services,2019-07-31,2018-12-31,6,8,false,0.8325,0.4462,0.396,0.2751,-0.0788,,,,55.84,net_income,0,No change
META,"Meta Platforms, Inc.",Communication Services,2019-08-31,2018-12-31,6,8,false,0.8325,0.4462,0.396,0.2751,-0.0788,,,,55.84,net_income,0,No change
META,"Meta Platforms, Inc.",Communication Services,2019-09-30,2018-12-31,6,8,false,0.8325,0.4462,0.396,0.2751,-0.0788,,,,55.84,net_income,0,No change
META,"Meta Platforms, Inc.",Communication Services,2019-10-31,2018-12-31,6,8,false,0.8325,0.4462,0.396,0.2751,-0.0788,,,,55.84,net_income,0,No change
META,"Meta Platforms, Inc.",Communication Services,2019-11-30,2018-12-31,6,8,false,0.8325,0.4462,0.396,0.2751,-0.0788,,,,55.84,net_income,0,No change
META,"Meta Platforms, Inc.",Communication Services,2019-12-31,2018-12-31,6,8,false,0.8325,0.4462,0.396,0.2751,-0.0788,,,,55.84,net_income,0,No change
META,"Meta Platforms, Inc.",Communication Services,2020-01-31,2019-12-31,5,8,false,0.8194,0.3393,0.2615,0.3,-0.1546,,,,70.7,net_income,-1,New annual report
META,"Meta Platforms, Inc.",Communication Services,2020-02-29,2019-12-31,5,8,false,0.8194,0.3393,0.2615,0.3,-0.1546,,,,70.7,net_income,0,No change
META,"Meta Platforms, Inc.",Communication Services,2020-03-31,2019-12-31,5,8,false,0.8194,0.3393,0.2615,0.3,-0.1546,,,,70.7,net_income,0,No change
META,"Meta Platforms, Inc.",Communication Services,2020-04-30,2019-12-31,5,8,false,0.8194,0.3393,0.2615,0.3,-0.1546,,,,70.7,net_income,0,No change
META,"Meta Platforms, Inc.",Communication Services,2020-05-31,2019-12-31,5,8,false,0.8194,0.3393,0.2615,0.3,-0.1546,,,,70.7,net_income,0,No change
META,"Meta Platforms, Inc.",Communication Services,2020-06-30,2019-12-31,5,8,false,0.8194,0.3393,0.2615,0.3,-0.1546,,,,70.7,net_income,0,No change
META,"Meta Platforms, Inc.",Communication Services,2020-07-31,2019-12-31,5,8,false,0.8194,0.3393,0.2615,0.3,-0.1546,,,,70.7,net_income,0,No change
META,"Meta Platforms, Inc.",Communication Services,2020-08-31,2019-12-31,5,8,false,0.8194,0.3393,0.2615,0.3,-0.1546,,,,70.7,net_income,0,No change
META,"Meta Platforms, Inc.",Communication Services,2020-09-30,2019-12-31,5,8,false,0.8194,0.3393,0.2615,0.3,-0.1546,,,,70.7,net_income,0,No change
META,"Meta Platforms, Inc.",Communication Services,2020-10-31,2019-12-31,5,8,false,0.8194,0.3393,0.2615,0.3,-0.1546,,,,70.7,net_income,0,No change
META,"Meta Platforms, Inc.",Communication Services,2020-11-30,2019-12-31,5,8,false,0.8194,0.3393,0.2615,0.3,-0.1546,,,,70.7,net_income,0,No change
META,"Meta Platforms, Inc.",Communication Services,2020-12-31,2019-12-31,5,8,false,0.8194,0.3393,0.2615,0.3,-0.1546,,,,70.7,net_income,0,No change
META,"Meta Platforms, Inc.",Communication Services,2021-01-31,2020-12-31,5,8,false,0.8058,0.3801,0.339,0.2749,-0.0656,,,,85.97,net_income,0,No change
META,"Meta Platforms, Inc.",Communication Services,2021-02-28,2020-12-31,5,8,false,0.8058,0.3801,0.339,0.2749,-0.0656,,,,85.97,net_income,0,No change
META,"Meta Platforms, Inc.",Communication Services,2021-03-31,2020-12-31,5,8,false,0.8058,0.3801,0.339,0.2749,-0.0656,,,,85.97,net_income,0,No change
META,"Meta Platforms, Inc.",Communication Services,2021-04-30,2020-12-31,5,8,false,0.8058,0.3801,0.339,0.2749,-0.0656,,,,85.97,net_income,0,No change
META,"Meta Platforms, Inc.",Communication Services,2021-05-31,2020-12-31,5,8,false,0.8058,0.3801,0.339,0.2749,-0.0656,,,,85.97,net_income,0,No change
META,"Meta Platforms, Inc.",Communication Services,2021-06-30,2020-12-31,5,8,false,0.8058,0.3801,0.339,0.2749,-0.0656,,,,85.97,net_income,0,No change
META,"Meta Platforms, Inc.",Communication Services,2021-07-31,2020-12-31,5,8,false,0.8058,0.3801,0.339,0.2749,-0.0656,,,,85.97,net_income,0,No change
META,"Meta Platforms, Inc.",Communication Services,2021-08-31,2020-12-31,5,8,false,0.8058,0.3801,0.339,0.2749,-0.0656,,,,85.97,net_income,0,No change
META,"Meta Platforms, Inc.",Communication Services,2021-09-30,2020-12-31,5,8,false,0.8058,0.3801,0.339,0.2749,-0.0656,,,,85.97,net_income,0,No change
META,"Meta Platforms, Inc.",Communication Services,2021-10-31,2020-12-31,5,8,false,0.8058,0.3801,0.339,0.2749,-0.0656,,,,85.97,net_income,0,No change
META,"Meta Platforms, Inc.",Communication Services,2021-11-30,2020-12-31,5,8,false,0.8058,0.3801,0.339,0.2749,-0.0656,,,,85.97,net_income,0,No change
META,"Meta Platforms, Inc.",Communication Services,2021-12-31,2020-12-31,5,8,false,0.8058,0.3801,0.339,0.2749,-0.0656,,,,85.97,net_income,0,No change
META,"Meta Platforms, Inc.",Communication Services,2022-01-31,2020-12-31,5,8,false,0.8058,0.3801,0.339,0.2749,-0.0656,,,,85.97,net_income,0,No change
META,"Meta Platforms, Inc.",Communication Services,2022-02-28,2021-12-31,7,8,false,0.8079,0.3965,0.3338,0.3317,-0.1126,,,,117.93,net_income,2,New annual report
META,"Meta Platforms, Inc.",Communication Services,2022-03-31,2021-12-31,7,8,false,0.8079,0.3965,0.3338,0.3317,-0.1126,,,,117.93,net_income,0,No change
META,"Meta Platforms, Inc.",Communication Services,2022-04-30,2021-12-31,7,8,false,0.8079,0.3965,0.3338,0.3317,-0.1126,,,,117.93,net_income,0,No change
META,"Meta Platforms, Inc.",Communication Services,2022-05-31,2021-12-31,7,8,false,0.8079,0.3965,0.3338,0.3317,-0.1126,,,,117.93,net_income,0,No change
META,"Meta Platforms, Inc.",Communication Services,2022-06-30,2021-12-31,7,8,false,0.8079,0.3965,0.3338,0.3317,-0.1126,,,,117.93,net_income,0,No change
META,"Meta Platforms, Inc.",Communication Services,2022-07-31,2021-12-31,7,8,false,0.8079,0.3965,0.3338,0.3317,-0.1126,,,,117.93,net_income,0,No change
META,"Meta Platforms, Inc.",Communication Services,2022-08-31,2021-12-31,7,8,false,0.8079,0.3965,0.3338,0.3317,-0.1126,,,,117.93,net_income,0,No change
META,"Meta Platforms, Inc.",Communication Services,2022-09-30,2021-12-31,7,8,false,0.8079,0.3965,0.3338,0.3317,-0.1126,,,,117.93,net_income,0,No change
META,"Meta Platforms, Inc.",Communication Services,2022-10-31,2021-12-31,7,8,false,0.8079,0.3965,0.3338,0.3317,-0.1126,0.0,noncurrent_plus_current,0.0,117.93,net_income,0,No change
META,"Meta Platforms, Inc.",Communication Services,2022-11-30,2021-12-31,7,8,false,0.8079,0.3965,0.3338,0.3317,-0.1126,0.0,noncurrent_plus_current,0.0,117.93,net_income,0,No change
META,"Meta Platforms, Inc.",Communication Services,2022-12-31,2021-12-31,7,8,false,0.8079,0.3965,0.3338,0.3317,-0.1126,0.0,noncurrent_plus_current,0.0,117.93,net_income,0,No change
META,"Meta Platforms, Inc.",Communication Services,2023-01-31,2021-12-31,7,8,false,0.8079,0.3965,0.3338,0.3317,-0.1126,0.0,noncurrent_plus_current,0.0,117.93,net_income,0,No change
META,"Meta Platforms, Inc.",Communication Services,2023-02-28,2022-12-31,4,9,true,0.7835,0.2482,0.199,0.1633,-0.1551,9.92,noncurrent_plus_current,0.08,116.61,net_income,-3,New annual report
META,"Meta Platforms, Inc.",Communication Services,2023-03-31,2022-12-31,4,9,true,0.7835,0.2482,0.199,0.1633,-0.1551,9.92,noncurrent_plus_current,0.08,116.61,net_income,0,No change
META,"Meta Platforms, Inc.",Communication Services,2023-04-30,2022-12-31,4,8,false,0.7835,0.2482,0.199,0.1633,-0.1551,9.92,long_term_debt_incl_current,0.08,116.61,net_income,0,No change
META,"Meta Platforms, Inc.",Communication Services,2023-05-31,2022-12-31,4,8,false,0.7835,0.2482,0.199,0.1633,-0.1551,9.92,long_term_debt_incl_current,0.08,116.61,net_income,0,No change
META,"Meta Platforms, Inc.",Communication Services,2023-06-30,2022-12-31,4,8,false,0.7835,0.2482,0.199,0.1633,-0.1551,9.92,long_term_debt_incl_current,0.08,116.61,net_income,0,No change
META,"Meta Platforms, Inc.",Communication Services,2023-07-31,2022-12-31,4,8,false,0.7835,0.2482,0.199,0.1633,-0.1551,9.92,long_term_debt_incl_current,0.08,116.61,net_income,0,No change
META,"Meta Platforms, Inc.",Communication Services,2023-08-31,2022-12-31,4,8,false,0.7835,0.2482,0.199,0.1633,-0.1551,9.92,long_term_debt_incl_current,0.08,116.61,net_income,0,No change
META,"Meta Platforms, Inc.",Communication Services,2023-09-30,2022-12-31,4,8,false,0.7835,0.2482,0.199,0.1633,-0.1551,9.92,long_term_debt_incl_current,0.08,116.61,net_income,0,No change
META,"Meta Platforms, Inc.",Communication Services,2023-10-31,2022-12-31,4,8,false,0.7835,0.2482,0.199,0.1633,-0.1551,9.92,long_term_debt_incl_current,0.08,116.61,net_income,0,No change
META,"Meta Platforms, Inc.",Communication Services,2023-11-30,2022-12-31,4,8,false,0.7835,0.2482,0.199,0.1633,-0.1551,9.92,long_term_debt_incl_current,0.08,116.61,net_income,0,No change
META,"Meta Platforms, Inc.",Communication Services,2023-12-31,2022-12-31,4,8,false,0.7835,0.2482,0.199,0.1633,-0.1551,9.92,long_term_debt_incl_current,0.08,116.61,net_income,0,No change
META,"Meta Platforms, Inc.",Communication Services,2024-01-31,2022-12-31,4,8,false,0.7835,0.2482,0.199,0.1633,-0.1551,9.92,long_term_debt_incl_current,0.08,116.61,net_income,0,No change
META,"Meta Platforms, Inc.",Communication Services,2024-02-29,2023-12-31,8,9,true,0.8076,0.3466,0.2898,0.325,-0.1542,18.39,long_term_debt_incl_current,0.12,134.9,net_income,4,New annual report
META,"Meta Platforms, Inc.",Communication Services,2024-03-31,2023-12-31,8,9,true,0.8076,0.3466,0.2898,0.325,-0.1542,18.39,long_term_debt_incl_current,0.12,134.9,net_income,0,No change
META,"Meta Platforms, Inc.",Communication Services,2024-04-30,2023-12-31,8,9,true,0.8076,0.3466,0.2898,0.325,-0.1542,18.39,long_term_debt_incl_current,0.12,134.9,net_income,0,No change
META,"Meta Platforms, Inc.",Communication Services,2024-05-31,2023-12-31,8,9,true,0.8076,0.3466,0.2898,0.325,-0.1542,18.39,long_term_debt_incl_current,0.12,134.9,net_income,0,No change
META,"Meta Platforms, Inc.",Communication Services,2024-06-30,2023-12-31,8,9,true,0.8076,0.3466,0.2898,0.325,-0.1542,18.39,long_term_debt_incl_current,0.12,134.9,net_income,0,No change
META,"Meta Platforms, Inc.",Communication Services,2024-07-31,2023-12-31,8,9,true,0.8076,0.3466,0.2898,0.325,-0.1542,18.39,long_term_debt_incl_current,0.12,134.9,net_income,0,No change
META,"Meta Platforms, Inc.",Communication Services,2024-08-31,2023-12-31,8,9,true,0.8076,0.3466,0.2898,0.325,-0.1542,18.39,long_term_debt_incl_current,0.12,134.9,net_income,0,No change
META,"Meta Platforms, Inc.",Communication Services,2024-09-30,2023-12-31,8,9,true,0.8076,0.3466,0.2898,0.325,-0.1542,18.39,long_term_debt_incl_current,0.12,134.9,net_income,0,No change
META,"Meta Platforms, Inc.",Communication Services,2024-10-31,2023-12-31,8,9,true,0.8076,0.3466,0.2898,0.325,-0.1542,18.39,long_term_debt_incl_current,0.12,134.9,net_income,0,No change
META,"Meta Platforms, Inc.",Communication Services,2024-11-30,2023-12-31,8,9,true,0.8076,0.3466,0.2898,0.325,-0.1542,18.39,long_term_debt_incl_current,0.12,134.9,net_income,0,No change
META,"Meta Platforms, Inc.",Communication Services,2024-12-31,2023-12-31,8,9,true,0.8076,0.3466,0.2898,0.325,-0.1542,18.39,long_term_debt_incl_current,0.12,134.9,net_income,0,No change
META,"Meta Platforms, Inc.",Communication Services,2025-01-31,2024-12-31,7,9,true,0.8167,0.4218,0.3791,0.3287,-0.1146,28.83,long_term_debt_incl_current,0.16,164.5,net_income,-1,New annual report
META,"Meta Platforms, Inc.",Communication Services,2025-02-28,2024-12-31,7,9,true,0.8167,0.4218,0.3791,0.3287,-0.1146,28.83,long_term_debt_incl_current,0.16,164.5,net_income,0,No change
META,"Meta Platforms, Inc.",Communication Services,2025-03-31,2024-12-31,7,9,true,0.8167,0.4218,0.3791,0.3287,-0.1146,28.83,long_term_debt_incl_current,0.16,164.5,net_income,0,No change
META,"Meta Platforms, Inc.",Communication Services,2025-04-30,2024-12-31,7,9,true,0.8167,0.4218,0.3791,0.3287,-0.1146,28.83,long_term_debt_incl_current,0.16,164.5,net_income,0,No change
META,"Meta Platforms, Inc.",Communication Services,2025-05-31,2024-12-31,7,9,true,0.8167,0.4218,0.3791,0.3287,-0.1146,28.83,long_term_debt_incl_current,0.16,164.5,net_income,0,No change
META,"Meta Platforms, Inc.",Communication Services,2025-06-30,2024-12-31,7,9,true,0.8167,0.4218,0.3791,0.3287,-0.1146,28.83,long_term_debt_incl_current,0.16,164.5,net_income,0,No change
META,"Meta Platforms, Inc.",Communication Services,2025-07-31,2024-12-31,7,9,true,0.8167,0.4218,0.3791,0.3287,-0.1146,28.83,long_term_debt_incl_current,0.16,164.5,net_income,0,No change
META,"Meta Platforms, Inc.",Communication Services,2025-08-31,2024-12-31,7,9,true,0.8167,0.4218,0.3791,0.3287,-0.1146,28.83,long_term_debt_incl_current,0.16,164.5,net_income,0,No change
META,"Meta Platforms, Inc.",Communication Services,2025-09-30,2024-12-31,7,9,true,0.8167,0.4218,0.3791,0.3287,-0.1146,28.83,long_term_debt_incl_current,0.16,164.5,net_income,0,No change
META,"Meta Platforms, Inc.",Communication Services,2025-10-31,2024-12-31,7,9,true,0.8167,0.4218,0.3791,0.3287,-0.1146,28.83,long_term_debt_incl_current,0.16,164.5,net_income,0,No change
META,"Meta Platforms, Inc.",Communication Services,2025-11-30,2024-12-31,7,9,true,0.8167,0.4218,0.3791,0.3287,-0.1146,28.83,long_term_debt_incl_current,0.16,164.5,net_income,0,No change
META,"Meta Platforms, Inc.",Communication Services,2025-12-31,2024-12-31,7,9,true,0.8167,0.4218,0.3791,0.3287,-0.1146,28.83,long_term_debt_incl_current,0.16,164.5,net_income,0,No change
META,"Meta Platforms, Inc.",Communication Services,2026-01-31,2025-12-31,6,9,true,0.82,0.4144,0.3008,0.2294,-0.1724,58.74,long_term_debt_incl_current,0.27,200.97,net_income,-1,New annual report
META,"Meta Platforms, Inc.",Communication Services,2026-02-28,2025-12-31,6,9,true,0.82,0.4144,0.3008,0.2294,-0.1724,58.74,long_term_debt_incl_current,0.27,200.97,net_income,0,No change
META,"Meta Platforms, Inc.",Communication Services,2026-03-31,2025-12-31,6,9,true,0.82,0.4144,0.3008,0.2294,-0.1724,58.74,long_term_debt_incl_current,0.27,200.97,net_income,0,No change
META,"Meta Platforms, Inc.",Communication Services,2026-04-30,2025-12-31,6,9,true,0.82,0.4144,0.3008,0.2294,-0.1724,58.74,long_term_debt_incl_current,0.27,200.97,net_income,0,No change
META,"Meta Platforms, Inc.",Communication Services,2026-05-31,2025-12-31,6,9,true,0.82,0.4144,0.3008,0.2294,-0.1724,58.74,long_term_debt_incl_current,0.27,200.97,net_income,0,No change
META,"Meta Platforms, Inc.",Communication Services,2026-06-30,2025-12-31,6,9,true,0.82,0.4144,0.3008,0.2294,-0.1724,58.74,long_term_debt_incl_current,0.27,200.97,net_income,0,No change
META,"Meta Platforms, Inc.",Communication Services,2026-07-31,2025-12-31,6,9,true,0.82,0.4144,0.3008,0.2294,-0.1724,58.74,long_term_debt_incl_current,0.27,200.97,net_income,0,No change
META,"Meta Platforms, Inc.",Communication Services,2026-08-31,2025-12-31,6,9,true,0.82,0.4144,0.3008,0.2294,-0.1724,58.74,long_term_debt_incl_current,0.27,200.97,net_income,0,No change
META,"Meta Platforms, Inc.",Communication Services,2026-09-30,2025-12-31,6,9,true,0.82,0.4144,0.3008,0.2294,-0.1724,58.74,long_term_debt_incl_current,0.27,200.97,net_income,0,No change
MMM,3M CO,Industrials,2010-02-28,2009-12-31,6,6,false,0.4763,0.2082,0.1381,0.1746,-0.0659,5.1,noncurrent_plus_current,0.4,23.12,net_income,,No change
MMM,3M CO,Industrials,2010-03-31,2009-12-31,6,6,false,0.4763,0.2082,0.1381,0.1746,-0.0659,5.1,noncurrent_plus_current,0.4,23.12,net_income,0,No change
MMM,3M CO,Industrials,2010-04-30,2009-12-31,6,6,false,0.4763,0.2082,0.1381,0.1746,-0.0659,5.1,noncurrent_plus_current,0.4,23.12,net_income,0,No change
MMM,3M CO,Industrials,2010-05-31,2009-12-31,6,6,false,0.4763,0.2082,0.1381,0.1746,-0.0659,5.1,noncurrent_plus_current,0.4,23.12,net_income,0,No change
MMM,3M CO,Industrials,2010-06-30,2009-12-31,6,6,false,0.4763,0.2082,0.1381,0.1746,-0.0659,5.1,noncurrent_plus_current,0.4,23.12,net_income,0,No change
MMM,3M CO,Industrials,2010-07-31,2009-12-31,6,6,false,0.4763,0.2082,0.1381,0.1746,-0.0659,5.1,noncurrent_plus_current,0.4,23.12,net_income,0,No change
MMM,3M CO,Industrials,2010-08-31,2009-12-31,6,6,false,0.4763,0.2082,0.1381,0.1746,-0.0659,5.1,noncurrent_plus_current,0.4,23.12,net_income,0,No change
MMM,3M CO,Industrials,2010-09-30,2009-12-31,6,6,false,0.4763,0.2082,0.1381,0.1746,-0.0659,5.1,noncurrent_plus_current,0.4,23.12,net_income,0,No change
MMM,3M CO,Industrials,2010-10-31,2009-12-31,6,6,false,0.4763,0.2082,0.1381,0.1746,-0.0659,5.1,noncurrent_plus_current,0.4,23.12,net_income,0,No change
MMM,3M CO,Industrials,2010-11-30,2009-12-31,6,6,false,0.4763,0.2082,0.1381,0.1746,-0.0659,5.1,noncurrent_plus_current,0.4,23.12,net_income,0,No change
MMM,3M CO,Industrials,2010-12-31,2009-12-31,6,6,false,0.4763,0.2082,0.1381,0.1746,-0.0659,5.1,noncurrent_plus_current,0.4,23.12,net_income,0,No change
MMM,3M CO,Industrials,2011-01-31,2009-12-31,6,6,false,0.4763,0.2082,0.1381,0.1746,-0.0659,5.1,noncurrent_plus_current,0.4,23.12,net_income,0,No change
MMM,3M CO,Industrials,2011-02-28,2010-12-31,7,9,true,0.4812,0.222,0.1532,0.1531,-0.0379,5.37,long_term_debt_incl_current,0.34,26.66,net_income,1,New annual report
MMM,3M CO,Industrials,2011-03-31,2010-12-31,7,9,true,0.4812,0.222,0.1532,0.1531,-0.0379,5.37,long_term_debt_incl_current,0.34,26.66,net_income,0,No change
MMM,3M CO,Industrials,2011-04-30,2010-12-31,7,9,true,0.4812,0.222,0.1532,0.1531,-0.0379,5.37,long_term_debt_incl_current,0.34,26.66,net_income,0,No change
MMM,3M CO,Industrials,2011-05-31,2010-12-31,7,9,true,0.4812,0.222,0.1532,0.1531,-0.0379,5.37,long_term_debt_incl_current,0.34,26.66,net_income,0,No change
MMM,3M CO,Industrials,2011-06-30,2010-12-31,7,9,true,0.4812,0.222,0.1532,0.1531,-0.0379,5.37,long_term_debt_incl_current,0.34,26.66,net_income,0,No change
MMM,3M CO,Industrials,2011-07-31,2010-12-31,7,9,true,0.4812,0.222,0.1532,0.1531,-0.0379,5.37,long_term_debt_incl_current,0.34,26.66,net_income,0,No change
MMM,3M CO,Industrials,2011-08-31,2010-12-31,7,9,true,0.4812,0.222,0.1532,0.1531,-0.0379,5.37,long_term_debt_incl_current,0.34,26.66,net_income,0,No change
MMM,3M CO,Industrials,2011-09-30,2010-12-31,7,9,true,0.4812,0.222,0.1532,0.1531,-0.0379,5.37,long_term_debt_incl_current,0.34,26.66,net_income,0,No change
MMM,3M CO,Industrials,2011-10-31,2010-12-31,7,9,true,0.4812,0.222,0.1532,0.1531,-0.0379,5.37,long_term_debt_incl_current,0.34,26.66,net_income,0,No change
MMM,3M CO,Industrials,2011-11-30,2010-12-31,7,9,true,0.4812,0.222,0.1532,0.1531,-0.0379,5.37,long_term_debt_incl_current,0.34,26.66,net_income,0,No change
MMM,3M CO,Industrials,2011-12-31,2010-12-31,7,9,true,0.4812,0.222,0.1532,0.1531,-0.0379,5.37,long_term_debt_incl_current,0.34,26.66,net_income,0,No change
MMM,3M CO,Industrials,2012-01-31,2010-12-31,7,9,true,0.4812,0.222,0.1532,0.1531,-0.0379,5.37,long_term_debt_incl_current,0.34,26.66,net_income,0,No change
MMM,3M CO,Industrials,2012-02-29,2011-12-31,5,6,false,0.47,0.2086,0.1471,,,5.05,long_term_debt_incl_current,0.33,29.61,net_income_incl_nci,-2,New annual report
MMM,3M CO,Industrials,2012-03-31,2011-12-31,5,6,false,0.47,0.2086,0.1471,,,5.05,long_term_debt_incl_current,0.33,29.61,net_income_incl_nci,0,No change
MMM,3M CO,Industrials,2012-04-30,2011-12-31,5,6,false,0.47,0.2086,0.1471,,,5.05,long_term_debt_incl_current,0.33,29.61,net_income_incl_nci,0,No change
MMM,3M CO,Industrials,2012-05-31,2011-12-31,5,6,false,0.47,0.2086,0.1471,,,5.05,long_term_debt_incl_current,0.33,29.61,net_income_incl_nci,0,No change
MMM,3M CO,Industrials,2012-06-30,2011-12-31,5,6,false,0.47,0.2086,0.1471,,,5.05,long_term_debt_incl_current,0.33,29.61,net_income_incl_nci,0,No change
MMM,3M CO,Industrials,2012-07-31,2011-12-31,5,6,false,0.47,0.2086,0.1471,,,5.05,long_term_debt_incl_current,0.33,29.61,net_income_incl_nci,0,No change
MMM,3M CO,Industrials,2012-08-31,2011-12-31,5,6,false,0.47,0.2086,0.1471,,,5.05,long_term_debt_incl_current,0.33,29.61,net_income_incl_nci,0,No change
MMM,3M CO,Industrials,2012-09-30,2011-12-31,5,6,false,0.47,0.2086,0.1471,,,5.05,long_term_debt_incl_current,0.33,29.61,net_income_incl_nci,0,No change
MMM,3M CO,Industrials,2012-10-31,2011-12-31,5,6,false,0.47,0.2086,0.1471,,,5.05,long_term_debt_incl_current,0.33,29.61,net_income_incl_nci,0,No change
MMM,3M CO,Industrials,2012-11-30,2011-12-31,5,6,false,0.47,0.2086,0.1471,,,5.05,long_term_debt_incl_current,0.33,29.61,net_income_incl_nci,0,No change
MMM,3M CO,Industrials,2012-12-31,2011-12-31,5,6,false,0.47,0.2086,0.1471,,,5.05,long_term_debt_incl_current,0.33,29.61,net_income_incl_nci,0,No change
MMM,3M CO,Industrials,2013-01-31,2011-12-31,5,6,false,0.47,0.2086,0.1471,,,5.05,long_term_debt_incl_current,0.33,29.61,net_income_incl_nci,0,No change
MMM,3M CO,Industrials,2013-02-28,2012-12-31,3,7,false,0.4755,0.2168,0.1486,,,5.9,long_term_debt_incl_current,0.34,29.9,net_income,-2,New annual report
MMM,3M CO,Industrials,2013-03-31,2012-12-31,3,7,false,0.4755,0.2168,0.1486,,,5.9,long_term_debt_incl_current,0.34,29.9,net_income,0,No change
MMM,3M CO,Industrials,2013-04-30,2012-12-31,3,7,false,0.4755,0.2168,0.1486,,,5.9,long_term_debt_incl_current,0.34,29.9,net_income,0,No change
MMM,3M CO,Industrials,2013-05-31,2012-12-31,3,7,false,0.4755,0.2168,0.1486,,,5.9,long_term_debt_incl_current,0.34,29.9,net_income,0,No change
MMM,3M CO,Industrials,2013-06-30,2012-12-31,3,7,false,0.4755,0.2168,0.1486,,,5.9,long_term_debt_incl_current,0.34,29.9,net_income,0,No change
MMM,3M CO,Industrials,2013-07-31,2012-12-31,3,7,false,0.4755,0.2168,0.1486,,,5.9,long_term_debt_incl_current,0.34,29.9,net_income,0,No change
MMM,3M CO,Industrials,2013-08-31,2012-12-31,3,7,false,0.4755,0.2168,0.1486,,,5.9,long_term_debt_incl_current,0.34,29.9,net_income,0,No change
MMM,3M CO,Industrials,2013-09-30,2012-12-31,3,7,false,0.4755,0.2168,0.1486,,,5.9,long_term_debt_incl_current,0.34,29.9,net_income,0,No change
MMM,3M CO,Industrials,2013-10-31,2012-12-31,3,7,false,0.4755,0.2168,0.1486,,,5.9,long_term_debt_incl_current,0.34,29.9,net_income,0,No change
MMM,3M CO,Industrials,2013-11-30,2012-12-31,3,7,false,0.4755,0.2168,0.1486,,,5.9,long_term_debt_incl_current,0.34,29.9,net_income,0,No change
MMM,3M CO,Industrials,2013-12-31,2012-12-31,3,7,false,0.4755,0.2168,0.1486,,,5.9,long_term_debt_incl_current,0.34,29.9,net_income,0,No change
MMM,3M CO,Industrials,2014-01-31,2012-12-31,3,7,false,0.4755,0.2168,0.1486,,,5.9,long_term_debt_incl_current,0.34,29.9,net_income,0,No change
MMM,3M CO,Industrials,2014-02-28,2013-12-31,4,7,false,0.4783,0.2159,0.1509,,,5.91,long_term_debt_incl_current,0.34,30.87,net_income,1,New annual report
MMM,3M CO,Industrials,2014-03-31,2013-12-31,4,7,false,0.4783,0.2159,0.1509,,,5.91,long_term_debt_incl_current,0.34,30.87,net_income,0,No change
MMM,3M CO,Industrials,2014-04-30,2013-12-31,4,7,false,0.4783,0.2159,0.1509,,,5.91,long_term_debt_incl_current,0.34,30.87,net_income,0,No change
MMM,3M CO,Industrials,2014-05-31,2013-12-31,4,7,false,0.4783,0.2159,0.1509,,,5.91,long_term_debt_incl_current,0.34,30.87,net_income,0,No change
MMM,3M CO,Industrials,2014-06-30,2013-12-31,4,7,false,0.4783,0.2159,0.1509,,,5.91,long_term_debt_incl_current,0.34,30.87,net_income,0,No change
MMM,3M CO,Industrials,2014-07-31,2013-12-31,4,7,false,0.4783,0.2159,0.1509,,,5.91,long_term_debt_incl_current,0.34,30.87,net_income,0,No change
MMM,3M CO,Industrials,2014-08-31,2013-12-31,4,7,false,0.4783,0.2159,0.1509,,,5.91,long_term_debt_incl_current,0.34,30.87,net_income,0,No change
MMM,3M CO,Industrials,2014-09-30,2013-12-31,4,7,false,0.4783,0.2159,0.1509,,,5.91,long_term_debt_incl_current,0.34,30.87,net_income,0,No change
MMM,3M CO,Industrials,2014-10-31,2013-12-31,4,7,false,0.4783,0.2159,0.1509,,,5.91,long_term_debt_incl_current,0.34,30.87,net_income,0,No change
MMM,3M CO,Industrials,2014-11-30,2013-12-31,4,7,false,0.4783,0.2159,0.1509,,,5.91,long_term_debt_incl_current,0.34,30.87,net_income,0,No change
MMM,3M CO,Industrials,2014-12-31,2013-12-31,4,7,false,0.4783,0.2159,0.1509,,,5.91,long_term_debt_incl_current,0.34,30.87,net_income,0,No change
MMM,3M CO,Industrials,2015-01-31,2013-12-31,4,7,false,0.4783,0.2159,0.1509,,,5.91,long_term_debt_incl_current,0.34,30.87,net_income,0,No change
MMM,3M CO,Industrials,2015-02-28,2014-12-31,6,6,false,0.4831,0.2242,0.1557,,,6.73,noncurrent_plus_current,0.51,31.82,net_income,2,New annual report
MMM,3M CO,Industrials,2015-03-31,2014-12-31,6,6,false,0.4831,0.2242,0.1557,,,6.73,noncurrent_plus_current,0.51,31.82,net_income,0,No change
MMM,3M CO,Industrials,2015-04-30,2014-12-31,6,6,false,0.4831,0.2242,0.1557,,,6.73,noncurrent_plus_current,0.51,31.82,net_income,0,No change
MMM,3M CO,Industrials,2015-05-31,2014-12-31,6,6,false,0.4831,0.2242,0.1557,,,6.73,noncurrent_plus_current,0.51,31.82,net_income,0,No change
MMM,3M CO,Industrials,2015-06-30,2014-12-31,6,6,false,0.4831,0.2242,0.1557,,,6.73,noncurrent_plus_current,0.51,31.82,net_income,0,No change
MMM,3M CO,Industrials,2015-07-31,2014-12-31,6,6,false,0.4831,0.2242,0.1557,,,6.73,noncurrent_plus_current,0.51,31.82,net_income,0,No change
MMM,3M CO,Industrials,2015-08-31,2014-12-31,6,6,false,0.4831,0.2242,0.1557,,,6.73,noncurrent_plus_current,0.51,31.82,net_income,0,No change
MMM,3M CO,Industrials,2015-09-30,2014-12-31,6,6,false,0.4831,0.2242,0.1557,,,6.73,noncurrent_plus_current,0.51,31.82,net_income,0,No change
MMM,3M CO,Industrials,2015-10-31,2014-12-31,6,6,false,0.4831,0.2242,0.1557,,,6.73,noncurrent_plus_current,0.51,31.82,net_income,0,No change
MMM,3M CO,Industrials,2015-11-30,2014-12-31,6,6,false,0.4831,0.2242,0.1557,,,6.73,noncurrent_plus_current,0.51,31.82,net_income,0,No change
MMM,3M CO,Industrials,2015-12-31,2014-12-31,6,6,false,0.4831,0.2242,0.1557,,,6.73,noncurrent_plus_current,0.51,31.82,net_income,0,No change
MMM,3M CO,Industrials,2016-01-31,2014-12-31,6,6,false,0.4831,0.2242,0.1557,,,6.73,noncurrent_plus_current,0.51,31.82,net_income,0,No change
MMM,3M CO,Industrials,2016-02-29,2015-12-31,5,7,false,0.4919,0.2294,0.1596,,,9.88,long_term_debt_incl_current,0.84,30.27,net_income,-1,New annual report
MMM,3M CO,Industrials,2016-03-31,2015-12-31,5,7,false,0.4919,0.2294,0.1596,,,9.88,long_term_debt_incl_current,0.84,30.27,net_income,0,No change
MMM,3M CO,Industrials,2016-04-30,2015-12-31,5,7,false,0.4919,0.2294,0.1596,,,9.88,long_term_debt_incl_current,0.84,30.27,net_income,0,No change
MMM,3M CO,Industrials,2016-05-31,2015-12-31,5,7,false,0.4919,0.2294,0.1596,,,9.88,long_term_debt_incl_current,0.84,30.27,net_income,0,No change
MMM,3M CO,Industrials,2016-06-30,2015-12-31,5,7,false,0.4919,0.2294,0.1596,,,9.88,long_term_debt_incl_current,0.84,30.27,net_income,0,No change
MMM,3M CO,Industrials,2016-07-31,2015-12-31,5,7,false,0.4919,0.2294,0.1596,,,9.88,long_term_debt_incl_current,0.84,30.27,net_income,0,No change
MMM,3M CO,Industrials,2016-08-31,2015-12-31,5,7,false,0.4919,0.2294,0.1596,,,9.88,long_term_debt_incl_current,0.84,30.27,net_income,0,No change
MMM,3M CO,Industrials,2016-09-30,2015-12-31,5,7,false,0.4919,0.2294,0.1596,,,9.88,long_term_debt_incl_current,0.84,30.27,net_income,0,No change
MMM,3M CO,Industrials,2016-10-31,2015-12-31,5,7,false,0.4919,0.2294,0.1596,,,9.88,long_term_debt_incl_current,0.84,30.27,net_income,0,No change
MMM,3M CO,Industrials,2016-11-30,2015-12-31,5,7,false,0.4919,0.2294,0.1596,,,9.88,long_term_debt_incl_current,0.84,30.27,net_income,0,No change
MMM,3M CO,Industrials,2016-12-31,2015-12-31,5,7,false,0.4919,0.2294,0.1596,,,9.88,long_term_debt_incl_current,0.84,30.27,net_income,0,No change
MMM,3M CO,Industrials,2017-01-31,2015-12-31,5,7,false,0.4919,0.2294,0.1596,,,9.88,long_term_debt_incl_current,0.84,30.27,net_income,0,No change
MMM,3M CO,Industrials,2017-02-28,2016-12-31,4,7,false,0.5005,0.2399,0.1677,,,11.48,long_term_debt_incl_current,1.11,30.11,net_income,-1,New annual report
MMM,3M CO,Industrials,2017-03-31,2016-12-31,4,7,false,0.5005,0.2399,0.1677,,,11.48,long_term_debt_incl_current,1.11,30.11,net_income,0,No change
MMM,3M CO,Industrials,2017-04-30,2016-12-31,4,7,false,0.5005,0.2399,0.1677,,,11.48,long_term_debt_incl_current,1.11,30.11,net_income,0,No change
MMM,3M CO,Industrials,2017-05-31,2016-12-31,4,7,false,0.5005,0.2399,0.1677,,,11.48,long_term_debt_incl_current,1.11,30.11,net_income,0,No change
MMM,3M CO,Industrials,2017-06-30,2016-12-31,4,7,false,0.5005,0.2399,0.1677,,,11.48,long_term_debt_incl_current,1.11,30.11,net_income,0,No change
MMM,3M CO,Industrials,2017-07-31,2016-12-31,4,7,false,0.5005,0.2399,0.1677,,,11.48,long_term_debt_incl_current,1.11,30.11,net_income,0,No change
MMM,3M CO,Industrials,2017-08-31,2016-12-31,4,7,false,0.5005,0.2399,0.1677,,,11.48,long_term_debt_incl_current,1.11,30.11,net_income,0,No change
MMM,3M CO,Industrials,2017-09-30,2016-12-31,4,7,false,0.5005,0.2399,0.1677,,,11.48,long_term_debt_incl_current,1.11,30.11,net_income,0,No change
MMM,3M CO,Industrials,2017-10-31,2016-12-31,4,7,false,0.5005,0.2399,0.1677,,,11.48,long_term_debt_incl_current,1.11,30.11,net_income,0,No change
MMM,3M CO,Industrials,2017-11-30,2016-12-31,4,7,false,0.5005,0.2399,0.1677,,,11.48,long_term_debt_incl_current,1.11,30.11,net_income,0,No change
MMM,3M CO,Industrials,2017-12-31,2016-12-31,4,7,false,0.5005,0.2399,0.1677,,,11.48,long_term_debt_incl_current,1.11,30.11,net_income,0,No change
MMM,3M CO,Industrials,2018-01-31,2016-12-31,4,7,false,0.5005,0.2399,0.1677,,,11.48,long_term_debt_incl_current,1.11,30.11,net_income,0,No change
MMM,3M CO,Industrials,2018-02-28,2017-12-31,5,9,true,0.4946,0.247,0.1535,0.1537,-0.039,13.2,long_term_debt_incl_current,1.14,31.66,net_income,1,New annual report
MMM,3M CO,Industrials,2018-03-31,2017-12-31,5,9,true,0.4946,0.247,0.1535,0.1537,-0.039,13.2,long_term_debt_incl_current,1.14,31.66,net_income,0,No change
MMM,3M CO,Industrials,2018-04-30,2017-12-31,5,9,true,0.4946,0.247,0.1535,0.1537,-0.039,13.2,long_term_debt_incl_current,1.14,31.66,net_income,0,No change
MMM,3M CO,Industrials,2018-05-31,2017-12-31,5,9,true,0.4946,0.247,0.1535,0.1537,-0.039,13.2,long_term_debt_incl_current,1.14,31.66,net_income,0,No change
MMM,3M CO,Industrials,2018-06-30,2017-12-31,5,9,true,0.4946,0.247,0.1535,0.1537,-0.039,13.2,long_term_debt_incl_current,1.14,31.66,net_income,0,No change
MMM,3M CO,Industrials,2018-07-31,2017-12-31,5,9,true,0.4946,0.247,0.1535,0.1537,-0.039,13.2,long_term_debt_incl_current,1.14,31.66,net_income,0,No change
MMM,3M CO,Industrials,2018-08-31,2017-12-31,5,9,true,0.4946,0.247,0.1535,0.1537,-0.039,13.2,long_term_debt_incl_current,1.14,31.66,net_income,0,No change
MMM,3M CO,Industrials,2018-09-30,2017-12-31,5,9,true,0.4946,0.247,0.1535,0.1537,-0.039,13.2,long_term_debt_incl_current,1.14,31.66,net_income,0,No change
MMM,3M CO,Industrials,2018-10-31,2017-12-31,5,9,true,0.4946,0.247,0.1535,0.1537,-0.039,13.2,long_term_debt_incl_current,1.14,31.66,net_income,0,No change
MMM,3M CO,Industrials,2018-11-30,2017-12-31,5,9,true,0.4946,0.247,0.1535,0.1537,-0.039,13.2,long_term_debt_incl_current,1.14,31.66,net_income,0,No change
MMM,3M CO,Industrials,2018-12-31,2017-12-31,5,9,true,0.4946,0.247,0.1535,0.1537,-0.039,13.2,long_term_debt_incl_current,1.14,31.66,net_income,0,No change
MMM,3M CO,Industrials,2019-01-31,2017-12-31,5,9,true,0.4946,0.247,0.1535,0.1537,-0.039,13.2,long_term_debt_incl_current,1.14,31.66,net_income,0,No change
MMM,3M CO,Industrials,2019-02-28,2018-12-31,5,9,true,0.4909,0.22,0.1633,0.1484,-0.0293,14.16,long_term_debt_incl_current,1.45,32.77,net_income,0,No change
MMM,3M CO,Industrials,2019-03-31,2018-12-31,5,9,true,0.4909,0.22,0.1633,0.1484,-0.0293,14.16,long_term_debt_incl_current,1.45,32.77,net_income,0,No change
MMM,3M CO,Industrials,2019-04-30,2018-12-31,5,9,true,0.4909,0.22,0.1633,0.1484,-0.0293,14.16,long_term_debt_incl_current,1.45,32.77,net_income,0,No change
MMM,3M CO,Industrials,2019-05-31,2018-12-31,5,9,true,0.4909,0.22,0.1633,0.1484,-0.0293,14.16,long_term_debt_incl_current,1.45,32.77,net_income,0,No change
MMM,3M CO,Industrials,2019-06-30,2018-12-31,5,9,true,0.4909,0.22,0.1633,0.1484,-0.0293,14.16,long_term_debt_incl_current,1.45,32.77,net_income,0,No change
MMM,3M CO,Industrials,2019-07-31,2018-12-31,5,9,true,0.4909,0.22,0.1633,0.1484,-0.0293,14.16,long_term_debt_incl_current,1.45,32.77,net_income,0,No change
MMM,3M CO,Industrials,2019-08-31,2018-12-31,5,9,true,0.4909,0.22,0.1633,0.1484,-0.0293,14.16,long_term_debt_incl_current,1.45,32.77,net_income,0,No change
MMM,3M CO,Industrials,2019-09-30,2018-12-31,5,9,true,0.4909,0.22,0.1633,0.1484,-0.0293,14.16,long_term_debt_incl_current,1.45,32.77,net_income,0,No change
MMM,3M CO,Industrials,2019-10-31,2018-12-31,5,9,true,0.4909,0.22,0.1633,0.1484,-0.0293,14.16,long_term_debt_incl_current,1.45,32.77,net_income,0,No change
MMM,3M CO,Industrials,2019-11-30,2018-12-31,5,9,true,0.4909,0.22,0.1633,0.1484,-0.0293,14.16,long_term_debt_incl_current,1.45,32.77,net_income,0,No change
MMM,3M CO,Industrials,2019-12-31,2018-12-31,5,9,true,0.4909,0.22,0.1633,0.1484,-0.0293,14.16,long_term_debt_incl_current,1.45,32.77,net_income,0,No change
MMM,3M CO,Industrials,2020-01-31,2018-12-31,5,9,true,0.4909,0.22,0.1633,0.1484,-0.0293,14.16,long_term_debt_incl_current,1.45,32.77,net_income,0,No change
MMM,3M CO,Industrials,2020-02-29,2019-12-31,5,9,true,0.4668,0.1921,0.1422,0.1671,-0.0616,19.36,long_term_debt_incl_current,1.92,32.14,net_income,0,No change
MMM,3M CO,Industrials,2020-03-31,2019-12-31,5,9,true,0.4668,0.1921,0.1422,0.1671,-0.0616,19.36,long_term_debt_incl_current,1.92,32.14,net_income,0,No change
MMM,3M CO,Industrials,2020-04-30,2019-12-31,5,9,true,0.4668,0.1921,0.1422,0.1671,-0.0616,19.36,long_term_debt_incl_current,1.92,32.14,net_income,0,No change
MMM,3M CO,Industrials,2020-05-31,2019-12-31,5,9,true,0.4668,0.1921,0.1422,0.1671,-0.0616,19.36,long_term_debt_incl_current,1.92,32.14,net_income,0,No change
MMM,3M CO,Industrials,2020-06-30,2019-12-31,5,9,true,0.4668,0.1921,0.1422,0.1671,-0.0616,19.36,long_term_debt_incl_current,1.92,32.14,net_income,0,No change
MMM,3M CO,Industrials,2020-07-31,2019-12-31,5,9,true,0.4668,0.1921,0.1422,0.1671,-0.0616,19.36,long_term_debt_incl_current,1.92,32.14,net_income,0,No change
MMM,3M CO,Industrials,2020-08-31,2019-12-31,5,9,true,0.4668,0.1921,0.1422,0.1671,-0.0616,19.36,long_term_debt_incl_current,1.92,32.14,net_income,0,No change
MMM,3M CO,Industrials,2020-09-30,2019-12-31,5,9,true,0.4668,0.1921,0.1422,0.1671,-0.0616,19.36,long_term_debt_incl_current,1.92,32.14,net_income,0,No change
MMM,3M CO,Industrials,2020-10-31,2019-12-31,5,9,true,0.4668,0.1921,0.1422,0.1671,-0.0616,19.36,long_term_debt_incl_current,1.92,32.14,net_income,0,No change
MMM,3M CO,Industrials,2020-11-30,2019-12-31,5,9,true,0.4668,0.1921,0.1422,0.1671,-0.0616,19.36,long_term_debt_incl_current,1.92,32.14,net_income,0,No change
MMM,3M CO,Industrials,2020-12-31,2019-12-31,5,9,true,0.4668,0.1921,0.1422,0.1671,-0.0616,19.36,long_term_debt_incl_current,1.92,32.14,net_income,0,No change
MMM,3M CO,Industrials,2021-01-31,2019-12-31,5,9,true,0.4668,0.1921,0.1422,0.1671,-0.0616,19.36,long_term_debt_incl_current,1.92,32.14,net_income,0,No change
MMM,3M CO,Industrials,2021-02-28,2020-12-31,7,9,true,0.4841,0.2225,0.1673,0.2054,-0.0593,18.78,long_term_debt_incl_current,1.46,32.18,net_income,2,New annual report
MMM,3M CO,Industrials,2021-03-31,2020-12-31,7,9,true,0.4841,0.2225,0.1673,0.2054,-0.0593,18.78,long_term_debt_incl_current,1.46,32.18,net_income,0,No change
MMM,3M CO,Industrials,2021-04-30,2020-12-31,7,9,true,0.4841,0.2225,0.1673,0.2054,-0.0593,18.78,long_term_debt_incl_current,1.46,32.18,net_income,0,No change
MMM,3M CO,Industrials,2021-05-31,2020-12-31,7,9,true,0.4841,0.2225,0.1673,0.2054,-0.0593,18.78,long_term_debt_incl_current,1.46,32.18,net_income,0,No change
MMM,3M CO,Industrials,2021-06-30,2020-12-31,7,9,true,0.4841,0.2225,0.1673,0.2054,-0.0593,18.78,long_term_debt_incl_current,1.46,32.18,net_income,0,No change
MMM,3M CO,Industrials,2021-07-31,2020-12-31,7,9,true,0.4841,0.2225,0.1673,0.2054,-0.0593,18.78,long_term_debt_incl_current,1.46,32.18,net_income,0,No change
MMM,3M CO,Industrials,2021-08-31,2020-12-31,7,9,true,0.4841,0.2225,0.1673,0.2054,-0.0593,18.78,long_term_debt_incl_current,1.46,32.18,net_income,0,No change
MMM,3M CO,Industrials,2021-09-30,2020-12-31,7,9,true,0.4841,0.2225,0.1673,0.2054,-0.0593,18.78,long_term_debt_incl_current,1.46,32.18,net_income,0,No change
MMM,3M CO,Industrials,2021-10-31,2020-12-31,7,9,true,0.4841,0.2225,0.1673,0.2054,-0.0593,18.78,long_term_debt_incl_current,1.46,32.18,net_income,0,No change
MMM,3M CO,Industrials,2021-11-30,2020-12-31,7,9,true,0.4841,0.2225,0.1673,0.2054,-0.0593,18.78,long_term_debt_incl_current,1.46,32.18,net_income,0,No change
MMM,3M CO,Industrials,2021-12-31,2020-12-31,7,9,true,0.4841,0.2225,0.1673,0.2054,-0.0593,18.78,long_term_debt_incl_current,1.46,32.18,net_income,0,No change
MMM,3M CO,Industrials,2022-01-31,2020-12-31,7,9,true,0.4841,0.2225,0.1673,0.2054,-0.0593,18.78,long_term_debt_incl_current,1.46,32.18,net_income,0,No change
MMM,3M CO,Industrials,2022-02-28,2021-12-31,6,9,true,0.4684,0.2084,0.1675,0.1655,-0.0325,17.35,long_term_debt_incl_current,1.15,35.35,net_income,-1,New annual report
MMM,3M CO,Industrials,2022-03-31,2021-12-31,6,9,true,0.4684,0.2084,0.1675,0.1655,-0.0325,17.35,long_term_debt_incl_current,1.15,35.35,net_income,0,No change
MMM,3M CO,Industrials,2022-04-30,2021-12-31,6,9,true,0.4684,0.2084,0.1675,0.1655,-0.0325,17.35,long_term_debt_incl_current,1.15,35.35,net_income,0,No change
MMM,3M CO,Industrials,2022-05-31,2021-12-31,6,9,true,0.4684,0.2084,0.1675,0.1655,-0.0325,17.35,long_term_debt_incl_current,1.15,35.35,net_income,0,No change
MMM,3M CO,Industrials,2022-06-30,2021-12-31,6,9,true,0.4684,0.2084,0.1675,0.1655,-0.0325,17.35,long_term_debt_incl_current,1.15,35.35,net_income,0,No change
MMM,3M CO,Industrials,2022-07-31,2021-12-31,6,9,true,0.4684,0.2084,0.1675,0.1655,-0.0325,17.35,long_term_debt_incl_current,1.15,35.35,net_income,0,No change
MMM,3M CO,Industrials,2022-08-31,2021-12-31,6,9,true,0.4684,0.2084,0.1675,0.1655,-0.0325,17.35,long_term_debt_incl_current,1.15,35.35,net_income,0,No change
MMM,3M CO,Industrials,2022-09-30,2021-12-31,6,9,true,0.4684,0.2084,0.1675,0.1655,-0.0325,17.35,long_term_debt_incl_current,1.15,35.35,net_income,0,No change
MMM,3M CO,Industrials,2022-10-31,2021-12-31,6,9,true,0.4684,0.2084,0.1675,0.1655,-0.0325,17.35,long_term_debt_incl_current,1.15,35.35,net_income,0,No change
MMM,3M CO,Industrials,2022-11-30,2021-12-31,6,9,true,0.4684,0.2084,0.1675,0.1655,-0.0325,17.35,long_term_debt_incl_current,1.15,35.35,net_income,0,No change
MMM,3M CO,Industrials,2022-12-31,2021-12-31,6,9,true,0.4684,0.2084,0.1675,0.1655,-0.0325,17.35,long_term_debt_incl_current,1.15,35.35,net_income,0,No change
MMM,3M CO,Industrials,2023-01-31,2021-12-31,6,9,true,0.4684,0.2084,0.1675,0.1655,-0.0325,17.35,long_term_debt_incl_current,1.15,35.35,net_income,0,No change
MMM,3M CO,Industrials,2023-02-28,2022-12-31,4,9,true,0.4381,0.191,0.1688,0.1122,0.004,15.94,long_term_debt_incl_current,1.08,34.23,net_income,-2,New annual report
MMM,3M CO,Industrials,2023-03-31,2022-12-31,4,9,true,0.4381,0.191,0.1688,0.1122,0.004,15.94,long_term_debt_incl_current,1.08,34.23,net_income,0,No change
MMM,3M CO,Industrials,2023-04-30,2022-12-31,4,9,true,0.4381,0.191,0.1688,0.1122,0.004,15.94,long_term_debt_incl_current,1.08,34.23,net_income,0,No change
MMM,3M CO,Industrials,2023-05-31,2022-12-31,4,9,true,0.4381,0.191,0.1688,0.1122,0.004,15.94,long_term_debt_incl_current,1.08,34.23,net_income,0,No change
MMM,3M CO,Industrials,2023-06-30,2022-12-31,4,9,true,0.4381,0.191,0.1688,0.1122,0.004,15.94,long_term_debt_incl_current,1.08,34.23,net_income,0,No change
MMM,3M CO,Industrials,2023-07-31,2022-12-31,4,9,true,0.4381,0.191,0.1688,0.1122,0.004,15.94,long_term_debt_incl_current,1.08,34.23,net_income,0,No change
MMM,3M CO,Industrials,2023-08-31,2022-12-31,4,9,true,0.4381,0.191,0.1688,0.1122,0.004,15.94,long_term_debt_incl_current,1.08,34.23,net_income,0,No change
MMM,3M CO,Industrials,2023-09-30,2022-12-31,4,9,true,0.4381,0.191,0.1688,0.1122,0.004,15.94,long_term_debt_incl_current,1.08,34.23,net_income,0,No change
MMM,3M CO,Industrials,2023-10-31,2022-12-31,4,9,true,0.4381,0.191,0.1688,0.1122,0.004,15.94,long_term_debt_incl_current,1.08,34.23,net_income,0,No change
MMM,3M CO,Industrials,2023-11-30,2022-12-31,4,9,true,0.4381,0.191,0.1688,0.1122,0.004,15.94,long_term_debt_incl_current,1.08,34.23,net_income,0,No change
MMM,3M CO,Industrials,2023-12-31,2022-12-31,4,9,true,0.4381,0.191,0.1688,0.1122,0.004,15.94,long_term_debt_incl_current,1.08,34.23,net_income,0,No change
MMM,3M CO,Industrials,2024-01-31,2022-12-31,4,9,true,0.4381,0.191,0.1688,0.1122,0.004,15.94,long_term_debt_incl_current,1.08,34.23,net_income,0,No change
MMM,3M CO,Industrials,2024-02-29,2023-12-31,4,9,true,0.4346,-0.2793,-0.214,0.155,-0.2819,14.24,long_term_debt_incl_current,2.96,32.68,net_income,0,No change
MMM,3M CO,Industrials,2024-03-31,2023-12-31,4,9,true,0.4346,-0.2793,-0.214,0.155,-0.2819,14.24,long_term_debt_incl_current,2.96,32.68,net_income,0,No change
MMM,3M CO,Industrials,2024-04-30,2023-12-31,4,9,true,0.4346,-0.2793,-0.214,0.155,-0.2819,14.24,long_term_debt_incl_current,2.96,32.68,net_income,0,No change
MMM,3M CO,Industrials,2024-05-31,2023-12-31,4,9,true,0.4346,-0.2793,-0.214,0.155,-0.2819,14.24,long_term_debt_incl_current,2.96,32.68,net_income,0,No change
MMM,3M CO,Industrials,2024-06-30,2023-12-31,4,9,true,0.4346,-0.2793,-0.214,0.155,-0.2819,14.24,long_term_debt_incl_current,2.96,32.68,net_income,0,No change
MMM,3M CO,Industrials,2024-07-31,2023-12-31,4,9,true,0.4346,-0.2793,-0.214,0.155,-0.2819,14.24,long_term_debt_incl_current,2.96,32.68,net_income,0,No change
MMM,3M CO,Industrials,2024-08-31,2023-12-31,4,9,true,0.4346,-0.2793,-0.214,0.155,-0.2819,14.24,long_term_debt_incl_current,2.96,32.68,net_income,0,No change
MMM,3M CO,Industrials,2024-09-30,2023-12-31,4,9,true,0.4346,-0.2793,-0.214,0.155,-0.2819,14.24,long_term_debt_incl_current,2.96,32.68,net_income,0,No change
MMM,3M CO,Industrials,2024-10-31,2023-12-31,4,9,true,0.4346,-0.2793,-0.214,0.155,-0.2819,14.24,long_term_debt_incl_current,2.96,32.68,net_income,0,No change
MMM,3M CO,Industrials,2024-11-30,2023-12-31,4,9,true,0.4346,-0.2793,-0.214,0.155,-0.2819,14.24,long_term_debt_incl_current,2.96,32.68,net_income,0,No change
MMM,3M CO,Industrials,2024-12-31,2023-12-31,4,9,true,0.4346,-0.2793,-0.214,0.155,-0.2819,14.24,long_term_debt_incl_current,2.96,32.68,net_income,0,No change
MMM,3M CO,Industrials,2025-01-31,2023-12-31,4,9,true,0.4346,-0.2793,-0.214,0.155,-0.2819,14.24,long_term_debt_incl_current,2.96,32.68,net_income,0,No change
MMM,3M CO,Industrials,2025-02-28,2024-12-31,7,9,true,0.4121,0.1962,0.1698,0.026,0.0521,13.04,long_term_debt_incl_current,3.4,24.58,net_income,3,New annual report
MMM,3M CO,Industrials,2025-03-31,2024-12-31,7,9,true,0.4121,0.1962,0.1698,0.026,0.0521,13.04,long_term_debt_incl_current,3.4,24.58,net_income,0,No change
MMM,3M CO,Industrials,2025-04-30,2024-12-31,7,9,true,0.4121,0.1962,0.1698,0.026,0.0521,13.04,long_term_debt_incl_current,3.4,24.58,net_income,0,No change
MMM,3M CO,Industrials,2025-05-31,2024-12-31,7,9,true,0.4121,0.1962,0.1698,0.026,0.0521,13.04,long_term_debt_incl_current,3.4,24.58,net_income,0,No change
MMM,3M CO,Industrials,2025-06-30,2024-12-31,7,9,true,0.4121,0.1962,0.1698,0.026,0.0521,13.04,long_term_debt_incl_current,3.4,24.58,net_income,0,No change
MMM,3M CO,Industrials,2025-07-31,2024-12-31,7,9,true,0.4121,0.1962,0.1698,0.026,0.0521,13.04,long_term_debt_incl_current,3.4,24.58,net_income,0,No change
MMM,3M CO,Industrials,2025-08-31,2024-12-31,7,9,true,0.4121,0.1962,0.1698,0.026,0.0521,13.04,long_term_debt_incl_current,3.4,24.58,net_income,0,No change
MMM,3M CO,Industrials,2025-09-30,2024-12-31,7,9,true,0.4121,0.1962,0.1698,0.026,0.0521,13.04,long_term_debt_incl_current,3.4,24.58,net_income,0,No change
MMM,3M CO,Industrials,2025-10-31,2024-12-31,7,9,true,0.4121,0.1962,0.1698,0.026,0.0521,13.04,long_term_debt_incl_current,3.4,24.58,net_income,0,No change
MMM,3M CO,Industrials,2025-11-30,2024-12-31,7,9,true,0.4121,0.1962,0.1698,0.026,0.0521,13.04,long_term_debt_incl_current,3.4,24.58,net_income,0,No change
MMM,3M CO,Industrials,2025-12-31,2024-12-31,7,9,true,0.4121,0.1962,0.1698,0.026,0.0521,13.04,long_term_debt_incl_current,3.4,24.58,net_income,0,No change
MMM,3M CO,Industrials,2026-01-31,2024-12-31,7,9,true,0.4121,0.1962,0.1698,0.026,0.0521,13.04,long_term_debt_incl_current,3.4,24.58,net_income,0,No change
MMM,3M CO,Industrials,2026-02-28,2025-12-31,5,9,true,0.3991,0.1855,0.1303,0.056,0.0243,12.6,long_term_debt_incl_current,2.68,24.95,net_income,-2,New annual report
MMM,3M CO,Industrials,2026-03-31,2025-12-31,5,9,true,0.3991,0.1855,0.1303,0.056,0.0243,12.6,long_term_debt_incl_current,2.68,24.95,net_income,0,No change
MMM,3M CO,Industrials,2026-04-30,2025-12-31,5,9,true,0.3991,0.1855,0.1303,0.056,0.0243,12.6,long_term_debt_incl_current,2.68,24.95,net_income,0,No change
MMM,3M CO,Industrials,2026-05-31,2025-12-31,5,9,true,0.3991,0.1855,0.1303,0.056,0.0243,12.6,long_term_debt_incl_current,2.68,24.95,net_income,0,No change
MMM,3M CO,Industrials,2026-06-30,2025-12-31,5,9,true,0.3991,0.1855,0.1303,0.056,0.0243,12.6,long_term_debt_incl_current,2.68,24.95,net_income,0,No change
MMM,3M CO,Industrials,2026-07-31,2025-12-31,5,9,true,0.3991,0.1855,0.1303,0.056,0.0243,12.6,long_term_debt_incl_current,2.68,24.95,net_income,0,No change
MMM,3M CO,Industrials,2026-08-31,2025-12-31,5,9,true,0.3991,0.1855,0.1303,0.056,0.0243,12.6,long_term_debt_incl_current,2.68,24.95,net_income,0,No change
MMM,3M CO,Industrials,2026-09-30,2025-12-31,5,9,true,0.3991,0.1855,0.1303,0.056,0.0243,12.6,long_term_debt_incl_current,2.68,24.95,net_income,0,No change
MSFT,MICROSOFT CORPORATION,Information Technology,2010-07-31,2010-06-30,6,6,false,0.8016,0.3857,0.3002,0.3536,-0.0648,6.0,long_term_debt_incl_current,0.13,62.48,net_income,,No change
MSFT,MICROSOFT CORPORATION,Information Technology,2010-08-31,2010-06-30,6,6,false,0.8016,0.3857,0.3002,0.3536,-0.0648,6.0,long_term_debt_incl_current,0.13,62.48,net_income,0,No change
MSFT,MICROSOFT CORPORATION,Information Technology,2010-09-30,2010-06-30,6,6,false,0.8016,0.3857,0.3002,0.3536,-0.0648,6.0,long_term_debt_incl_current,0.13,62.48,net_income,0,No change
MSFT,MICROSOFT CORPORATION,Information Technology,2010-10-31,2010-06-30,6,6,false,0.8016,0.3857,0.3002,0.3536,-0.0648,6.0,long_term_debt_incl_current,0.13,62.48,net_income,0,No change
MSFT,MICROSOFT CORPORATION,Information Technology,2010-11-30,2010-06-30,6,6,false,0.8016,0.3857,0.3002,0.3536,-0.0648,6.0,long_term_debt_incl_current,0.13,62.48,net_income,0,No change
MSFT,MICROSOFT CORPORATION,Information Technology,2010-12-31,2010-06-30,6,6,false,0.8016,0.3857,0.3002,0.3536,-0.0648,6.0,long_term_debt_incl_current,0.13,62.48,net_income,0,No change
MSFT,MICROSOFT CORPORATION,Information Technology,2011-01-31,2010-06-30,6,6,false,0.8016,0.3857,0.3002,0.3536,-0.0648,6.0,long_term_debt_incl_current,0.13,62.48,net_income,0,No change
MSFT,MICROSOFT CORPORATION,Information Technology,2011-02-28,2010-06-30,6,6,false,0.8016,0.3857,0.3002,0.3536,-0.0648,6.0,long_term_debt_incl_current,0.13,62.48,net_income,0,No change
MSFT,MICROSOFT CORPORATION,Information Technology,2011-03-31,2010-06-30,6,6,false,0.8016,0.3857,0.3002,0.3536,-0.0648,6.0,long_term_debt_incl_current,0.13,62.48,net_income,0,No change
MSFT,MICROSOFT CORPORATION,Information Technology,2011-04-30,2010-06-30,6,6,false,0.8016,0.3857,0.3002,0.3536,-0.0648,6.0,long_term_debt_incl_current,0.13,62.48,net_income,0,No change
MSFT,MICROSOFT CORPORATION,Information Technology,2011-05-31,2010-06-30,6,6,false,0.8016,0.3857,0.3002,0.3536,-0.0648,6.0,long_term_debt_incl_current,0.13,62.48,net_income,0,No change
MSFT,MICROSOFT CORPORATION,Information Technology,2011-06-30,2010-06-30,6,6,false,0.8016,0.3857,0.3002,0.3536,-0.0648,6.0,long_term_debt_incl_current,0.13,62.48,net_income,0,No change
MSFT,MICROSOFT CORPORATION,Information Technology,2011-07-31,2011-06-30,7,9,true,0.7773,0.3883,0.331,0.3523,-0.0395,11.9,long_term_debt_incl_current,0.21,69.94,net_income,1,New annual report
MSFT,MICROSOFT CORPORATION,Information Technology,2011-08-31,2011-06-30,7,9,true,0.7773,0.3883,0.331,0.3523,-0.0395,11.9,long_term_debt_incl_current,0.21,69.94,net_income,0,No change
MSFT,MICROSOFT CORPORATION,Information Technology,2011-09-30,2011-06-30,7,9,true,0.7773,0.3883,0.331,0.3523,-0.0395,11.9,long_term_debt_incl_current,0.21,69.94,net_income,0,No change
MSFT,MICROSOFT CORPORATION,Information Technology,2011-10-31,2011-06-30,7,9,true,0.7773,0.3883,0.331,0.3523,-0.0395,11.9,long_term_debt_incl_current,0.21,69.94,net_income,0,No change
MSFT,MICROSOFT CORPORATION,Information Technology,2011-11-30,2011-06-30,7,9,true,0.7773,0.3883,0.331,0.3523,-0.0395,11.9,long_term_debt_incl_current,0.21,69.94,net_income,0,No change
MSFT,MICROSOFT CORPORATION,Information Technology,2011-12-31,2011-06-30,7,9,true,0.7773,0.3883,0.331,0.3523,-0.0395,11.9,long_term_debt_incl_current,0.21,69.94,net_income,0,No change
MSFT,MICROSOFT CORPORATION,Information Technology,2012-01-31,2011-06-30,7,9,true,0.7773,0.3883,0.331,0.3523,-0.0395,11.9,long_term_debt_incl_current,0.21,69.94,net_income,0,No change
MSFT,MICROSOFT CORPORATION,Information Technology,2012-02-29,2011-06-30,7,9,true,0.7773,0.3883,0.331,0.3523,-0.0395,11.9,long_term_debt_incl_current,0.21,69.94,net_income,0,No change
MSFT,MICROSOFT CORPORATION,Information Technology,2012-03-31,2011-06-30,7,9,true,0.7773,0.3883,0.331,0.3523,-0.0395,11.9,long_term_debt_incl_current,0.21,69.94,net_income,0,No change
MSFT,MICROSOFT CORPORATION,Information Technology,2012-04-30,2011-06-30,7,9,true,0.7773,0.3883,0.331,0.3523,-0.0395,11.9,long_term_debt_incl_current,0.21,69.94,net_income,0,No change
MSFT,MICROSOFT CORPORATION,Information Technology,2012-05-31,2011-06-30,7,9,true,0.7773,0.3883,0.331,0.3523,-0.0395,11.9,long_term_debt_incl_current,0.21,69.94,net_income,0,No change
MSFT,MICROSOFT CORPORATION,Information Technology,2012-06-30,2011-06-30,7,9,true,0.7773,0.3883,0.331,0.3523,-0.0395,11.9,long_term_debt_incl_current,0.21,69.94,net_income,0,No change
MSFT,MICROSOFT CORPORATION,Information Technology,2012-07-31,2012-06-30,5,9,true,0.7622,0.2952,0.2303,0.3977,-0.1274,11.9,long_term_debt_incl_current,0.18,73.72,net_income,-2,New annual report
MSFT,MICROSOFT CORPORATION,Information Technology,2012-08-31,2012-06-30,5,9,true,0.7622,0.2952,0.2303,0.3977,-0.1274,11.9,long_term_debt_incl_current,0.18,73.72,net_income,0,No change
MSFT,MICROSOFT CORPORATION,Information Technology,2012-09-30,2012-06-30,5,9,true,0.7622,0.2952,0.2303,0.3977,-0.1274,11.9,long_term_debt_incl_current,0.18,73.72,net_income,0,No change
MSFT,MICROSOFT CORPORATION,Information Technology,2012-10-31,2012-06-30,5,9,true,0.7622,0.2952,0.2303,0.3977,-0.1274,11.9,long_term_debt_incl_current,0.18,73.72,net_income,0,No change
MSFT,MICROSOFT CORPORATION,Information Technology,2012-11-30,2012-06-30,5,9,true,0.7622,0.2952,0.2303,0.3977,-0.1274,11.9,long_term_debt_incl_current,0.18,73.72,net_income,0,No change
MSFT,MICROSOFT CORPORATION,Information Technology,2012-12-31,2012-06-30,5,9,true,0.7622,0.2952,0.2303,0.3977,-0.1274,11.9,long_term_debt_incl_current,0.18,73.72,net_income,0,No change
MSFT,MICROSOFT CORPORATION,Information Technology,2013-01-31,2012-06-30,5,9,true,0.7622,0.2952,0.2303,0.3977,-0.1274,11.9,long_term_debt_incl_current,0.18,73.72,net_income,0,No change
MSFT,MICROSOFT CORPORATION,Information Technology,2013-02-28,2012-06-30,5,9,true,0.7622,0.2952,0.2303,0.3977,-0.1274,11.9,long_term_debt_incl_current,0.18,73.72,net_income,0,No change
MSFT,MICROSOFT CORPORATION,Information Technology,2013-03-31,2012-06-30,5,9,true,0.7622,0.2952,0.2303,0.3977,-0.1274,11.9,long_term_debt_incl_current,0.18,73.72,net_income,0,No change
MSFT,MICROSOFT CORPORATION,Information Technology,2013-04-30,2012-06-30,5,9,true,0.7622,0.2952,0.2303,0.3977,-0.1274,11.9,long_term_debt_incl_current,0.18,73.72,net_income,0,No change
MSFT,MICROSOFT CORPORATION,Information Technology,2013-05-31,2012-06-30,5,9,true,0.7622,0.2952,0.2303,0.3977,-0.1274,11.9,long_term_debt_incl_current,0.18,73.72,net_income,0,No change
MSFT,MICROSOFT CORPORATION,Information Technology,2013-06-30,2012-06-30,5,9,true,0.7622,0.2952,0.2303,0.3977,-0.1274,11.9,long_term_debt_incl_current,0.18,73.72,net_income,0,No change
MSFT,MICROSOFT CORPORATION,Information Technology,2013-07-31,2013-06-30,6,9,true,0.7399,0.3438,0.2808,0.3157,-0.0529,15.6,long_term_debt_incl_current,0.2,77.85,net_income,1,New annual report
MSFT,MICROSOFT CORPORATION,Information Technology,2013-08-31,2013-06-30,6,9,true,0.7399,0.3438,0.2808,0.3157,-0.0529,15.6,long_term_debt_incl_current,0.2,77.85,net_income,0,No change
MSFT,MICROSOFT CORPORATION,Information Technology,2013-09-30,2013-06-30,6,9,true,0.7399,0.3438,0.2808,0.3157,-0.0529,15.6,long_term_debt_incl_current,0.2,77.85,net_income,0,No change
MSFT,MICROSOFT CORPORATION,Information Technology,2013-10-31,2013-06-30,6,9,true,0.7399,0.3438,0.2808,0.3157,-0.0529,15.6,long_term_debt_incl_current,0.2,77.85,net_income,0,No change
MSFT,MICROSOFT CORPORATION,Information Technology,2013-11-30,2013-06-30,6,9,true,0.7399,0.3438,0.2808,0.3157,-0.0529,15.6,long_term_debt_incl_current,0.2,77.85,net_income,0,No change
MSFT,MICROSOFT CORPORATION,Information Technology,2013-12-31,2013-06-30,6,9,true,0.7399,0.3438,0.2808,0.3157,-0.0529,15.6,long_term_debt_incl_current,0.2,77.85,net_income,0,No change
MSFT,MICROSOFT CORPORATION,Information Technology,2014-01-31,2013-06-30,6,9,true,0.7399,0.3438,0.2808,0.3157,-0.0529,15.6,long_term_debt_incl_current,0.2,77.85,net_income,0,No change
MSFT,MICROSOFT CORPORATION,Information Technology,2014-02-28,2013-06-30,6,9,true,0.7399,0.3438,0.2808,0.3157,-0.0529,15.6,long_term_debt_incl_current,0.2,77.85,net_income,0,No change
MSFT,MICROSOFT CORPORATION,Information Technology,2014-03-31,2013-06-30,6,9,true,0.7399,0.3438,0.2808,0.3157,-0.0529,15.6,long_term_debt_incl_current,0.2,77.85,net_income,0,No change
MSFT,MICROSOFT CORPORATION,Information Technology,2014-04-30,2013-06-30,6,9,true,0.7399,0.3438,0.2808,0.3157,-0.0529,15.6,long_term_debt_incl_current,0.2,77.85,net_income,0,No change
MSFT,MICROSOFT CORPORATION,Information Technology,2014-05-31,2013-06-30,6,9,true,0.7399,0.3438,0.2808,0.3157,-0.0529,15.6,long_term_debt_incl_current,0.2,77.85,net_income,0,No change
MSFT,MICROSOFT CORPORATION,Information Technology,2014-06-30,2013-06-30,6,9,true,0.7399,0.3438,0.2808,0.3157,-0.0529,15.6,long_term_debt_incl_current,0.2,77.85,net_income,0,No change
MSFT,MICROSOFT CORPORATION,Information Technology,2014-07-31,2013-06-30,6,9,true,0.7399,0.3438,0.2808,0.3157,-0.0529,15.6,long_term_debt_incl_current,0.2,77.85,net_income,0,No change
MSFT,MICROSOFT CORPORATION,Information Technology,2014-08-31,2014-06-30,2,7,false,0.6898,0.3197,0.2542,,,22.6,long_term_debt_incl_current,0.25,86.83,net_income,-4,New annual report
MSFT,MICROSOFT CORPORATION,Information Technology,2014-09-30,2014-06-30,2,7,false,0.6898,0.3197,0.2542,,,22.6,long_term_debt_incl_current,0.25,86.83,net_income,0,No change
MSFT,MICROSOFT CORPORATION,Information Technology,2014-10-31,2014-06-30,2,7,false,0.6898,0.3197,0.2542,,,22.6,long_term_debt_incl_current,0.25,86.83,net_income,0,No change
MSFT,MICROSOFT CORPORATION,Information Technology,2014-11-30,2014-06-30,2,7,false,0.6898,0.3197,0.2542,,,22.6,long_term_debt_incl_current,0.25,86.83,net_income,0,No change
MSFT,MICROSOFT CORPORATION,Information Technology,2014-12-31,2014-06-30,2,7,false,0.6898,0.3197,0.2542,,,22.6,long_term_debt_incl_current,0.25,86.83,net_income,0,No change
MSFT,MICROSOFT CORPORATION,Information Technology,2015-01-31,2014-06-30,2,7,false,0.6898,0.3197,0.2542,,,22.6,long_term_debt_incl_current,0.25,86.83,net_income,0,No change
MSFT,MICROSOFT CORPORATION,Information Technology,2015-02-28,2014-06-30,2,7,false,0.6898,0.3197,0.2542,,,22.6,long_term_debt_incl_current,0.25,86.83,net_income,0,No change
MSFT,MICROSOFT CORPORATION,Information Technology,2015-03-31,2014-06-30,2,7,false,0.6898,0.3197,0.2542,,,22.6,long_term_debt_incl_current,0.25,86.83,net_income,0,No change
MSFT,MICROSOFT CORPORATION,Information Technology,2015-04-30,2014-06-30,2,7,false,0.6898,0.3197,0.2542,,,22.6,long_term_debt_incl_current,0.25,86.83,net_income,0,No change
MSFT,MICROSOFT CORPORATION,Information Technology,2015-05-31,2014-06-30,2,7,false,0.6898,0.3197,0.2542,,,22.6,long_term_debt_incl_current,0.25,86.83,net_income,0,No change
MSFT,MICROSOFT CORPORATION,Information Technology,2015-06-30,2014-06-30,2,7,false,0.6898,0.3197,0.2542,,,22.6,long_term_debt_incl_current,0.25,86.83,net_income,0,No change
MSFT,MICROSOFT CORPORATION,Information Technology,2015-07-31,2014-06-30,2,7,false,0.6898,0.3197,0.2542,,,22.6,long_term_debt_incl_current,0.25,86.83,net_income,0,No change
MSFT,MICROSOFT CORPORATION,Information Technology,2015-08-31,2015-06-30,2,7,false,0.647,0.1941,0.1303,,,35.28,long_term_debt_incl_current,0.44,93.58,net_income,0,No change
MSFT,MICROSOFT CORPORATION,Information Technology,2015-09-30,2015-06-30,2,7,false,0.647,0.1941,0.1303,,,35.28,long_term_debt_incl_current,0.44,93.58,net_income,0,No change
MSFT,MICROSOFT CORPORATION,Information Technology,2015-10-31,2015-06-30,2,7,false,0.647,0.1941,0.1303,,,35.28,long_term_debt_incl_current,0.44,93.58,net_income,0,No change
MSFT,MICROSOFT CORPORATION,Information Technology,2015-11-30,2015-06-30,2,7,false,0.647,0.1941,0.1303,,,35.28,long_term_debt_incl_current,0.44,93.58,net_income,0,No change
MSFT,MICROSOFT CORPORATION,Information Technology,2015-12-31,2015-06-30,2,7,false,0.647,0.1941,0.1303,,,35.28,long_term_debt_incl_current,0.44,93.58,net_income,0,No change
MSFT,MICROSOFT CORPORATION,Information Technology,2016-01-31,2015-06-30,2,7,false,0.647,0.1941,0.1303,,,35.28,long_term_debt_incl_current,0.44,93.58,net_income,0,No change
MSFT,MICROSOFT CORPORATION,Information Technology,2016-02-29,2015-06-30,2,7,false,0.647,0.1941,0.1303,,,35.28,long_term_debt_incl_current,0.44,93.58,net_income,0,No change
MSFT,MICROSOFT CORPORATION,Information Technology,2016-03-31,2015-06-30,2,7,false,0.647,0.1941,0.1303,,,35.28,long_term_debt_incl_current,0.44,93.58,net_income,0,No change
MSFT,MICROSOFT CORPORATION,Information Technology,2016-04-30,2015-06-30,2,7,false,0.647,0.1941,0.1303,,,35.28,long_term_debt_incl_current,0.44,93.58,net_income,0,No change
MSFT,MICROSOFT CORPORATION,Information Technology,2016-05-31,2015-06-30,2,7,false,0.647,0.1941,0.1303,,,35.28,long_term_debt_incl_current,0.44,93.58,net_income,0,No change
MSFT,MICROSOFT CORPORATION,Information Technology,2016-06-30,2015-06-30,2,7,false,0.647,0.1941,0.1303,,,35.28,long_term_debt_incl_current,0.44,93.58,net_income,0,No change
MSFT,MICROSOFT CORPORATION,Information Technology,2016-07-31,2016-06-30,3,7,false,0.6158,0.2365,0.1969,,,53.7,long_term_debt_incl_current,0.75,85.32,net_income,1,New annual report
MSFT,MICROSOFT CORPORATION,Information Technology,2016-08-31,2016-06-30,3,7,false,0.6158,0.2365,0.1969,,,53.7,long_term_debt_incl_current,0.75,85.32,net_income,0,No change
MSFT,MICROSOFT CORPORATION,Information Technology,2016-09-30,2016-06-30,3,7,false,0.6158,0.2365,0.1969,,,53.7,long_term_debt_incl_current,0.75,85.32,net_income,0,No change
MSFT,MICROSOFT CORPORATION,Information Technology,2016-10-31,2016-06-30,3,7,false,0.6158,0.2365,0.1969,,,53.5,long_term_debt_incl_current,0.74,85.32,net_income,0,No change
MSFT,MICROSOFT CORPORATION,Information Technology,2016-11-30,2016-06-30,3,7,false,0.6158,0.2365,0.1969,,,53.5,long_term_debt_incl_current,0.74,85.32,net_income,0,No change
MSFT,MICROSOFT CORPORATION,Information Technology,2016-12-31,2016-06-30,3,7,false,0.6158,0.2365,0.1969,,,53.5,long_term_debt_incl_current,0.74,85.32,net_income,0,No change
MSFT,MICROSOFT CORPORATION,Information Technology,2017-01-31,2016-06-30,3,7,false,0.6158,0.2365,0.1969,,,53.5,long_term_debt_incl_current,0.74,85.32,net_income,0,No change
MSFT,MICROSOFT CORPORATION,Information Technology,2017-02-28,2016-06-30,3,7,false,0.6158,0.2365,0.1969,,,53.5,long_term_debt_incl_current,0.74,85.32,net_income,0,No change
MSFT,MICROSOFT CORPORATION,Information Technology,2017-03-31,2016-06-30,3,7,false,0.6158,0.2365,0.1969,,,53.5,long_term_debt_incl_current,0.74,85.32,net_income,0,No change
MSFT,MICROSOFT CORPORATION,Information Technology,2017-04-30,2016-06-30,3,7,false,0.6158,0.2365,0.1969,,,53.5,long_term_debt_incl_current,0.74,85.32,net_income,0,No change
MSFT,MICROSOFT CORPORATION,Information Technology,2017-05-31,2016-06-30,3,7,false,0.6158,0.2365,0.1969,,,53.5,long_term_debt_incl_current,0.74,85.32,net_income,0,No change
MSFT,MICROSOFT CORPORATION,Information Technology,2017-06-30,2016-06-30,3,7,false,0.6158,0.2365,0.1969,,,53.5,long_term_debt_incl_current,0.74,85.32,net_income,0,No change
MSFT,MICROSOFT CORPORATION,Information Technology,2017-07-31,2016-06-30,3,7,false,0.6158,0.2365,0.1969,,,53.5,long_term_debt_incl_current,0.74,85.32,net_income,0,No change
MSFT,MICROSOFT CORPORATION,Information Technology,2017-08-31,2017-06-30,5,7,false,0.6191,0.2482,0.2357,,,86.17,long_term_debt_incl_current,1.19,89.95,net_income,2,New annual report
MSFT,MICROSOFT CORPORATION,Information Technology,2017-09-30,2017-06-30,5,7,false,0.6191,0.2482,0.2357,,,86.17,long_term_debt_incl_current,1.19,89.95,net_income,0,No change
MSFT,MICROSOFT CORPORATION,Information Technology,2017-10-31,2017-06-30,5,7,false,0.6191,0.2482,0.2357,,,86.17,long_term_debt_incl_current,0.98,89.95,net_income,0,No change
MSFT,MICROSOFT CORPORATION,Information Technology,2017-11-30,2017-06-30,5,7,false,0.6191,0.2482,0.2357,,,86.17,long_term_debt_incl_current,0.98,89.95,net_income,0,No change
MSFT,MICROSOFT CORPORATION,Information Technology,2017-12-31,2017-06-30,5,7,false,0.6191,0.2482,0.2357,,,86.17,long_term_debt_incl_current,0.98,89.95,net_income,0,No change
MSFT,MICROSOFT CORPORATION,Information Technology,2018-01-31,2017-06-30,5,7,false,0.6191,0.2482,0.2357,,,86.17,long_term_debt_incl_current,0.98,89.95,net_income,0,No change
MSFT,MICROSOFT CORPORATION,Information Technology,2018-02-28,2017-06-30,5,7,false,0.6191,0.2482,0.2357,,,86.17,long_term_debt_incl_current,0.98,89.95,net_income,0,No change
MSFT,MICROSOFT CORPORATION,Information Technology,2018-03-31,2017-06-30,5,7,false,0.6191,0.2482,0.2357,,,86.17,long_term_debt_incl_current,0.98,89.95,net_income,0,No change
MSFT,MICROSOFT CORPORATION,Information Technology,2018-04-30,2017-06-30,5,7,false,0.6191,0.2482,0.2357,,,86.17,long_term_debt_incl_current,0.98,89.95,net_income,0,No change
MSFT,MICROSOFT CORPORATION,Information Technology,2018-05-31,2017-06-30,5,7,false,0.6191,0.2482,0.2357,,,86.17,long_term_debt_incl_current,0.98,89.95,net_income,0,No change
MSFT,MICROSOFT CORPORATION,Information Technology,2018-06-30,2017-06-30,5,7,false,0.6191,0.2482,0.2357,,,86.17,long_term_debt_incl_current,0.98,89.95,net_income,0,No change
MSFT,MICROSOFT CORPORATION,Information Technology,2018-07-31,2017-06-30,5,7,false,0.6191,0.2482,0.2357,,,86.17,long_term_debt_incl_current,0.98,89.95,net_income,0,No change
MSFT,MICROSOFT CORPORATION,Information Technology,2018-08-31,2018-06-30,6,9,true,0.6525,0.3177,0.1502,0.2922,-0.1073,76.2,long_term_debt_incl_current,0.92,110.36,net_income,1,New annual report
MSFT,MICROSOFT CORPORATION,Information Technology,2018-09-30,2018-06-30,6,9,true,0.6525,0.3177,0.1502,0.2922,-0.1073,76.2,long_term_debt_incl_current,0.92,110.36,net_income,0,No change
MSFT,MICROSOFT CORPORATION,Information Technology,2018-10-31,2018-06-30,6,9,true,0.6525,0.3177,0.1502,0.2922,-0.1073,76.2,long_term_debt_incl_current,0.92,110.36,net_income,0,No change
MSFT,MICROSOFT CORPORATION,Information Technology,2018-11-30,2018-06-30,6,9,true,0.6525,0.3177,0.1502,0.2922,-0.1073,76.2,long_term_debt_incl_current,0.92,110.36,net_income,0,No change
MSFT,MICROSOFT CORPORATION,Information Technology,2018-12-31,2018-06-30,6,9,true,0.6525,0.3177,0.1502,0.2922,-0.1073,76.2,long_term_debt_incl_current,0.92,110.36,net_income,0,No change
MSFT,MICROSOFT CORPORATION,Information Technology,2019-01-31,2018-06-30,6,9,true,0.6525,0.3177,0.1502,0.2922,-0.1073,76.2,long_term_debt_incl_current,0.92,110.36,net_income,0,No change
MSFT,MICROSOFT CORPORATION,Information Technology,2019-02-28,2018-06-30,6,9,true,0.6525,0.3177,0.1502,0.2922,-0.1073,76.2,long_term_debt_incl_current,0.92,110.36,net_income,0,No change
MSFT,MICROSOFT CORPORATION,Information Technology,2019-03-31,2018-06-30,6,9,true,0.6525,0.3177,0.1502,0.2922,-0.1073,76.2,long_term_debt_incl_current,0.92,110.36,net_income,0,No change
MSFT,MICROSOFT CORPORATION,Information Technology,2019-04-30,2018-06-30,6,9,true,0.6525,0.3177,0.1502,0.2922,-0.1073,76.2,long_term_debt_incl_current,0.92,110.36,net_income,0,No change
MSFT,MICROSOFT CORPORATION,Information Technology,2019-05-31,2018-06-30,6,9,true,0.6525,0.3177,0.1502,0.2922,-0.1073,76.2,long_term_debt_incl_current,0.92,110.36,net_income,0,No change
MSFT,MICROSOFT CORPORATION,Information Technology,2019-06-30,2018-06-30,6,9,true,0.6525,0.3177,0.1502,0.2922,-0.1073,76.2,long_term_debt_incl_current,0.92,110.36,net_income,0,No change
MSFT,MICROSOFT CORPORATION,Information Technology,2019-07-31,2018-06-30,6,9,true,0.6525,0.3177,0.1502,0.2922,-0.1073,76.2,long_term_debt_incl_current,0.92,110.36,net_income,0,No change
MSFT,MICROSOFT CORPORATION,Information Technology,2019-08-31,2019-06-30,8,9,true,0.659,0.3414,0.3118,0.304,-0.0475,72.2,long_term_debt_incl_current,0.71,125.84,net_income,2,New annual report
MSFT,MICROSOFT CORPORATION,Information Technology,2019-09-30,2019-06-30,8,9,true,0.659,0.3414,0.3118,0.304,-0.0475,72.2,long_term_debt_incl_current,0.71,125.84,net_income,0,No change
MSFT,MICROSOFT CORPORATION,Information Technology,2019-10-31,2019-06-30,8,9,true,0.659,0.3414,0.3118,0.304,-0.0475,72.18,long_term_debt_incl_current,0.71,125.84,net_income,0,No change
MSFT,MICROSOFT CORPORATION,Information Technology,2019-11-30,2019-06-30,8,9,true,0.659,0.3414,0.3118,0.304,-0.0475,72.18,long_term_debt_incl_current,0.71,125.84,net_income,0,No change
MSFT,MICROSOFT CORPORATION,Information Technology,2019-12-31,2019-06-30,8,9,true,0.659,0.3414,0.3118,0.304,-0.0475,72.18,long_term_debt_incl_current,0.71,125.84,net_income,0,No change
MSFT,MICROSOFT CORPORATION,Information Technology,2020-01-31,2019-06-30,8,9,true,0.659,0.3414,0.3118,0.304,-0.0475,72.18,long_term_debt_incl_current,0.71,125.84,net_income,0,No change
MSFT,MICROSOFT CORPORATION,Information Technology,2020-02-29,2019-06-30,8,9,true,0.659,0.3414,0.3118,0.304,-0.0475,72.18,long_term_debt_incl_current,0.71,125.84,net_income,0,No change
MSFT,MICROSOFT CORPORATION,Information Technology,2020-03-31,2019-06-30,8,9,true,0.659,0.3414,0.3118,0.304,-0.0475,72.18,long_term_debt_incl_current,0.71,125.84,net_income,0,No change
MSFT,MICROSOFT CORPORATION,Information Technology,2020-04-30,2019-06-30,8,9,true,0.659,0.3414,0.3118,0.304,-0.0475,72.18,long_term_debt_incl_current,0.71,125.84,net_income,0,No change
MSFT,MICROSOFT CORPORATION,Information Technology,2020-05-31,2019-06-30,8,9,true,0.659,0.3414,0.3118,0.304,-0.0475,72.18,long_term_debt_incl_current,0.71,125.84,net_income,0,No change
MSFT,MICROSOFT CORPORATION,Information Technology,2020-06-30,2019-06-30,8,9,true,0.659,0.3414,0.3118,0.304,-0.0475,72.18,long_term_debt_incl_current,0.71,125.84,net_income,0,No change
MSFT,MICROSOFT CORPORATION,Information Technology,2020-07-31,2020-06-30,8,9,true,0.6778,0.3703,0.3096,0.3163,-0.0558,63.33,long_term_debt_incl_current,0.54,143.01,net_income,0,No change
MSFT,MICROSOFT CORPORATION,Information Technology,2020-08-31,2020-06-30,8,9,true,0.6778,0.3703,0.3096,0.3163,-0.0558,63.33,long_term_debt_incl_current,0.54,143.01,net_income,0,No change
MSFT,MICROSOFT CORPORATION,Information Technology,2020-09-30,2020-06-30,8,9,true,0.6778,0.3703,0.3096,0.3163,-0.0558,63.33,long_term_debt_incl_current,0.54,143.01,net_income,0,No change
MSFT,MICROSOFT CORPORATION,Information Technology,2020-10-31,2020-06-30,8,9,true,0.6778,0.3703,0.3096,0.3163,-0.0558,63.33,long_term_debt_incl_current,0.54,143.01,net_income,0,No change
MSFT,MICROSOFT CORPORATION,Information Technology,2020-11-30,2020-06-30,8,9,true,0.6778,0.3703,0.3096,0.3163,-0.0558,63.33,long_term_debt_incl_current,0.54,143.01,net_income,0,No change
MSFT,MICROSOFT CORPORATION,Information Technology,2020-12-31,2020-06-30,8,9,true,0.6778,0.3703,0.3096,0.3163,-0.0558,63.33,long_term_debt_incl_current,0.54,143.01,net_income,0,No change
MSFT,MICROSOFT CORPORATION,Information Technology,2021-01-31,2020-06-30,8,9,true,0.6778,0.3703,0.3096,0.3163,-0.0558,63.33,long_term_debt_incl_current,0.54,143.01,net_income,0,No change
MSFT,MICROSOFT CORPORATION,Information Technology,2021-02-28,2020-06-30,8,9,true,0.6778,0.3703,0.3096,0.3163,-0.0558,63.33,long_term_debt_incl_current,0.54,143.01,net_income,0,No change
MSFT,MICROSOFT CORPORATION,Information Technology,2021-03-31,2020-06-30,8,9,true,0.6778,0.3703,0.3096,0.3163,-0.0558,63.33,long_term_debt_incl_current,0.54,143.01,net_income,0,No change
MSFT,MICROSOFT CORPORATION,Information Technology,2021-04-30,2020-06-30,8,9,true,0.6778,0.3703,0.3096,0.3163,-0.0558,63.33,long_term_debt_incl_current,0.54,143.01,net_income,0,No change
MSFT,MICROSOFT CORPORATION,Information Technology,2021-05-31,2020-06-30,8,9,true,0.6778,0.3703,0.3096,0.3163,-0.0558,63.33,long_term_debt_incl_current,0.54,143.01,net_income,0,No change
MSFT,MICROSOFT CORPORATION,Information Technology,2021-06-30,2020-06-30,8,9,true,0.6778,0.3703,0.3096,0.3163,-0.0558,63.33,long_term_debt_incl_current,0.54,143.01,net_income,0,No change
MSFT,MICROSOFT CORPORATION,Information Technology,2021-07-31,2021-06-30,8,9,true,0.6893,0.4159,0.3645,0.3339,-0.0487,58.15,long_term_debt_incl_current,0.41,168.09,net_income,0,No change
MSFT,MICROSOFT CORPORATION,Information Technology,2021-08-31,2021-06-30,8,9,true,0.6893,0.4159,0.3645,0.3339,-0.0487,58.15,long_term_debt_incl_current,0.41,168.09,net_income,0,No change
MSFT,MICROSOFT CORPORATION,Information Technology,2021-09-30,2021-06-30,8,9,true,0.6893,0.4159,0.3645,0.3339,-0.0487,58.15,long_term_debt_incl_current,0.41,168.09,net_income,0,No change
MSFT,MICROSOFT CORPORATION,Information Technology,2021-10-31,2021-06-30,8,9,true,0.6893,0.4159,0.3645,0.3339,-0.0487,58.15,long_term_debt_incl_current,0.41,168.09,net_income,0,No change
MSFT,MICROSOFT CORPORATION,Information Technology,2021-11-30,2021-06-30,8,9,true,0.6893,0.4159,0.3645,0.3339,-0.0487,58.15,long_term_debt_incl_current,0.41,168.09,net_income,0,No change
MSFT,MICROSOFT CORPORATION,Information Technology,2021-12-31,2021-06-30,8,9,true,0.6893,0.4159,0.3645,0.3339,-0.0487,58.15,long_term_debt_incl_current,0.41,168.09,net_income,0,No change
MSFT,MICROSOFT CORPORATION,Information Technology,2022-01-31,2021-06-30,8,9,true,0.6893,0.4159,0.3645,0.3339,-0.0487,58.15,long_term_debt_incl_current,0.41,168.09,net_income,0,No change
MSFT,MICROSOFT CORPORATION,Information Technology,2022-02-28,2021-06-30,8,9,true,0.6893,0.4159,0.3645,0.3339,-0.0487,58.15,long_term_debt_incl_current,0.41,168.09,net_income,0,No change
MSFT,MICROSOFT CORPORATION,Information Technology,2022-03-31,2021-06-30,8,9,true,0.6893,0.4159,0.3645,0.3339,-0.0487,58.15,long_term_debt_incl_current,0.41,168.09,net_income,0,No change
MSFT,MICROSOFT CORPORATION,Information Technology,2022-04-30,2021-06-30,8,9,true,0.6893,0.4159,0.3645,0.3339,-0.0487,58.15,long_term_debt_incl_current,0.41,168.09,net_income,0,No change
MSFT,MICROSOFT CORPORATION,Information Technology,2022-05-31,2021-06-30,8,9,true,0.6893,0.4159,0.3645,0.3339,-0.0487,58.15,long_term_debt_incl_current,0.41,168.09,net_income,0,No change
MSFT,MICROSOFT CORPORATION,Information Technology,2022-06-30,2021-06-30,8,9,true,0.6893,0.4159,0.3645,0.3339,-0.0487,58.15,long_term_debt_incl_current,0.41,168.09,net_income,0,No change
MSFT,MICROSOFT CORPORATION,Information Technology,2022-07-31,2022-06-30,7,9,true,0.684,0.4206,0.3669,0.3286,-0.0467,49.78,long_term_debt_incl_current,0.3,198.27,net_income,-1,New annual report
MSFT,MICROSOFT CORPORATION,Information Technology,2022-08-31,2022-06-30,7,9,true,0.684,0.4206,0.3669,0.3286,-0.0467,49.78,long_term_debt_incl_current,0.3,198.27,net_income,0,No change
MSFT,MICROSOFT CORPORATION,Information Technology,2022-09-30,2022-06-30,7,9,true,0.684,0.4206,0.3669,0.3286,-0.0467,49.78,long_term_debt_incl_current,0.3,198.27,net_income,0,No change
MSFT,MICROSOFT CORPORATION,Information Technology,2022-10-31,2022-06-30,7,9,true,0.684,0.4206,0.3669,0.3286,-0.0467,49.78,long_term_debt_incl_current,0.3,198.27,net_income,0,No change
MSFT,MICROSOFT CORPORATION,Information Technology,2022-11-30,2022-06-30,7,9,true,0.684,0.4206,0.3669,0.3286,-0.0467,49.78,long_term_debt_incl_current,0.3,198.27,net_income,0,No change
MSFT,MICROSOFT CORPORATION,Information Technology,2022-12-31,2022-06-30,7,9,true,0.684,0.4206,0.3669,0.3286,-0.0467,49.78,long_term_debt_incl_current,0.3,198.27,net_income,0,No change
MSFT,MICROSOFT CORPORATION,Information Technology,2023-01-31,2022-06-30,7,9,true,0.684,0.4206,0.3669,0.3286,-0.0467,49.78,long_term_debt_incl_current,0.3,198.27,net_income,0,No change
MSFT,MICROSOFT CORPORATION,Information Technology,2023-02-28,2022-06-30,7,9,true,0.684,0.4206,0.3669,0.3286,-0.0467,49.78,long_term_debt_incl_current,0.3,198.27,net_income,0,No change
MSFT,MICROSOFT CORPORATION,Information Technology,2023-03-31,2022-06-30,7,9,true,0.684,0.4206,0.3669,0.3286,-0.0467,49.78,long_term_debt_incl_current,0.3,198.27,net_income,0,No change
MSFT,MICROSOFT CORPORATION,Information Technology,2023-04-30,2022-06-30,7,9,true,0.684,0.4206,0.3669,0.3286,-0.0467,49.78,long_term_debt_incl_current,0.3,198.27,net_income,0,No change
MSFT,MICROSOFT CORPORATION,Information Technology,2023-05-31,2022-06-30,7,9,true,0.684,0.4206,0.3669,0.3286,-0.0467,49.78,long_term_debt_incl_current,0.3,198.27,net_income,0,No change
MSFT,MICROSOFT CORPORATION,Information Technology,2023-06-30,2022-06-30,7,9,true,0.684,0.4206,0.3669,0.3286,-0.0467,49.78,long_term_debt_incl_current,0.3,198.27,net_income,0,No change
MSFT,MICROSOFT CORPORATION,Information Technology,2023-07-31,2023-06-30,6,9,true,0.6892,0.4177,0.3415,0.2807,-0.0392,47.24,long_term_debt_incl_current,0.23,211.92,net_income,-1,New annual report
MSFT,MICROSOFT CORPORATION,Information Technology,2023-08-31,2023-06-30,6,9,true,0.6892,0.4177,0.3415,0.2807,-0.0392,47.24,long_term_debt_incl_current,0.23,211.92,net_income,0,No change
MSFT,MICROSOFT CORPORATION,Information Technology,2023-09-30,2023-06-30,6,9,true,0.6892,0.4177,0.3415,0.2807,-0.0392,47.24,long_term_debt_incl_current,0.23,211.92,net_income,0,No change
MSFT,MICROSOFT CORPORATION,Information Technology,2023-10-31,2023-06-30,6,9,true,0.6892,0.4177,0.3415,0.2807,-0.0392,47.24,long_term_debt_incl_current,0.23,211.92,net_income,0,No change
MSFT,MICROSOFT CORPORATION,Information Technology,2023-11-30,2023-06-30,6,9,true,0.6892,0.4177,0.3415,0.2807,-0.0392,47.24,long_term_debt_incl_current,0.23,211.92,net_income,0,No change
MSFT,MICROSOFT CORPORATION,Information Technology,2023-12-31,2023-06-30,6,9,true,0.6892,0.4177,0.3415,0.2807,-0.0392,47.24,long_term_debt_incl_current,0.23,211.92,net_income,0,No change
MSFT,MICROSOFT CORPORATION,Information Technology,2024-01-31,2023-06-30,6,9,true,0.6892,0.4177,0.3415,0.2807,-0.0392,47.24,long_term_debt_incl_current,0.23,211.92,net_income,0,No change
MSFT,MICROSOFT CORPORATION,Information Technology,2024-02-29,2023-06-30,6,9,true,0.6892,0.4177,0.3415,0.2807,-0.0392,47.24,long_term_debt_incl_current,0.23,211.92,net_income,0,No change
MSFT,MICROSOFT CORPORATION,Information Technology,2024-03-31,2023-06-30,6,9,true,0.6892,0.4177,0.3415,0.2807,-0.0392,47.24,long_term_debt_incl_current,0.23,211.92,net_income,0,No change
MSFT,MICROSOFT CORPORATION,Information Technology,2024-04-30,2023-06-30,6,9,true,0.6892,0.4177,0.3415,0.2807,-0.0392,47.24,long_term_debt_incl_current,0.23,211.92,net_income,0,No change
MSFT,MICROSOFT CORPORATION,Information Technology,2024-05-31,2023-06-30,6,9,true,0.6892,0.4177,0.3415,0.2807,-0.0392,47.24,long_term_debt_incl_current,0.23,211.92,net_income,0,No change
MSFT,MICROSOFT CORPORATION,Information Technology,2024-06-30,2023-06-30,6,9,true,0.6892,0.4177,0.3415,0.2807,-0.0392,47.24,long_term_debt_incl_current,0.23,211.92,net_income,0,No change
MSFT,MICROSOFT CORPORATION,Information Technology,2024-07-31,2024-06-30,8,9,true,0.6976,0.4464,0.3596,0.3022,-0.0658,51.63,long_term_debt_incl_current,0.19,245.12,net_income,2,New annual report
MSFT,MICROSOFT CORPORATION,Information Technology,2024-08-31,2024-06-30,8,9,true,0.6976,0.4464,0.3596,0.3022,-0.0658,51.63,long_term_debt_incl_current,0.19,245.12,net_income,0,No change
MSFT,MICROSOFT CORPORATION,Information Technology,2024-09-30,2024-06-30,8,9,true,0.6976,0.4464,0.3596,0.3022,-0.0658,51.63,long_term_debt_incl_current,0.19,245.12,net_income,0,No change
MSFT,MICROSOFT CORPORATION,Information Technology,2024-10-31,2024-06-30,8,9,true,0.6976,0.4464,0.3596,0.3022,-0.0658,51.63,long_term_debt_incl_current,0.19,245.12,net_income,0,No change
MSFT,MICROSOFT CORPORATION,Information Technology,2024-11-30,2024-06-30,8,9,true,0.6976,0.4464,0.3596,0.3022,-0.0658,51.63,long_term_debt_incl_current,0.19,245.12,net_income,0,No change
MSFT,MICROSOFT CORPORATION,Information Technology,2024-12-31,2024-06-30,8,9,true,0.6976,0.4464,0.3596,0.3022,-0.0658,51.63,long_term_debt_incl_current,0.19,245.12,net_income,0,No change
MSFT,MICROSOFT CORPORATION,Information Technology,2025-01-31,2024-06-30,8,9,true,0.6976,0.4464,0.3596,0.3022,-0.0658,51.63,long_term_debt_incl_current,0.19,245.12,net_income,0,No change
MSFT,MICROSOFT CORPORATION,Information Technology,2025-02-28,2024-06-30,8,9,true,0.6976,0.4464,0.3596,0.3022,-0.0658,51.63,long_term_debt_incl_current,0.19,245.12,net_income,0,No change
MSFT,MICROSOFT CORPORATION,Information Technology,2025-03-31,2024-06-30,8,9,true,0.6976,0.4464,0.3596,0.3022,-0.0658,51.63,long_term_debt_incl_current,0.19,245.12,net_income,0,No change
MSFT,MICROSOFT CORPORATION,Information Technology,2025-04-30,2024-06-30,8,9,true,0.6976,0.4464,0.3596,0.3022,-0.0658,51.63,long_term_debt_incl_current,0.19,245.12,net_income,0,No change
MSFT,MICROSOFT CORPORATION,Information Technology,2025-05-31,2024-06-30,8,9,true,0.6976,0.4464,0.3596,0.3022,-0.0658,51.63,long_term_debt_incl_current,0.19,245.12,net_income,0,No change
MSFT,MICROSOFT CORPORATION,Information Technology,2025-06-30,2024-06-30,8,9,true,0.6976,0.4464,0.3596,0.3022,-0.0658,51.63,long_term_debt_incl_current,0.19,245.12,net_income,0,No change
MSFT,MICROSOFT CORPORATION,Information Technology,2025-07-31,2025-06-30,6,9,true,0.6882,0.4562,0.3615,0.2542,-0.0607,43.15,long_term_debt_incl_current,0.13,281.72,net_income,-2,New annual report
MSFT,MICROSOFT CORPORATION,Information Technology,2025-08-31,2025-06-30,6,9,true,0.6882,0.4562,0.3615,0.2542,-0.0607,43.15,long_term_debt_incl_current,0.13,281.72,net_income,0,No change
MSFT,MICROSOFT CORPORATION,Information Technology,2025-09-30,2025-06-30,6,9,true,0.6882,0.4562,0.3615,0.2542,-0.0607,43.15,long_term_debt_incl_current,0.13,281.72,net_income,0,No change
MSFT,MICROSOFT CORPORATION,Information Technology,2025-10-31,2025-06-30,6,9,true,0.6882,0.4562,0.3615,0.2542,-0.0607,43.15,long_term_debt_incl_current,0.13,281.72,net_income,0,No change
MSFT,MICROSOFT CORPORATION,Information Technology,2025-11-30,2025-06-30,6,9,true,0.6882,0.4562,0.3615,0.2542,-0.0607,43.15,long_term_debt_incl_current,0.13,281.72,net_income,0,No change
MSFT,MICROSOFT CORPORATION,Information Technology,2025-12-31,2025-06-30,6,9,true,0.6882,0.4562,0.3615,0.2542,-0.0607,43.15,long_term_debt_incl_current,0.13,281.72,net_income,0,No change
MSFT,MICROSOFT CORPORATION,Information Technology,2026-01-31,2025-06-30,6,9,true,0.6882,0.4562,0.3615,0.2542,-0.0607,43.15,long_term_debt_incl_current,0.13,281.72,net_income,0,No change
MSFT,MICROSOFT CORPORATION,Information Technology,2026-02-28,2025-06-30,6,9,true,0.6882,0.4562,0.3615,0.2542,-0.0607,43.15,long_term_debt_incl_current,0.13,281.72,net_income,0,No change
MSFT,MICROSOFT CORPORATION,Information Technology,2026-03-31,2025-06-30,6,9,true,0.6882,0.4562,0.3615,0.2542,-0.0607,43.15,long_term_debt_incl_current,0.13,281.72,net_income,0,No change
MSFT,MICROSOFT CORPORATION,Information Technology,2026-04-30,2025-06-30,6,9,true,0.6882,0.4562,0.3615,0.2542,-0.0607,43.15,long_term_debt_incl_current,0.13,281.72,net_income,0,No change
MSFT,MICROSOFT CORPORATION,Information Technology,2026-05-31,2025-06-30,6,9,true,0.6882,0.4562,0.3615,0.2542,-0.0607,43.15,long_term_debt_incl_current,0.13,281.72,net_income,0,No change
MSFT,MICROSOFT CORPORATION,Information Technology,2026-06-30,2025-06-30,6,9,true,0.6882,0.4562,0.3615,0.2542,-0.0607,43.15,long_term_debt_incl_current,0.13,281.72,net_income,0,No change
MSFT,MICROSOFT CORPORATION,Information Technology,2026-07-31,2026-06-30,6,9,true,0.6794,0.4678,0.4031,0.2019,-0.0714,40.29,long_term_debt_incl_current,0.09,331.84,net_income,0,No change
MSFT,MICROSOFT CORPORATION,Information Technology,2026-08-31,2026-06-30,6,9,true,0.6794,0.4678,0.4031,0.2019,-0.0714,40.29,long_term_debt_incl_current,0.09,331.84,net_income,0,No change
MSFT,MICROSOFT CORPORATION,Information Technology,2026-09-30,2026-06-30,6,9,true,0.6794,0.4678,0.4031,0.2019,-0.0714,40.29,long_term_debt_incl_current,0.09,331.84,net_income,0,No change
NFLX,NETFLIX INC,Communication Services,2010-02-28,2009-12-31,6,6,false,0.3538,0.1149,0.0694,0.1671,-0.3231,0.2,noncurrent_plus_current,1.0,1.67,net_income,,No change
NFLX,NETFLIX INC,Communication Services,2010-03-31,2009-12-31,6,6,false,0.3538,0.1149,0.0694,0.1671,-0.3231,0.2,noncurrent_plus_current,1.0,1.67,net_income,0,No change
NFLX,NETFLIX INC,Communication Services,2010-04-30,2009-12-31,6,6,false,0.3538,0.1149,0.0694,0.1671,-0.3231,0.2,noncurrent_plus_current,1.0,1.67,net_income,0,No change
NFLX,NETFLIX INC,Communication Services,2010-05-31,2009-12-31,6,6,false,0.3538,0.1149,0.0694,0.1671,-0.3231,0.2,noncurrent_plus_current,1.0,1.67,net_income,0,No change
NFLX,NETFLIX INC,Communication Services,2010-06-30,2009-12-31,6,6,false,0.3538,0.1149,0.0694,0.1671,-0.3231,0.2,noncurrent_plus_current,1.0,1.67,net_income,0,No change
NFLX,NETFLIX INC,Communication Services,2010-07-31,2009-12-31,6,6,false,0.3538,0.1149,0.0694,0.1671,-0.3231,0.2,noncurrent_plus_current,1.0,1.67,net_income,0,No change
NFLX,NETFLIX INC,Communication Services,2010-08-31,2009-12-31,6,6,false,0.3538,0.1149,0.0694,0.1671,-0.3231,0.2,noncurrent_plus_current,1.0,1.67,net_income,0,No change
NFLX,NETFLIX INC,Communication Services,2010-09-30,2009-12-31,6,6,false,0.3538,0.1149,0.0694,0.1671,-0.3231,0.2,noncurrent_plus_current,1.0,1.67,net_income,0,No change
NFLX,NETFLIX INC,Communication Services,2010-10-31,2009-12-31,6,6,false,0.3538,0.1149,0.0694,0.1671,-0.3231,0.2,noncurrent_plus_current,1.0,1.67,net_income,0,No change
NFLX,NETFLIX INC,Communication Services,2010-11-30,2009-12-31,6,6,false,0.3538,0.1149,0.0694,0.1671,-0.3231,0.2,noncurrent_plus_current,1.0,1.67,net_income,0,No change
NFLX,NETFLIX INC,Communication Services,2010-12-31,2009-12-31,6,6,false,0.3538,0.1149,0.0694,0.1671,-0.3231,0.2,noncurrent_plus_current,1.0,1.67,net_income,0,No change
NFLX,NETFLIX INC,Communication Services,2011-01-31,2009-12-31,6,6,false,0.3538,0.1149,0.0694,0.1671,-0.3231,0.2,noncurrent_plus_current,1.0,1.67,net_income,0,No change
NFLX,NETFLIX INC,Communication Services,2011-02-28,2010-12-31,7,8,false,0.3724,0.1312,0.0744,0.1122,-0.1391,,,,2.16,net_income,1,New annual report
NFLX,NETFLIX INC,Communication Services,2011-03-31,2010-12-31,7,8,false,0.3724,0.1312,0.0744,0.1122,-0.1391,,,,2.16,net_income,0,No change
NFLX,NETFLIX INC,Communication Services,2011-04-30,2010-12-31,7,8,false,0.3724,0.1312,0.0744,0.1122,-0.1391,,,,2.16,net_income,0,No change
NFLX,NETFLIX INC,Communication Services,2011-05-31,2010-12-31,7,8,false,0.3724,0.1312,0.0744,0.1122,-0.1391,,,,2.16,net_income,0,No change
NFLX,NETFLIX INC,Communication Services,2011-06-30,2010-12-31,7,8,false,0.3724,0.1312,0.0744,0.1122,-0.1391,,,,2.16,net_income,0,No change
NFLX,NETFLIX INC,Communication Services,2011-07-31,2010-12-31,7,8,false,0.3724,0.1312,0.0744,0.1122,-0.1391,,,,2.16,net_income,0,No change
NFLX,NETFLIX INC,Communication Services,2011-08-31,2010-12-31,7,8,false,0.3724,0.1312,0.0744,0.1122,-0.1391,,,,2.16,net_income,0,No change
NFLX,NETFLIX INC,Communication Services,2011-09-30,2010-12-31,7,8,false,0.3724,0.1312,0.0744,0.1122,-0.1391,,,,2.16,net_income,0,No change
NFLX,NETFLIX INC,Communication Services,2011-10-31,2010-12-31,7,8,false,0.3724,0.1312,0.0744,0.1122,-0.1391,,,,2.16,net_income,0,No change
NFLX,NETFLIX INC,Communication Services,2011-11-30,2010-12-31,7,8,false,0.3724,0.1312,0.0744,0.1122,-0.1391,,,,2.16,net_income,0,No change
NFLX,NETFLIX INC,Communication Services,2011-12-31,2010-12-31,7,8,false,0.3724,0.1312,0.0744,0.1122,-0.1391,,,,2.16,net_income,0,No change
NFLX,NETFLIX INC,Communication Services,2012-01-31,2010-12-31,7,8,false,0.3724,0.1312,0.0744,0.1122,-0.1391,,,,2.16,net_income,0,No change
NFLX,NETFLIX INC,Communication Services,2012-02-29,2011-12-31,4,8,false,0.3634,0.1174,0.0706,0.0836,-0.0452,,,,3.2,net_income,-3,New annual report
NFLX,NETFLIX INC,Communication Services,2012-03-31,2011-12-31,4,8,false,0.3634,0.1174,0.0706,0.0836,-0.0452,,,,3.2,net_income,0,No change
NFLX,NETFLIX INC,Communication Services,2012-04-30,2011-12-31,4,8,false,0.3634,0.1174,0.0706,0.0836,-0.0452,,,,3.2,net_income,0,No change
NFLX,NETFLIX INC,Communication Services,2012-05-31,2011-12-31,4,8,false,0.3634,0.1174,0.0706,0.0836,-0.0452,,,,3.2,net_income,0,No change
NFLX,NETFLIX INC,Communication Services,2012-06-30,2011-12-31,4,8,false,0.3634,0.1174,0.0706,0.0836,-0.0452,,,,3.2,net_income,0,No change
NFLX,NETFLIX INC,Communication Services,2012-07-31,2011-12-31,4,8,false,0.3634,0.1174,0.0706,0.0836,-0.0452,,,,3.2,net_income,0,No change
NFLX,NETFLIX INC,Communication Services,2012-08-31,2011-12-31,4,8,false,0.3634,0.1174,0.0706,0.0836,-0.0452,,,,3.2,net_income,0,No change
NFLX,NETFLIX INC,Communication Services,2012-09-30,2011-12-31,4,8,false,0.3634,0.1174,0.0706,0.0836,-0.0452,,,,3.2,net_income,0,No change
NFLX,NETFLIX INC,Communication Services,2012-10-31,2011-12-31,4,8,false,0.3634,0.1174,0.0706,0.0836,-0.0452,,,,3.2,net_income,0,No change
NFLX,NETFLIX INC,Communication Services,2012-11-30,2011-12-31,4,8,false,0.3634,0.1174,0.0706,0.0836,-0.0452,,,,3.2,net_income,0,No change
NFLX,NETFLIX INC,Communication Services,2012-12-31,2011-12-31,4,8,false,0.3634,0.1174,0.0706,0.0836,-0.0452,,,,3.2,net_income,0,No change
NFLX,NETFLIX INC,Communication Services,2013-01-31,2011-12-31,4,8,false,0.3634,0.1174,0.0706,0.0836,-0.0452,,,,3.2,net_income,0,No change
NFLX,NETFLIX INC,Communication Services,2013-02-28,2012-12-31,3,8,false,0.2725,0.0139,0.0048,-0.0052,-0.0016,,,,3.61,net_income,-1,New annual report
NFLX,NETFLIX INC,Communication Services,2013-03-31,2012-12-31,3,8,false,0.2725,0.0139,0.0048,-0.0052,-0.0016,,,,3.61,net_income,0,No change
NFLX,NETFLIX INC,Communication Services,2013-04-30,2012-12-31,3,8,false,0.2725,0.0139,0.0048,-0.0052,-0.0016,,,,3.61,net_income,0,No change
NFLX,NETFLIX INC,Communication Services,2013-05-31,2012-12-31,3,8,false,0.2725,0.0139,0.0048,-0.0052,-0.0016,,,,3.61,net_income,0,No change
NFLX,NETFLIX INC,Communication Services,2013-06-30,2012-12-31,3,8,false,0.2725,0.0139,0.0048,-0.0052,-0.0016,,,,3.61,net_income,0,No change
NFLX,NETFLIX INC,Communication Services,2013-07-31,2012-12-31,3,8,false,0.2725,0.0139,0.0048,-0.0052,-0.0016,0.2,noncurrent_plus_current,0.27,3.61,net_income,0,No change
NFLX,NETFLIX INC,Communication Services,2013-08-31,2012-12-31,3,8,false,0.2725,0.0139,0.0048,-0.0052,-0.0016,0.2,noncurrent_plus_current,0.27,3.61,net_income,0,No change
NFLX,NETFLIX INC,Communication Services,2013-09-30,2012-12-31,3,8,false,0.2725,0.0139,0.0048,-0.0052,-0.0016,0.2,noncurrent_plus_current,0.27,3.61,net_income,0,No change
NFLX,NETFLIX INC,Communication Services,2013-10-31,2012-12-31,3,8,false,0.2725,0.0139,0.0048,-0.0052,-0.0016,0.2,noncurrent_plus_current,0.27,3.61,net_income,0,No change
NFLX,NETFLIX INC,Communication Services,2013-11-30,2012-12-31,3,8,false,0.2725,0.0139,0.0048,-0.0052,-0.0016,0.2,noncurrent_plus_current,0.27,3.61,net_income,0,No change
NFLX,NETFLIX INC,Communication Services,2013-12-31,2012-12-31,3,8,false,0.2725,0.0139,0.0048,-0.0052,-0.0016,0.2,noncurrent_plus_current,0.27,3.61,net_income,0,No change
NFLX,NETFLIX INC,Communication Services,2014-01-31,2012-12-31,3,8,false,0.2725,0.0139,0.0048,-0.0052,-0.0016,0.2,noncurrent_plus_current,0.27,3.61,net_income,0,No change
NFLX,NETFLIX INC,Communication Services,2014-02-28,2013-12-31,5,9,true,0.2952,0.0522,0.0257,0.01,0.0031,0.5,noncurrent_plus_current,0.37,4.37,net_income,2,New annual report
NFLX,NETFLIX INC,Communication Services,2014-03-31,2013-12-31,5,9,true,0.2952,0.0522,0.0257,0.01,0.0031,0.5,noncurrent_plus_current,0.37,4.37,net_income,0,No change
NFLX,NETFLIX INC,Communication Services,2014-04-30,2013-12-31,5,9,true,0.2952,0.0522,0.0257,0.01,0.0031,0.5,noncurrent_plus_current,0.37,4.37,net_income,0,No change
NFLX,NETFLIX INC,Communication Services,2014-05-31,2013-12-31,5,9,true,0.2952,0.0522,0.0257,0.01,0.0031,0.5,noncurrent_plus_current,0.37,4.37,net_income,0,No change
NFLX,NETFLIX INC,Communication Services,2014-06-30,2013-12-31,5,9,true,0.2952,0.0522,0.0257,0.01,0.0031,0.5,noncurrent_plus_current,0.37,4.37,net_income,0,No change
NFLX,NETFLIX INC,Communication Services,2014-07-31,2013-12-31,5,9,true,0.2952,0.0522,0.0257,0.01,0.0031,0.5,noncurrent_plus_current,0.37,4.37,net_income,0,No change
NFLX,NETFLIX INC,Communication Services,2014-08-31,2013-12-31,5,9,true,0.2952,0.0522,0.0257,0.01,0.0031,0.5,noncurrent_plus_current,0.37,4.37,net_income,0,No change
NFLX,NETFLIX INC,Communication Services,2014-09-30,2013-12-31,5,9,true,0.2952,0.0522,0.0257,0.01,0.0031,0.5,noncurrent_plus_current,0.37,4.37,net_income,0,No change
NFLX,NETFLIX INC,Communication Services,2014-10-31,2013-12-31,5,9,true,0.2952,0.0522,0.0257,0.01,0.0031,0.5,noncurrent_plus_current,0.37,4.37,net_income,0,No change
NFLX,NETFLIX INC,Communication Services,2014-11-30,2013-12-31,5,9,true,0.2952,0.0522,0.0257,0.01,0.0031,0.5,noncurrent_plus_current,0.37,4.37,net_income,0,No change
NFLX,NETFLIX INC,Communication Services,2014-12-31,2013-12-31,5,9,true,0.2952,0.0522,0.0257,0.01,0.0031,0.5,noncurrent_plus_current,0.37,4.37,net_income,0,No change
NFLX,NETFLIX INC,Communication Services,2015-01-31,2014-12-31,5,9,true,0.3183,0.0731,0.0485,-0.0097,0.0401,0.9,noncurrent_plus_current,0.48,5.5,net_income,0,No change
NFLX,NETFLIX INC,Communication Services,2015-02-28,2014-12-31,5,9,true,0.3183,0.0731,0.0485,-0.0097,0.0401,0.9,noncurrent_plus_current,0.48,5.5,net_income,0,No change
NFLX,NETFLIX INC,Communication Services,2015-03-31,2014-12-31,5,9,true,0.3183,0.0731,0.0485,-0.0097,0.0401,0.9,noncurrent_plus_current,0.48,5.5,net_income,0,No change
NFLX,NETFLIX INC,Communication Services,2015-04-30,2014-12-31,5,9,true,0.3183,0.0731,0.0485,-0.0097,0.0401,0.9,noncurrent_plus_current,0.48,5.5,net_income,0,No change
NFLX,NETFLIX INC,Communication Services,2015-05-31,2014-12-31,5,9,true,0.3183,0.0731,0.0485,-0.0097,0.0401,0.9,noncurrent_plus_current,0.48,5.5,net_income,0,No change
NFLX,NETFLIX INC,Communication Services,2015-06-30,2014-12-31,5,9,true,0.3183,0.0731,0.0485,-0.0097,0.0401,0.9,noncurrent_plus_current,0.48,5.5,net_income,0,No change
NFLX,NETFLIX INC,Communication Services,2015-07-31,2014-12-31,5,9,true,0.3183,0.0731,0.0485,-0.0097,0.0401,0.9,noncurrent_plus_current,0.48,5.5,net_income,0,No change
NFLX,NETFLIX INC,Communication Services,2015-08-31,2014-12-31,5,9,true,0.3183,0.0731,0.0485,-0.0097,0.0401,0.9,noncurrent_plus_current,0.48,5.5,net_income,0,No change
NFLX,NETFLIX INC,Communication Services,2015-09-30,2014-12-31,5,9,true,0.3183,0.0731,0.0485,-0.0097,0.0401,0.9,noncurrent_plus_current,0.48,5.5,net_income,0,No change
NFLX,NETFLIX INC,Communication Services,2015-10-31,2014-12-31,5,9,true,0.3183,0.0731,0.0485,-0.0097,0.0401,0.9,noncurrent_plus_current,0.48,5.5,net_income,0,No change
NFLX,NETFLIX INC,Communication Services,2015-11-30,2014-12-31,5,9,true,0.3183,0.0731,0.0485,-0.0097,0.0401,0.9,noncurrent_plus_current,0.48,5.5,net_income,0,No change
NFLX,NETFLIX INC,Communication Services,2015-12-31,2014-12-31,5,9,true,0.3183,0.0731,0.0485,-0.0097,0.0401,0.9,noncurrent_plus_current,0.48,5.5,net_income,0,No change
NFLX,NETFLIX INC,Communication Services,2016-01-31,2015-12-31,3,9,true,0.3227,0.0451,0.0181,-0.124,0.1011,2.37,noncurrent_plus_current,1.07,6.78,net_income,-2,New annual report
NFLX,NETFLIX INC,Communication Services,2016-02-29,2015-12-31,3,9,true,0.3227,0.0451,0.0181,-0.124,0.1011,2.37,noncurrent_plus_current,1.07,6.78,net_income,0,No change
NFLX,NETFLIX INC,Communication Services,2016-03-31,2015-12-31,3,9,true,0.3227,0.0451,0.0181,-0.124,0.1011,2.37,noncurrent_plus_current,1.07,6.78,net_income,0,No change
NFLX,NETFLIX INC,Communication Services,2016-04-30,2015-12-31,3,9,true,0.3227,0.0451,0.0181,-0.124,0.1011,2.37,noncurrent_plus_current,1.07,6.78,net_income,0,No change
NFLX,NETFLIX INC,Communication Services,2016-05-31,2015-12-31,3,9,true,0.3227,0.0451,0.0181,-0.124,0.1011,2.37,noncurrent_plus_current,1.07,6.78,net_income,0,No change
NFLX,NETFLIX INC,Communication Services,2016-06-30,2015-12-31,3,9,true,0.3227,0.0451,0.0181,-0.124,0.1011,2.37,noncurrent_plus_current,1.07,6.78,net_income,0,No change
NFLX,NETFLIX INC,Communication Services,2016-07-31,2015-12-31,3,9,true,0.3227,0.0451,0.0181,-0.124,0.1011,2.37,noncurrent_plus_current,1.07,6.78,net_income,0,No change
NFLX,NETFLIX INC,Communication Services,2016-08-31,2015-12-31,3,9,true,0.3227,0.0451,0.0181,-0.124,0.1011,2.37,noncurrent_plus_current,1.07,6.78,net_income,0,No change
NFLX,NETFLIX INC,Communication Services,2016-09-30,2015-12-31,3,9,true,0.3227,0.0451,0.0181,-0.124,0.1011,2.37,noncurrent_plus_current,1.07,6.78,net_income,0,No change
NFLX,NETFLIX INC,Communication Services,2016-10-31,2015-12-31,3,9,true,0.3227,0.0451,0.0181,-0.124,0.1011,2.37,noncurrent_plus_current,1.07,6.78,net_income,0,No change
NFLX,NETFLIX INC,Communication Services,2016-11-30,2015-12-31,3,9,true,0.3227,0.0451,0.0181,-0.124,0.1011,2.37,noncurrent_plus_current,1.07,6.78,net_income,0,No change
NFLX,NETFLIX INC,Communication Services,2016-12-31,2015-12-31,3,9,true,0.3227,0.0451,0.0181,-0.124,0.1011,2.37,noncurrent_plus_current,1.07,6.78,net_income,0,No change
NFLX,NETFLIX INC,Communication Services,2017-01-31,2016-12-31,2,9,true,0.3172,0.043,0.0211,-0.1791,0.1396,3.36,noncurrent_plus_current,1.26,8.83,net_income,-1,New annual report
NFLX,NETFLIX INC,Communication Services,2017-02-28,2016-12-31,2,9,true,0.3172,0.043,0.0211,-0.1791,0.1396,3.36,noncurrent_plus_current,1.26,8.83,net_income,0,No change
NFLX,NETFLIX INC,Communication Services,2017-03-31,2016-12-31,2,9,true,0.3172,0.043,0.0211,-0.1791,0.1396,3.36,noncurrent_plus_current,1.26,8.83,net_income,0,No change
NFLX,NETFLIX INC,Communication Services,2017-04-30,2016-12-31,2,9,true,0.3172,0.043,0.0211,-0.1791,0.1396,3.36,noncurrent_plus_current,1.26,8.83,net_income,0,No change
NFLX,NETFLIX INC,Communication Services,2017-05-31,2016-12-31,2,9,true,0.3172,0.043,0.0211,-0.1791,0.1396,3.36,noncurrent_plus_current,1.26,8.83,net_income,0,No change
NFLX,NETFLIX INC,Communication Services,2017-06-30,2016-12-31,2,9,true,0.3172,0.043,0.0211,-0.1791,0.1396,3.36,noncurrent_plus_current,1.26,8.83,net_income,0,No change
NFLX,NETFLIX INC,Communication Services,2017-07-31,2016-12-31,2,9,true,0.3172,0.043,0.0211,-0.1791,0.1396,3.36,noncurrent_plus_current,1.26,8.83,net_income,0,No change
NFLX,NETFLIX INC,Communication Services,2017-08-31,2016-12-31,2,9,true,0.3172,0.043,0.0211,-0.1791,0.1396,3.36,noncurrent_plus_current,1.26,8.83,net_income,0,No change
NFLX,NETFLIX INC,Communication Services,2017-09-30,2016-12-31,2,9,true,0.3172,0.043,0.0211,-0.1791,0.1396,3.36,noncurrent_plus_current,1.26,8.83,net_income,0,No change
NFLX,NETFLIX INC,Communication Services,2017-10-31,2016-12-31,2,9,true,0.3172,0.043,0.0211,-0.1791,0.1396,3.36,noncurrent_plus_current,1.26,8.83,net_income,0,No change
NFLX,NETFLIX INC,Communication Services,2017-11-30,2016-12-31,2,9,true,0.3172,0.043,0.0211,-0.1791,0.1396,3.36,noncurrent_plus_current,1.26,8.83,net_income,0,No change
NFLX,NETFLIX INC,Communication Services,2017-12-31,2016-12-31,2,9,true,0.3172,0.043,0.0211,-0.1791,0.1396,3.36,noncurrent_plus_current,1.26,8.83,net_income,0,No change
NFLX,NETFLIX INC,Communication Services,2018-01-31,2017-12-31,4,9,true,0.3449,0.0717,0.0478,-0.1676,0.1439,6.5,noncurrent_plus_current,1.81,11.69,net_income,2,New annual report
NFLX,NETFLIX INC,Communication Services,2018-02-28,2017-12-31,4,9,true,0.3449,0.0717,0.0478,-0.1676,0.1439,6.5,noncurrent_plus_current,1.81,11.69,net_income,0,No change
NFLX,NETFLIX INC,Communication Services,2018-03-31,2017-12-31,4,9,true,0.3449,0.0717,0.0478,-0.1676,0.1439,6.5,noncurrent_plus_current,1.81,11.69,net_income,0,No change
NFLX,NETFLIX INC,Communication Services,2018-04-30,2017-12-31,4,8,false,0.3449,0.0717,0.0478,-0.1676,0.1439,9.05,long_term_debt_incl_current,2.53,11.69,net_income,0,No change
NFLX,NETFLIX INC,Communication Services,2018-05-31,2017-12-31,4,8,false,0.3449,0.0717,0.0478,-0.1676,0.1439,9.05,long_term_debt_incl_current,2.53,11.69,net_income,0,No change
NFLX,NETFLIX INC,Communication Services,2018-06-30,2017-12-31,4,8,false,0.3449,0.0717,0.0478,-0.1676,0.1439,9.05,long_term_debt_incl_current,2.53,11.69,net_income,0,No change
NFLX,NETFLIX INC,Communication Services,2018-07-31,2017-12-31,4,8,false,0.3449,0.0717,0.0478,-0.1676,0.1439,9.05,long_term_debt_incl_current,2.53,11.69,net_income,0,No change
NFLX,NETFLIX INC,Communication Services,2018-08-31,2017-12-31,4,8,false,0.3449,0.0717,0.0478,-0.1676,0.1439,9.05,long_term_debt_incl_current,2.53,11.69,net_income,0,No change
NFLX,NETFLIX INC,Communication Services,2018-09-30,2017-12-31,4,8,false,0.3449,0.0717,0.0478,-0.1676,0.1439,9.05,long_term_debt_incl_current,2.53,11.69,net_income,0,No change
NFLX,NETFLIX INC,Communication Services,2018-10-31,2017-12-31,4,8,false,0.3449,0.0717,0.0478,-0.1676,0.1439,9.05,long_term_debt_incl_current,2.53,11.69,net_income,0,No change
NFLX,NETFLIX INC,Communication Services,2018-11-30,2017-12-31,4,8,false,0.3449,0.0717,0.0478,-0.1676,0.1439,9.05,long_term_debt_incl_current,2.53,11.69,net_income,0,No change
NFLX,NETFLIX INC,Communication Services,2018-12-31,2017-12-31,4,8,false,0.3449,0.0717,0.0478,-0.1676,0.1439,9.05,long_term_debt_incl_current,2.53,11.69,net_income,0,No change
NFLX,NETFLIX INC,Communication Services,2019-01-31,2018-12-31,4,9,true,0.3689,0.1016,0.0767,-0.1807,0.173,14.87,long_term_debt_incl_current,2.84,15.79,net_income,0,No change
NFLX,NETFLIX INC,Communication Services,2019-02-28,2018-12-31,4,9,true,0.3689,0.1016,0.0767,-0.1807,0.173,14.87,long_term_debt_incl_current,2.84,15.79,net_income,0,No change
NFLX,NETFLIX INC,Communication Services,2019-03-31,2018-12-31,4,9,true,0.3689,0.1016,0.0767,-0.1807,0.173,14.87,long_term_debt_incl_current,2.84,15.79,net_income,0,No change
NFLX,NETFLIX INC,Communication Services,2019-04-30,2018-12-31,4,9,true,0.3689,0.1016,0.0767,-0.1807,0.173,14.87,long_term_debt_incl_current,2.84,15.79,net_income,0,No change
NFLX,NETFLIX INC,Communication Services,2019-05-31,2018-12-31,4,9,true,0.3689,0.1016,0.0767,-0.1807,0.173,14.87,long_term_debt_incl_current,2.84,15.79,net_income,0,No change
NFLX,NETFLIX INC,Communication Services,2019-06-30,2018-12-31,4,9,true,0.3689,0.1016,0.0767,-0.1807,0.173,14.87,long_term_debt_incl_current,2.84,15.79,net_income,0,No change
NFLX,NETFLIX INC,Communication Services,2019-07-31,2018-12-31,4,9,true,0.3689,0.1016,0.0767,-0.1807,0.173,14.87,long_term_debt_incl_current,2.84,15.79,net_income,0,No change
NFLX,NETFLIX INC,Communication Services,2019-08-31,2018-12-31,4,9,true,0.3689,0.1016,0.0767,-0.1807,0.173,14.87,long_term_debt_incl_current,2.84,15.79,net_income,0,No change
NFLX,NETFLIX INC,Communication Services,2019-09-30,2018-12-31,4,9,true,0.3689,0.1016,0.0767,-0.1807,0.173,14.87,long_term_debt_incl_current,2.84,15.79,net_income,0,No change
NFLX,NETFLIX INC,Communication Services,2019-10-31,2018-12-31,4,9,true,0.3689,0.1016,0.0767,-0.1807,0.173,14.87,long_term_debt_incl_current,2.84,15.79,net_income,0,No change
NFLX,NETFLIX INC,Communication Services,2019-11-30,2018-12-31,4,9,true,0.3689,0.1016,0.0767,-0.1807,0.173,14.87,long_term_debt_incl_current,2.84,15.79,net_income,0,No change
NFLX,NETFLIX INC,Communication Services,2019-12-31,2018-12-31,4,9,true,0.3689,0.1016,0.0767,-0.1807,0.173,14.87,long_term_debt_incl_current,2.84,15.79,net_income,0,No change
NFLX,NETFLIX INC,Communication Services,2020-01-31,2019-12-31,3,9,true,0.3828,0.1292,0.0926,-0.1558,0.1586,20.72,long_term_debt_incl_current,2.73,20.16,net_income,-1,New annual report
NFLX,NETFLIX INC,Communication Services,2020-02-29,2019-12-31,3,9,true,0.3828,0.1292,0.0926,-0.1558,0.1586,20.72,long_term_debt_incl_current,2.73,20.16,net_income,0,No change
NFLX,NETFLIX INC,Communication Services,2020-03-31,2019-12-31,3,9,true,0.3828,0.1292,0.0926,-0.1558,0.1586,20.72,long_term_debt_incl_current,2.73,20.16,net_income,0,No change
NFLX,NETFLIX INC,Communication Services,2020-04-30,2019-12-31,3,9,true,0.3828,0.1292,0.0926,-0.1558,0.1586,20.72,long_term_debt_incl_current,2.73,20.16,net_income,0,No change
NFLX,NETFLIX INC,Communication Services,2020-05-31,2019-12-31,3,9,true,0.3828,0.1292,0.0926,-0.1558,0.1586,20.72,long_term_debt_incl_current,2.73,20.16,net_income,0,No change
NFLX,NETFLIX INC,Communication Services,2020-06-30,2019-12-31,3,9,true,0.3828,0.1292,0.0926,-0.1558,0.1586,20.72,long_term_debt_incl_current,2.73,20.16,net_income,0,No change
NFLX,NETFLIX INC,Communication Services,2020-07-31,2019-12-31,3,9,true,0.3828,0.1292,0.0926,-0.1558,0.1586,20.72,long_term_debt_incl_current,2.73,20.16,net_income,0,No change
NFLX,NETFLIX INC,Communication Services,2020-08-31,2019-12-31,3,9,true,0.3828,0.1292,0.0926,-0.1558,0.1586,20.72,long_term_debt_incl_current,2.73,20.16,net_income,0,No change
NFLX,NETFLIX INC,Communication Services,2020-09-30,2019-12-31,3,9,true,0.3828,0.1292,0.0926,-0.1558,0.1586,20.72,long_term_debt_incl_current,2.73,20.16,net_income,0,No change
NFLX,NETFLIX INC,Communication Services,2020-10-31,2019-12-31,3,9,true,0.3828,0.1292,0.0926,-0.1558,0.1586,20.72,long_term_debt_incl_current,2.73,20.16,net_income,0,No change
NFLX,NETFLIX INC,Communication Services,2020-11-30,2019-12-31,3,9,true,0.3828,0.1292,0.0926,-0.1558,0.1586,20.72,long_term_debt_incl_current,2.73,20.16,net_income,0,No change
NFLX,NETFLIX INC,Communication Services,2020-12-31,2019-12-31,3,9,true,0.3828,0.1292,0.0926,-0.1558,0.1586,20.72,long_term_debt_incl_current,2.73,20.16,net_income,0,No change
NFLX,NETFLIX INC,Communication Services,2021-01-31,2020-12-31,6,9,true,0.3889,0.1834,0.1105,0.0772,0.0091,22.36,long_term_debt_incl_current,2.02,25.0,net_income,3,New annual report
NFLX,NETFLIX INC,Communication Services,2021-02-28,2020-12-31,6,9,true,0.3889,0.1834,0.1105,0.0772,0.0091,22.36,long_term_debt_incl_current,2.02,25.0,net_income,0,No change
NFLX,NETFLIX INC,Communication Services,2021-03-31,2020-12-31,6,9,true,0.3889,0.1834,0.1105,0.0772,0.0091,22.36,long_term_debt_incl_current,2.02,25.0,net_income,0,No change
NFLX,NETFLIX INC,Communication Services,2021-04-30,2020-12-31,6,9,true,0.3889,0.1834,0.1105,0.0772,0.0091,22.36,long_term_debt_incl_current,2.02,25.0,net_income,0,No change
NFLX,NETFLIX INC,Communication Services,2021-05-31,2020-12-31,6,9,true,0.3889,0.1834,0.1105,0.0772,0.0091,22.36,long_term_debt_incl_current,2.02,25.0,net_income,0,No change
NFLX,NETFLIX INC,Communication Services,2021-06-30,2020-12-31,6,9,true,0.3889,0.1834,0.1105,0.0772,0.0091,22.36,long_term_debt_incl_current,2.02,25.0,net_income,0,No change
NFLX,NETFLIX INC,Communication Services,2021-07-31,2020-12-31,6,9,true,0.3889,0.1834,0.1105,0.0772,0.0091,22.36,long_term_debt_incl_current,2.02,25.0,net_income,0,No change
NFLX,NETFLIX INC,Communication Services,2021-08-31,2020-12-31,6,9,true,0.3889,0.1834,0.1105,0.0772,0.0091,22.36,long_term_debt_incl_current,2.02,25.0,net_income,0,No change
NFLX,NETFLIX INC,Communication Services,2021-09-30,2020-12-31,6,9,true,0.3889,0.1834,0.1105,0.0772,0.0091,22.36,long_term_debt_incl_current,2.02,25.0,net_income,0,No change
NFLX,NETFLIX INC,Communication Services,2021-10-31,2020-12-31,6,9,true,0.3889,0.1834,0.1105,0.0772,0.0091,22.36,long_term_debt_incl_current,2.02,25.0,net_income,0,No change
NFLX,NETFLIX INC,Communication Services,2021-11-30,2020-12-31,6,9,true,0.3889,0.1834,0.1105,0.0772,0.0091,22.36,long_term_debt_incl_current,2.02,25.0,net_income,0,No change
NFLX,NETFLIX INC,Communication Services,2021-12-31,2020-12-31,6,9,true,0.3889,0.1834,0.1105,0.0772,0.0091,22.36,long_term_debt_incl_current,2.02,25.0,net_income,0,No change
NFLX,NETFLIX INC,Communication Services,2022-01-31,2021-12-31,5,8,false,0.4164,0.2086,0.1723,-0.0044,0.1126,15.39,noncurrent_plus_current,0.97,29.7,net_income,-1,New annual report
NFLX,NETFLIX INC,Communication Services,2022-02-28,2021-12-31,5,8,false,0.4164,0.2086,0.1723,-0.0044,0.1126,15.39,noncurrent_plus_current,0.97,29.7,net_income,0,No change
NFLX,NETFLIX INC,Communication Services,2022-03-31,2021-12-31,5,8,false,0.4164,0.2086,0.1723,-0.0044,0.1126,15.39,noncurrent_plus_current,0.97,29.7,net_income,0,No change
NFLX,NETFLIX INC,Communication Services,2022-04-30,2021-12-31,5,8,false,0.4164,0.2086,0.1723,-0.0044,0.1126,15.39,noncurrent_plus_current,0.97,29.7,net_income,0,No change
NFLX,NETFLIX INC,Communication Services,2022-05-31,2021-12-31,5,8,false,0.4164,0.2086,0.1723,-0.0044,0.1126,15.39,noncurrent_plus_current,0.97,29.7,net_income,0,No change
NFLX,NETFLIX INC,Communication Services,2022-06-30,2021-12-31,5,8,false,0.4164,0.2086,0.1723,-0.0044,0.1126,15.39,noncurrent_plus_current,0.97,29.7,net_income,0,No change
NFLX,NETFLIX INC,Communication Services,2022-07-31,2021-12-31,5,8,false,0.4164,0.2086,0.1723,-0.0044,0.1126,15.39,noncurrent_plus_current,0.97,29.7,net_income,0,No change
NFLX,NETFLIX INC,Communication Services,2022-08-31,2021-12-31,5,8,false,0.4164,0.2086,0.1723,-0.0044,0.1126,15.39,noncurrent_plus_current,0.97,29.7,net_income,0,No change
NFLX,NETFLIX INC,Communication Services,2022-09-30,2021-12-31,5,8,false,0.4164,0.2086,0.1723,-0.0044,0.1126,15.39,noncurrent_plus_current,0.97,29.7,net_income,0,No change
NFLX,NETFLIX INC,Communication Services,2022-10-31,2021-12-31,5,8,false,0.4164,0.2086,0.1723,-0.0044,0.1126,15.39,noncurrent_plus_current,0.97,29.7,net_income,0,No change
NFLX,NETFLIX INC,Communication Services,2022-11-30,2021-12-31,5,8,false,0.4164,0.2086,0.1723,-0.0044,0.1126,15.39,noncurrent_plus_current,0.97,29.7,net_income,0,No change
NFLX,NETFLIX INC,Communication Services,2022-12-31,2021-12-31,5,8,false,0.4164,0.2086,0.1723,-0.0044,0.1126,15.39,noncurrent_plus_current,0.97,29.7,net_income,0,No change
NFLX,NETFLIX INC,Communication Services,2023-01-31,2022-12-31,5,9,true,0.3937,0.1782,0.1421,0.0512,0.0529,14.35,noncurrent_plus_current,0.69,31.62,net_income,0,No change
NFLX,NETFLIX INC,Communication Services,2023-02-28,2022-12-31,5,9,true,0.3937,0.1782,0.1421,0.0512,0.0529,14.35,noncurrent_plus_current,0.69,31.62,net_income,0,No change
NFLX,NETFLIX INC,Communication Services,2023-03-31,2022-12-31,5,9,true,0.3937,0.1782,0.1421,0.0512,0.0529,14.35,noncurrent_plus_current,0.69,31.62,net_income,0,No change
NFLX,NETFLIX INC,Communication Services,2023-04-30,2022-12-31,5,9,true,0.3937,0.1782,0.1421,0.0512,0.0529,14.35,noncurrent_plus_current,0.69,31.62,net_income,0,No change
NFLX,NETFLIX INC,Communication Services,2023-05-31,2022-12-31,5,9,true,0.3937,0.1782,0.1421,0.0512,0.0529,14.35,noncurrent_plus_current,0.69,31.62,net_income,0,No change
NFLX,NETFLIX INC,Communication Services,2023-06-30,2022-12-31,5,9,true,0.3937,0.1782,0.1421,0.0512,0.0529,14.35,noncurrent_plus_current,0.69,31.62,net_income,0,No change
NFLX,NETFLIX INC,Communication Services,2023-07-31,2022-12-31,5,9,true,0.3937,0.1782,0.1421,0.0512,0.0529,14.35,noncurrent_plus_current,0.69,31.62,net_income,0,No change
NFLX,NETFLIX INC,Communication Services,2023-08-31,2022-12-31,5,9,true,0.3937,0.1782,0.1421,0.0512,0.0529,14.35,noncurrent_plus_current,0.69,31.62,net_income,0,No change
NFLX,NETFLIX INC,Communication Services,2023-09-30,2022-12-31,5,9,true,0.3937,0.1782,0.1421,0.0512,0.0529,14.35,noncurrent_plus_current,0.69,31.62,net_income,0,No change
NFLX,NETFLIX INC,Communication Services,2023-10-31,2022-12-31,5,9,true,0.3937,0.1782,0.1421,0.0512,0.0529,14.35,noncurrent_plus_current,0.69,31.62,net_income,0,No change
NFLX,NETFLIX INC,Communication Services,2023-11-30,2022-12-31,5,9,true,0.3937,0.1782,0.1421,0.0512,0.0529,14.35,noncurrent_plus_current,0.69,31.62,net_income,0,No change
NFLX,NETFLIX INC,Communication Services,2023-12-31,2022-12-31,5,9,true,0.3937,0.1782,0.1421,0.0512,0.0529,14.35,noncurrent_plus_current,0.69,31.62,net_income,0,No change
NFLX,NETFLIX INC,Communication Services,2024-01-31,2023-12-31,7,9,true,0.4154,0.2062,0.1604,0.2054,-0.0384,14.54,noncurrent_plus_current,0.71,33.72,net_income,2,New annual report
NFLX,NETFLIX INC,Communication Services,2024-02-29,2023-12-31,7,9,true,0.4154,0.2062,0.1604,0.2054,-0.0384,14.54,noncurrent_plus_current,0.71,33.72,net_income,0,No change
NFLX,NETFLIX INC,Communication Services,2024-03-31,2023-12-31,7,9,true,0.4154,0.2062,0.1604,0.2054,-0.0384,14.54,noncurrent_plus_current,0.71,33.72,net_income,0,No change
NFLX,NETFLIX INC,Communication Services,2024-04-30,2023-12-31,7,9,true,0.4154,0.2062,0.1604,0.2054,-0.0384,14.54,noncurrent_plus_current,0.71,33.72,net_income,0,No change
NFLX,NETFLIX INC,Communication Services,2024-05-31,2023-12-31,7,9,true,0.4154,0.2062,0.1604,0.2054,-0.0384,14.54,noncurrent_plus_current,0.71,33.72,net_income,0,No change
NFLX,NETFLIX INC,Communication Services,2024-06-30,2023-12-31,7,9,true,0.4154,0.2062,0.1604,0.2054,-0.0384,14.54,noncurrent_plus_current,0.71,33.72,net_income,0,No change
NFLX,NETFLIX INC,Communication Services,2024-07-31,2023-12-31,7,9,true,0.4154,0.2062,0.1604,0.2054,-0.0384,14.54,noncurrent_plus_current,0.71,33.72,net_income,0,No change
NFLX,NETFLIX INC,Communication Services,2024-08-31,2023-12-31,7,9,true,0.4154,0.2062,0.1604,0.2054,-0.0384,14.54,noncurrent_plus_current,0.71,33.72,net_income,0,No change
NFLX,NETFLIX INC,Communication Services,2024-09-30,2023-12-31,7,9,true,0.4154,0.2062,0.1604,0.2054,-0.0384,14.54,noncurrent_plus_current,0.71,33.72,net_income,0,No change
NFLX,NETFLIX INC,Communication Services,2024-10-31,2023-12-31,7,9,true,0.4154,0.2062,0.1604,0.2054,-0.0384,14.54,noncurrent_plus_current,0.71,33.72,net_income,0,No change
NFLX,NETFLIX INC,Communication Services,2024-11-30,2023-12-31,7,9,true,0.4154,0.2062,0.1604,0.2054,-0.0384,14.54,noncurrent_plus_current,0.71,33.72,net_income,0,No change
NFLX,NETFLIX INC,Communication Services,2024-12-31,2023-12-31,7,9,true,0.4154,0.2062,0.1604,0.2054,-0.0384,14.54,noncurrent_plus_current,0.71,33.72,net_income,0,No change
NFLX,NETFLIX INC,Communication Services,2025-01-31,2024-12-31,7,9,true,0.4606,0.2671,0.2234,0.1775,0.0264,15.58,noncurrent_plus_current,0.63,39.0,net_income,0,No change
NFLX,NETFLIX INC,Communication Services,2025-02-28,2024-12-31,7,9,true,0.4606,0.2671,0.2234,0.1775,0.0264,15.58,noncurrent_plus_current,0.63,39.0,net_income,0,No change
NFLX,NETFLIX INC,Communication Services,2025-03-31,2024-12-31,7,9,true,0.4606,0.2671,0.2234,0.1775,0.0264,15.58,noncurrent_plus_current,0.63,39.0,net_income,0,No change
NFLX,NETFLIX INC,Communication Services,2025-04-30,2024-12-31,7,9,true,0.4606,0.2671,0.2234,0.1775,0.0264,15.58,noncurrent_plus_current,0.63,39.0,net_income,0,No change
NFLX,NETFLIX INC,Communication Services,2025-05-31,2024-12-31,7,9,true,0.4606,0.2671,0.2234,0.1775,0.0264,15.58,noncurrent_plus_current,0.63,39.0,net_income,0,No change
NFLX,NETFLIX INC,Communication Services,2025-06-30,2024-12-31,7,9,true,0.4606,0.2671,0.2234,0.1775,0.0264,15.58,noncurrent_plus_current,0.63,39.0,net_income,0,No change
NFLX,NETFLIX INC,Communication Services,2025-07-31,2024-12-31,7,9,true,0.4606,0.2671,0.2234,0.1775,0.0264,15.58,noncurrent_plus_current,0.63,39.0,net_income,0,No change
NFLX,NETFLIX INC,Communication Services,2025-08-31,2024-12-31,7,9,true,0.4606,0.2671,0.2234,0.1775,0.0264,15.58,noncurrent_plus_current,0.63,39.0,net_income,0,No change
NFLX,NETFLIX INC,Communication Services,2025-09-30,2024-12-31,7,9,true,0.4606,0.2671,0.2234,0.1775,0.0264,15.58,noncurrent_plus_current,0.63,39.0,net_income,0,No change
NFLX,NETFLIX INC,Communication Services,2025-10-31,2024-12-31,7,9,true,0.4606,0.2671,0.2234,0.1775,0.0264,15.58,noncurrent_plus_current,0.63,39.0,net_income,0,No change
NFLX,NETFLIX INC,Communication Services,2025-11-30,2024-12-31,7,9,true,0.4606,0.2671,0.2234,0.1775,0.0264,15.58,noncurrent_plus_current,0.63,39.0,net_income,0,No change
NFLX,NETFLIX INC,Communication Services,2025-12-31,2024-12-31,7,9,true,0.4606,0.2671,0.2234,0.1775,0.0264,15.58,noncurrent_plus_current,0.63,39.0,net_income,0,No change
NFLX,NETFLIX INC,Communication Services,2026-01-31,2025-12-31,7,9,true,0.4849,0.2949,0.243,0.2094,0.0152,14.46,noncurrent_plus_current,0.54,45.18,net_income,0,No change
NFLX,NETFLIX INC,Communication Services,2026-02-28,2025-12-31,7,9,true,0.4849,0.2949,0.243,0.2094,0.0152,14.46,noncurrent_plus_current,0.54,45.18,net_income,0,No change
NFLX,NETFLIX INC,Communication Services,2026-03-31,2025-12-31,7,9,true,0.4849,0.2949,0.243,0.2094,0.0152,14.46,noncurrent_plus_current,0.54,45.18,net_income,0,No change
NFLX,NETFLIX INC,Communication Services,2026-04-30,2025-12-31,7,9,true,0.4849,0.2949,0.243,0.2094,0.0152,14.46,noncurrent_plus_current,0.54,45.18,net_income,0,No change
NFLX,NETFLIX INC,Communication Services,2026-05-31,2025-12-31,7,9,true,0.4849,0.2949,0.243,0.2094,0.0152,14.46,noncurrent_plus_current,0.54,45.18,net_income,0,No change
NFLX,NETFLIX INC,Communication Services,2026-06-30,2025-12-31,7,9,true,0.4849,0.2949,0.243,0.2094,0.0152,14.46,noncurrent_plus_current,0.54,45.18,net_income,0,No change
NFLX,NETFLIX INC,Communication Services,2026-07-31,2025-12-31,7,9,true,0.4849,0.2949,0.243,0.2094,0.0152,14.46,noncurrent_plus_current,0.54,45.18,net_income,0,No change
NFLX,NETFLIX INC,Communication Services,2026-08-31,2025-12-31,7,9,true,0.4849,0.2949,0.243,0.2094,0.0152,14.46,noncurrent_plus_current,0.54,45.18,net_income,0,No change
NFLX,NETFLIX INC,Communication Services,2026-09-30,2025-12-31,7,9,true,0.4849,0.2949,0.243,0.2094,0.0152,14.46,noncurrent_plus_current,0.54,45.18,net_income,0,No change
NKE,"NIKE, Inc.",Consumer Discretionary,2010-07-31,2010-05-31,5,5,false,0.4628,,0.1003,0.1488,-0.0909,0.59,noncurrent_plus_current,0.06,19.01,net_income,,No change
NKE,"NIKE, Inc.",Consumer Discretionary,2010-08-31,2010-05-31,5,5,false,0.4628,,0.1003,0.1488,-0.0909,0.59,noncurrent_plus_current,0.06,19.01,net_income,0,No change
NKE,"NIKE, Inc.",Consumer Discretionary,2010-09-30,2010-05-31,5,5,false,0.4628,,0.1003,0.1488,-0.0909,0.59,noncurrent_plus_current,0.06,19.01,net_income,0,No change
NKE,"NIKE, Inc.",Consumer Discretionary,2010-10-31,2010-05-31,5,5,false,0.4628,,0.1003,0.1488,-0.0909,0.59,noncurrent_plus_current,0.06,19.01,net_income,0,No change
NKE,"NIKE, Inc.",Consumer Discretionary,2010-11-30,2010-05-31,5,5,false,0.4628,,0.1003,0.1488,-0.0909,0.59,noncurrent_plus_current,0.06,19.01,net_income,0,No change
NKE,"NIKE, Inc.",Consumer Discretionary,2010-12-31,2010-05-31,5,5,false,0.4628,,0.1003,0.1488,-0.0909,0.59,noncurrent_plus_current,0.06,19.01,net_income,0,No change
NKE,"NIKE, Inc.",Consumer Discretionary,2011-01-31,2010-05-31,5,5,false,0.4628,,0.1003,0.1488,-0.0909,0.59,noncurrent_plus_current,0.06,19.01,net_income,0,No change
NKE,"NIKE, Inc.",Consumer Discretionary,2011-02-28,2010-05-31,5,5,false,0.4628,,0.1003,0.1488,-0.0909,0.59,noncurrent_plus_current,0.06,19.01,net_income,0,No change
NKE,"NIKE, Inc.",Consumer Discretionary,2011-03-31,2010-05-31,5,5,false,0.4628,,0.1003,0.1488,-0.0909,0.59,noncurrent_plus_current,0.06,19.01,net_income,0,No change
NKE,"NIKE, Inc.",Consumer Discretionary,2011-04-30,2010-05-31,5,5,false,0.4628,,0.1003,0.1488,-0.0909,0.59,noncurrent_plus_current,0.06,19.01,net_income,0,No change
NKE,"NIKE, Inc.",Consumer Discretionary,2011-05-31,2010-05-31,5,5,false,0.4628,,0.1003,0.1488,-0.0909,0.59,noncurrent_plus_current,0.06,19.01,net_income,0,No change
NKE,"NIKE, Inc.",Consumer Discretionary,2011-06-30,2010-05-31,5,5,false,0.4628,,0.1003,0.1488,-0.0909,0.59,noncurrent_plus_current,0.06,19.01,net_income,0,No change
NKE,"NIKE, Inc.",Consumer Discretionary,2011-07-31,2011-05-31,5,9,true,0.4558,,0.1022,0.0661,0.0218,0.66,long_term_debt_incl_current,0.07,20.86,net_income,0,No change
NKE,"NIKE, Inc.",Consumer Discretionary,2011-08-31,2011-05-31,5,9,true,0.4558,,0.1022,0.0661,0.0218,0.66,long_term_debt_incl_current,0.07,20.86,net_income,0,No change
NKE,"NIKE, Inc.",Consumer Discretionary,2011-09-30,2011-05-31,5,9,true,0.4558,,0.1022,0.0661,0.0218,0.66,long_term_debt_incl_current,0.07,20.86,net_income,0,No change
NKE,"NIKE, Inc.",Consumer Discretionary,2011-10-31,2011-05-31,5,9,true,0.4558,,0.1022,0.0661,0.0218,0.66,long_term_debt_incl_current,0.07,20.86,net_income,0,No change
NKE,"NIKE, Inc.",Consumer Discretionary,2011-11-30,2011-05-31,5,9,true,0.4558,,0.1022,0.0661,0.0218,0.66,long_term_debt_incl_current,0.07,20.86,net_income,0,No change
NKE,"NIKE, Inc.",Consumer Discretionary,2011-12-31,2011-05-31,5,9,true,0.4558,,0.1022,0.0661,0.0218,0.66,long_term_debt_incl_current,0.07,20.86,net_income,0,No change
NKE,"NIKE, Inc.",Consumer Discretionary,2012-01-31,2011-05-31,5,9,true,0.4558,,0.1022,0.0661,0.0218,0.66,long_term_debt_incl_current,0.07,20.86,net_income,0,No change
NKE,"NIKE, Inc.",Consumer Discretionary,2012-02-29,2011-05-31,5,9,true,0.4558,,0.1022,0.0661,0.0218,0.66,long_term_debt_incl_current,0.07,20.86,net_income,0,No change
NKE,"NIKE, Inc.",Consumer Discretionary,2012-03-31,2011-05-31,5,9,true,0.4558,,0.1022,0.0661,0.0218,0.66,long_term_debt_incl_current,0.07,20.86,net_income,0,No change
NKE,"NIKE, Inc.",Consumer Discretionary,2012-04-30,2011-05-31,5,9,true,0.4558,,0.1022,0.0661,0.0218,0.66,long_term_debt_incl_current,0.07,20.86,net_income,0,No change
NKE,"NIKE, Inc.",Consumer Discretionary,2012-05-31,2011-05-31,5,9,true,0.4558,,0.1022,0.0661,0.0218,0.66,long_term_debt_incl_current,0.07,20.86,net_income,0,No change
NKE,"NIKE, Inc.",Consumer Discretionary,2012-06-30,2011-05-31,5,9,true,0.4558,,0.1022,0.0661,0.0218,0.66,long_term_debt_incl_current,0.07,20.86,net_income,0,No change
NKE,"NIKE, Inc.",Consumer Discretionary,2012-07-31,2012-05-31,7,9,true,0.434,,0.0921,0.054,0.0213,0.39,long_term_debt_incl_current,0.04,24.13,net_income,2,New annual report
NKE,"NIKE, Inc.",Consumer Discretionary,2012-08-31,2012-05-31,7,9,true,0.434,,0.0921,0.054,0.0213,0.39,long_term_debt_incl_current,0.04,24.13,net_income,0,No change
NKE,"NIKE, Inc.",Consumer Discretionary,2012-09-30,2012-05-31,7,9,true,0.434,,0.0921,0.054,0.0213,0.39,long_term_debt_incl_current,0.04,24.13,net_income,0,No change
NKE,"NIKE, Inc.",Consumer Discretionary,2012-10-31,2012-05-31,7,9,true,0.434,,0.0921,0.054,0.0213,0.39,long_term_debt_incl_current,0.04,24.13,net_income,0,No change
NKE,"NIKE, Inc.",Consumer Discretionary,2012-11-30,2012-05-31,7,9,true,0.434,,0.0921,0.054,0.0213,0.39,long_term_debt_incl_current,0.04,24.13,net_income,0,No change
NKE,"NIKE, Inc.",Consumer Discretionary,2012-12-31,2012-05-31,7,9,true,0.434,,0.0921,0.054,0.0213,0.39,long_term_debt_incl_current,0.04,24.13,net_income,0,No change
NKE,"NIKE, Inc.",Consumer Discretionary,2013-01-31,2012-05-31,7,9,true,0.434,,0.0921,0.054,0.0213,0.39,long_term_debt_incl_current,0.04,24.13,net_income,0,No change
NKE,"NIKE, Inc.",Consumer Discretionary,2013-02-28,2012-05-31,7,9,true,0.434,,0.0921,0.054,0.0213,0.39,long_term_debt_incl_current,0.04,24.13,net_income,0,No change
NKE,"NIKE, Inc.",Consumer Discretionary,2013-03-31,2012-05-31,7,9,true,0.434,,0.0921,0.054,0.0213,0.39,long_term_debt_incl_current,0.04,24.13,net_income,0,No change
NKE,"NIKE, Inc.",Consumer Discretionary,2013-04-30,2012-05-31,7,9,true,0.434,,0.0921,0.054,0.0213,0.39,long_term_debt_incl_current,0.04,24.13,net_income,0,No change
NKE,"NIKE, Inc.",Consumer Discretionary,2013-05-31,2012-05-31,7,9,true,0.434,,0.0921,0.054,0.0213,0.39,long_term_debt_incl_current,0.04,24.13,net_income,0,No change
NKE,"NIKE, Inc.",Consumer Discretionary,2013-06-30,2012-05-31,7,9,true,0.434,,0.0921,0.054,0.0213,0.39,long_term_debt_incl_current,0.04,24.13,net_income,0,No change
NKE,"NIKE, Inc.",Consumer Discretionary,2013-07-31,2013-05-31,8,9,true,0.4359,,0.0982,0.0945,-0.0328,1.39,long_term_debt_incl_current,0.12,25.31,net_income,1,New annual report
NKE,"NIKE, Inc.",Consumer Discretionary,2013-08-31,2013-05-31,8,9,true,0.4359,,0.0982,0.0945,-0.0328,1.39,long_term_debt_incl_current,0.12,25.31,net_income,0,No change
NKE,"NIKE, Inc.",Consumer Discretionary,2013-09-30,2013-05-31,8,9,true,0.4359,,0.0982,0.0945,-0.0328,1.39,long_term_debt_incl_current,0.12,25.31,net_income,0,No change
NKE,"NIKE, Inc.",Consumer Discretionary,2013-10-31,2013-05-31,8,9,true,0.4359,,0.0982,0.0945,-0.0328,1.39,long_term_debt_incl_current,0.12,25.31,net_income,0,No change
NKE,"NIKE, Inc.",Consumer Discretionary,2013-11-30,2013-05-31,8,9,true,0.4359,,0.0982,0.0945,-0.0328,1.39,long_term_debt_incl_current,0.12,25.31,net_income,0,No change
NKE,"NIKE, Inc.",Consumer Discretionary,2013-12-31,2013-05-31,8,9,true,0.4359,,0.0982,0.0945,-0.0328,1.39,long_term_debt_incl_current,0.12,25.31,net_income,0,No change
NKE,"NIKE, Inc.",Consumer Discretionary,2014-01-31,2013-05-31,8,9,true,0.4359,,0.0982,0.0945,-0.0328,1.39,long_term_debt_incl_current,0.12,25.31,net_income,0,No change
NKE,"NIKE, Inc.",Consumer Discretionary,2014-02-28,2013-05-31,8,9,true,0.4359,,0.0982,0.0945,-0.0328,1.39,long_term_debt_incl_current,0.12,25.31,net_income,0,No change
NKE,"NIKE, Inc.",Consumer Discretionary,2014-03-31,2013-05-31,8,9,true,0.4359,,0.0982,0.0945,-0.0328,1.39,long_term_debt_incl_current,0.12,25.31,net_income,0,No change
NKE,"NIKE, Inc.",Consumer Discretionary,2014-04-30,2013-05-31,8,9,true,0.4359,,0.0982,0.0945,-0.0327,1.37,long_term_debt_incl_current,0.12,25.31,net_income,0,No change
NKE,"NIKE, Inc.",Consumer Discretionary,2014-05-31,2013-05-31,8,9,true,0.4359,,0.0982,0.0945,-0.0327,1.37,long_term_debt_incl_current,0.12,25.31,net_income,0,No change
NKE,"NIKE, Inc.",Consumer Discretionary,2014-06-30,2013-05-31,8,9,true,0.4359,,0.0982,0.0945,-0.0327,1.37,long_term_debt_incl_current,0.12,25.31,net_income,0,No change
NKE,"NIKE, Inc.",Consumer Discretionary,2014-07-31,2014-05-31,6,9,true,0.4477,,0.0969,0.0764,-0.0172,1.37,long_term_debt_incl_current,0.13,27.8,net_income,-2,New annual report
NKE,"NIKE, Inc.",Consumer Discretionary,2014-08-31,2014-05-31,6,9,true,0.4477,,0.0969,0.0764,-0.0172,1.37,long_term_debt_incl_current,0.13,27.8,net_income,0,No change
NKE,"NIKE, Inc.",Consumer Discretionary,2014-09-30,2014-05-31,6,9,true,0.4477,,0.0969,0.0764,-0.0172,1.37,long_term_debt_incl_current,0.13,27.8,net_income,0,No change
NKE,"NIKE, Inc.",Consumer Discretionary,2014-10-31,2014-05-31,6,9,true,0.4477,,0.0969,0.0764,-0.0172,1.37,long_term_debt_incl_current,0.13,27.8,net_income,0,No change
NKE,"NIKE, Inc.",Consumer Discretionary,2014-11-30,2014-05-31,6,9,true,0.4477,,0.0969,0.0764,-0.0172,1.37,long_term_debt_incl_current,0.13,27.8,net_income,0,No change
NKE,"NIKE, Inc.",Consumer Discretionary,2014-12-31,2014-05-31,6,9,true,0.4477,,0.0969,0.0764,-0.0172,1.37,long_term_debt_incl_current,0.13,27.8,net_income,0,No change
NKE,"NIKE, Inc.",Consumer Discretionary,2015-01-31,2014-05-31,6,9,true,0.4477,,0.0969,0.0764,-0.0172,1.37,long_term_debt_incl_current,0.13,27.8,net_income,0,No change
NKE,"NIKE, Inc.",Consumer Discretionary,2015-02-28,2014-05-31,6,9,true,0.4477,,0.0969,0.0764,-0.0172,1.37,long_term_debt_incl_current,0.13,27.8,net_income,0,No change
NKE,"NIKE, Inc.",Consumer Discretionary,2015-03-31,2014-05-31,6,9,true,0.4477,,0.0969,0.0764,-0.0172,1.37,long_term_debt_incl_current,0.13,27.8,net_income,0,No change
NKE,"NIKE, Inc.",Consumer Discretionary,2015-04-30,2014-05-31,6,9,true,0.4477,,0.0969,0.0767,-0.0177,1.37,long_term_debt_incl_current,0.13,27.8,net_income,0,No change
NKE,"NIKE, Inc.",Consumer Discretionary,2015-05-31,2014-05-31,6,9,true,0.4477,,0.0969,0.0767,-0.0177,1.37,long_term_debt_incl_current,0.13,27.8,net_income,0,No change
NKE,"NIKE, Inc.",Consumer Discretionary,2015-06-30,2014-05-31,6,9,true,0.4477,,0.0969,0.0767,-0.0177,1.37,long_term_debt_incl_current,0.13,27.8,net_income,0,No change
NKE,"NIKE, Inc.",Consumer Discretionary,2015-07-31,2015-05-31,8,9,true,0.4597,,0.107,0.1215,-0.07,1.26,long_term_debt_incl_current,0.1,30.6,net_income,2,New annual report
NKE,"NIKE, Inc.",Consumer Discretionary,2015-08-31,2015-05-31,8,9,true,0.4597,,0.107,0.1215,-0.07,1.26,long_term_debt_incl_current,0.1,30.6,net_income,0,No change
NKE,"NIKE, Inc.",Consumer Discretionary,2015-09-30,2015-05-31,8,9,true,0.4597,,0.107,0.1215,-0.07,1.26,long_term_debt_incl_current,0.1,30.6,net_income,0,No change
NKE,"NIKE, Inc.",Consumer Discretionary,2015-10-31,2015-05-31,8,9,true,0.4597,,0.107,0.1215,-0.07,1.26,long_term_debt_incl_current,0.1,30.6,net_income,0,No change
NKE,"NIKE, Inc.",Consumer Discretionary,2015-11-30,2015-05-31,8,9,true,0.4597,,0.107,0.1215,-0.07,1.26,long_term_debt_incl_current,0.1,30.6,net_income,0,No change
NKE,"NIKE, Inc.",Consumer Discretionary,2015-12-31,2015-05-31,8,9,true,0.4597,,0.107,0.1215,-0.07,1.26,long_term_debt_incl_current,0.1,30.6,net_income,0,No change
NKE,"NIKE, Inc.",Consumer Discretionary,2016-01-31,2015-05-31,8,9,true,0.4597,,0.107,0.1215,-0.07,1.26,long_term_debt_incl_current,0.1,30.6,net_income,0,No change
NKE,"NIKE, Inc.",Consumer Discretionary,2016-02-29,2015-05-31,8,9,true,0.4597,,0.107,0.1215,-0.07,1.26,long_term_debt_incl_current,0.1,30.6,net_income,0,No change
NKE,"NIKE, Inc.",Consumer Discretionary,2016-03-31,2015-05-31,8,9,true,0.4597,,0.107,0.1215,-0.07,1.26,long_term_debt_incl_current,0.1,30.6,net_income,0,No change
NKE,"NIKE, Inc.",Consumer Discretionary,2016-04-30,2015-05-31,8,9,true,0.4597,,0.107,0.1215,-0.07,1.26,long_term_debt_incl_current,0.1,30.6,net_income,0,No change
NKE,"NIKE, Inc.",Consumer Discretionary,2016-05-31,2015-05-31,8,9,true,0.4597,,0.107,0.1215,-0.07,1.26,long_term_debt_incl_current,0.1,30.6,net_income,0,No change
NKE,"NIKE, Inc.",Consumer Discretionary,2016-06-30,2015-05-31,8,9,true,0.4597,,0.107,0.1215,-0.07,1.26,long_term_debt_incl_current,0.1,30.6,net_income,0,No change
NKE,"NIKE, Inc.",Consumer Discretionary,2016-07-31,2016-05-31,5,9,true,0.4624,,0.1161,0.0603,0.0309,2.06,long_term_debt_incl_current,0.17,32.38,net_income,-3,New annual report
NKE,"NIKE, Inc.",Consumer Discretionary,2016-08-31,2016-05-31,5,9,true,0.4624,,0.1161,0.0603,0.0309,2.06,long_term_debt_incl_current,0.17,32.38,net_income,0,No change
NKE,"NIKE, Inc.",Consumer Discretionary,2016-09-30,2016-05-31,5,9,true,0.4624,,0.1161,0.0603,0.0309,2.06,long_term_debt_incl_current,0.17,32.38,net_income,0,No change
NKE,"NIKE, Inc.",Consumer Discretionary,2016-10-31,2016-05-31,5,9,true,0.4624,,0.1161,0.0603,0.0309,2.06,long_term_debt_incl_current,0.17,32.38,net_income,0,No change
NKE,"NIKE, Inc.",Consumer Discretionary,2016-11-30,2016-05-31,5,9,true,0.4624,,0.1161,0.0603,0.0309,2.06,long_term_debt_incl_current,0.17,32.38,net_income,0,No change
NKE,"NIKE, Inc.",Consumer Discretionary,2016-12-31,2016-05-31,5,9,true,0.4624,,0.1161,0.0603,0.0309,2.06,long_term_debt_incl_current,0.17,32.38,net_income,0,No change
NKE,"NIKE, Inc.",Consumer Discretionary,2017-01-31,2016-05-31,5,9,true,0.4624,,0.1161,0.0603,0.0309,2.04,long_term_debt_incl_current,0.17,32.38,net_income,0,No change
NKE,"NIKE, Inc.",Consumer Discretionary,2017-02-28,2016-05-31,5,9,true,0.4624,,0.1161,0.0603,0.0309,2.04,long_term_debt_incl_current,0.17,32.38,net_income,0,No change
NKE,"NIKE, Inc.",Consumer Discretionary,2017-03-31,2016-05-31,5,9,true,0.4624,,0.1161,0.0603,0.0309,2.04,long_term_debt_incl_current,0.17,32.38,net_income,0,No change
NKE,"NIKE, Inc.",Consumer Discretionary,2017-04-30,2016-05-31,5,9,true,0.4624,,0.1161,0.0603,0.0309,2.04,long_term_debt_incl_current,0.17,32.38,net_income,0,No change
NKE,"NIKE, Inc.",Consumer Discretionary,2017-05-31,2016-05-31,5,9,true,0.4624,,0.1161,0.0603,0.0309,2.04,long_term_debt_incl_current,0.17,32.38,net_income,0,No change
NKE,"NIKE, Inc.",Consumer Discretionary,2017-06-30,2016-05-31,5,9,true,0.4624,,0.1161,0.0603,0.0309,2.04,long_term_debt_incl_current,0.17,32.38,net_income,0,No change
NKE,"NIKE, Inc.",Consumer Discretionary,2017-07-31,2017-05-31,6,9,true,0.4458,,0.1234,0.0738,0.0269,3.8,long_term_debt_incl_current,0.31,34.35,net_income,1,New annual report
NKE,"NIKE, Inc.",Consumer Discretionary,2017-08-31,2017-05-31,6,9,true,0.4458,,0.1234,0.0738,0.0269,3.8,long_term_debt_incl_current,0.31,34.35,net_income,0,No change
NKE,"NIKE, Inc.",Consumer Discretionary,2017-09-30,2017-05-31,6,9,true,0.4458,,0.1234,0.0738,0.0269,3.8,long_term_debt_incl_current,0.31,34.35,net_income,0,No change
NKE,"NIKE, Inc.",Consumer Discretionary,2017-10-31,2017-05-31,6,9,true,0.4458,,0.1234,0.0738,0.0269,3.8,long_term_debt_incl_current,0.31,34.35,net_income,0,No change
NKE,"NIKE, Inc.",Consumer Discretionary,2017-11-30,2017-05-31,6,9,true,0.4458,,0.1234,0.0738,0.0269,3.8,long_term_debt_incl_current,0.31,34.35,net_income,0,No change
NKE,"NIKE, Inc.",Consumer Discretionary,2017-12-31,2017-05-31,6,9,true,0.4458,,0.1234,0.0738,0.0269,3.8,long_term_debt_incl_current,0.31,34.35,net_income,0,No change
NKE,"NIKE, Inc.",Consumer Discretionary,2018-01-31,2017-05-31,6,9,true,0.4458,,0.1234,0.0738,0.0269,3.8,long_term_debt_incl_current,0.31,34.35,net_income,0,No change
NKE,"NIKE, Inc.",Consumer Discretionary,2018-02-28,2017-05-31,6,9,true,0.4458,,0.1234,0.0738,0.0269,3.8,long_term_debt_incl_current,0.31,34.35,net_income,0,No change
NKE,"NIKE, Inc.",Consumer Discretionary,2018-03-31,2017-05-31,6,9,true,0.4458,,0.1234,0.0738,0.0269,3.8,long_term_debt_incl_current,0.31,34.35,net_income,0,No change
NKE,"NIKE, Inc.",Consumer Discretionary,2018-04-30,2017-05-31,6,9,true,0.4458,,0.1234,0.0738,0.0269,3.8,long_term_debt_incl_current,0.31,34.35,net_income,0,No change
NKE,"NIKE, Inc.",Consumer Discretionary,2018-05-31,2017-05-31,6,9,true,0.4458,,0.1234,0.0738,0.0269,3.8,long_term_debt_incl_current,0.31,34.35,net_income,0,No change
NKE,"NIKE, Inc.",Consumer Discretionary,2018-06-30,2017-05-31,6,9,true,0.4458,,0.1234,0.0738,0.0269,3.8,long_term_debt_incl_current,0.31,34.35,net_income,0,No change
NKE,"NIKE, Inc.",Consumer Discretionary,2018-07-31,2018-05-31,5,9,true,0.4384,,0.0531,0.1079,-0.132,3.81,long_term_debt_incl_current,0.39,36.4,net_income,-1,New annual report
NKE,"NIKE, Inc.",Consumer Discretionary,2018-08-31,2018-05-31,5,9,true,0.4384,,0.0531,0.1079,-0.132,3.81,long_term_debt_incl_current,0.39,36.4,net_income,0,No change
NKE,"NIKE, Inc.",Consumer Discretionary,2018-09-30,2018-05-31,5,9,true,0.4384,,0.0531,0.1079,-0.132,3.81,long_term_debt_incl_current,0.39,36.4,net_income,0,No change
NKE,"NIKE, Inc.",Consumer Discretionary,2018-10-31,2018-05-31,5,9,true,0.4384,,0.0531,0.1079,-0.132,3.81,long_term_debt_incl_current,0.39,36.4,net_income,0,No change
NKE,"NIKE, Inc.",Consumer Discretionary,2018-11-30,2018-05-31,5,9,true,0.4384,,0.0531,0.1079,-0.132,3.81,long_term_debt_incl_current,0.39,36.4,net_income,0,No change
NKE,"NIKE, Inc.",Consumer Discretionary,2018-12-31,2018-05-31,5,9,true,0.4384,,0.0531,0.1079,-0.132,3.81,long_term_debt_incl_current,0.39,36.4,net_income,0,No change
NKE,"NIKE, Inc.",Consumer Discretionary,2019-01-31,2018-05-31,5,9,true,0.4384,,0.0531,0.1079,-0.132,3.81,long_term_debt_incl_current,0.39,36.4,net_income,0,No change
NKE,"NIKE, Inc.",Consumer Discretionary,2019-02-28,2018-05-31,5,9,true,0.4384,,0.0531,0.1079,-0.132,3.81,long_term_debt_incl_current,0.39,36.4,net_income,0,No change
NKE,"NIKE, Inc.",Consumer Discretionary,2019-03-31,2018-05-31,5,9,true,0.4384,,0.0531,0.1079,-0.132,3.81,long_term_debt_incl_current,0.39,36.4,net_income,0,No change
NKE,"NIKE, Inc.",Consumer Discretionary,2019-04-30,2018-05-31,5,9,true,0.4384,,0.0531,0.1079,-0.132,3.81,long_term_debt_incl_current,0.39,36.4,net_income,0,No change
NKE,"NIKE, Inc.",Consumer Discretionary,2019-05-31,2018-05-31,5,9,true,0.4384,,0.0531,0.1079,-0.132,3.81,long_term_debt_incl_current,0.39,36.4,net_income,0,No change
NKE,"NIKE, Inc.",Consumer Discretionary,2019-06-30,2018-05-31,5,9,true,0.4384,,0.0531,0.1079,-0.132,3.81,long_term_debt_incl_current,0.39,36.4,net_income,0,No change
NKE,"NIKE, Inc.",Consumer Discretionary,2019-07-31,2019-05-31,8,9,true,0.4467,,0.103,0.1223,-0.081,3.48,long_term_debt_incl_current,0.38,39.12,net_income,3,New annual report
NKE,"NIKE, Inc.",Consumer Discretionary,2019-08-31,2019-05-31,8,9,true,0.4467,,0.103,0.1223,-0.081,3.48,long_term_debt_incl_current,0.38,39.12,net_income,0,No change
NKE,"NIKE, Inc.",Consumer Discretionary,2019-09-30,2019-05-31,8,9,true,0.4467,,0.103,0.1223,-0.081,3.48,long_term_debt_incl_current,0.38,39.12,net_income,0,No change
NKE,"NIKE, Inc.",Consumer Discretionary,2019-10-31,2019-05-31,8,9,true,0.4467,,0.103,0.1223,-0.081,3.48,long_term_debt_incl_current,0.38,39.12,net_income,0,No change
NKE,"NIKE, Inc.",Consumer Discretionary,2019-11-30,2019-05-31,8,9,true,0.4467,,0.103,0.1223,-0.081,3.48,long_term_debt_incl_current,0.38,39.12,net_income,0,No change
NKE,"NIKE, Inc.",Consumer Discretionary,2019-12-31,2019-05-31,8,9,true,0.4467,,0.103,0.1223,-0.081,3.48,long_term_debt_incl_current,0.38,39.12,net_income,0,No change
NKE,"NIKE, Inc.",Consumer Discretionary,2020-01-31,2019-05-31,8,9,true,0.4467,,0.103,0.1223,-0.081,3.48,long_term_debt_incl_current,0.38,39.12,net_income,0,No change
NKE,"NIKE, Inc.",Consumer Discretionary,2020-02-29,2019-05-31,8,9,true,0.4467,,0.103,0.1223,-0.081,3.48,long_term_debt_incl_current,0.38,39.12,net_income,0,No change
NKE,"NIKE, Inc.",Consumer Discretionary,2020-03-31,2019-05-31,8,9,true,0.4467,,0.103,0.1223,-0.081,3.48,long_term_debt_incl_current,0.38,39.12,net_income,0,No change
NKE,"NIKE, Inc.",Consumer Discretionary,2020-04-30,2019-05-31,8,9,true,0.4467,,0.103,0.1223,-0.081,3.48,long_term_debt_incl_current,0.38,39.12,net_income,0,No change
NKE,"NIKE, Inc.",Consumer Discretionary,2020-05-31,2019-05-31,8,9,true,0.4467,,0.103,0.1223,-0.081,3.48,long_term_debt_incl_current,0.38,39.12,net_income,0,No change
NKE,"NIKE, Inc.",Consumer Discretionary,2020-06-30,2019-05-31,8,9,true,0.4467,,0.103,0.1223,-0.081,3.48,long_term_debt_incl_current,0.38,39.12,net_income,0,No change
NKE,"NIKE, Inc.",Consumer Discretionary,2020-07-31,2020-05-31,4,9,true,0.4342,,0.0679,0.0374,0.002,9.66,long_term_debt_incl_current,1.2,37.4,net_income,-4,New annual report
NKE,"NIKE, Inc.",Consumer Discretionary,2020-08-31,2020-05-31,4,9,true,0.4342,,0.0679,0.0374,0.002,9.66,long_term_debt_incl_current,1.2,37.4,net_income,0,No change
NKE,"NIKE, Inc.",Consumer Discretionary,2020-09-30,2020-05-31,4,9,true,0.4342,,0.0679,0.0374,0.002,9.66,long_term_debt_incl_current,1.2,37.4,net_income,0,No change
NKE,"NIKE, Inc.",Consumer Discretionary,2020-10-31,2020-05-31,4,9,true,0.4342,,0.0679,0.0374,0.002,9.66,long_term_debt_incl_current,1.2,37.4,net_income,0,No change
NKE,"NIKE, Inc.",Consumer Discretionary,2020-11-30,2020-05-31,4,9,true,0.4342,,0.0679,0.0374,0.002,9.66,long_term_debt_incl_current,1.2,37.4,net_income,0,No change
NKE,"NIKE, Inc.",Consumer Discretionary,2020-12-31,2020-05-31,4,9,true,0.4342,,0.0679,0.0374,0.002,9.66,long_term_debt_incl_current,1.2,37.4,net_income,0,No change
NKE,"NIKE, Inc.",Consumer Discretionary,2021-01-31,2020-05-31,4,9,true,0.4342,,0.0679,0.0374,0.002,9.66,long_term_debt_incl_current,1.2,37.4,net_income,0,No change
NKE,"NIKE, Inc.",Consumer Discretionary,2021-02-28,2020-05-31,4,9,true,0.4342,,0.0679,0.0374,0.002,9.66,long_term_debt_incl_current,1.2,37.4,net_income,0,No change
NKE,"NIKE, Inc.",Consumer Discretionary,2021-03-31,2020-05-31,4,9,true,0.4342,,0.0679,0.0374,0.002,9.66,long_term_debt_incl_current,1.2,37.4,net_income,0,No change
NKE,"NIKE, Inc.",Consumer Discretionary,2021-04-30,2020-05-31,4,9,true,0.4342,,0.0679,0.0374,0.002,9.66,long_term_debt_incl_current,1.2,37.4,net_income,0,No change
NKE,"NIKE, Inc.",Consumer Discretionary,2021-05-31,2020-05-31,4,9,true,0.4342,,0.0679,0.0374,0.002,9.66,long_term_debt_incl_current,1.2,37.4,net_income,0,No change
NKE,"NIKE, Inc.",Consumer Discretionary,2021-06-30,2020-05-31,4,9,true,0.4342,,0.0679,0.0374,0.002,9.66,long_term_debt_incl_current,1.2,37.4,net_income,0,No change
NKE,"NIKE, Inc.",Consumer Discretionary,2021-07-31,2021-05-31,7,9,true,0.4482,,0.1286,0.1339,-0.0269,9.41,long_term_debt_incl_current,0.74,44.54,net_income,3,New annual report
NKE,"NIKE, Inc.",Consumer Discretionary,2021-08-31,2021-05-31,7,9,true,0.4482,,0.1286,0.1339,-0.0269,9.41,long_term_debt_incl_current,0.74,44.54,net_income,0,No change
NKE,"NIKE, Inc.",Consumer Discretionary,2021-09-30,2021-05-31,7,9,true,0.4482,,0.1286,0.1339,-0.0269,9.41,long_term_debt_incl_current,0.74,44.54,net_income,0,No change
NKE,"NIKE, Inc.",Consumer Discretionary,2021-10-31,2021-05-31,7,9,true,0.4482,,0.1286,0.1339,-0.0269,9.41,long_term_debt_incl_current,0.74,44.54,net_income,0,No change
NKE,"NIKE, Inc.",Consumer Discretionary,2021-11-30,2021-05-31,7,9,true,0.4482,,0.1286,0.1339,-0.0269,9.41,long_term_debt_incl_current,0.74,44.54,net_income,0,No change
NKE,"NIKE, Inc.",Consumer Discretionary,2021-12-31,2021-05-31,7,9,true,0.4482,,0.1286,0.1339,-0.0269,9.41,long_term_debt_incl_current,0.74,44.54,net_income,0,No change
NKE,"NIKE, Inc.",Consumer Discretionary,2022-01-31,2021-05-31,7,9,true,0.4482,,0.1286,0.1339,-0.0269,9.41,long_term_debt_incl_current,0.74,44.54,net_income,0,No change
NKE,"NIKE, Inc.",Consumer Discretionary,2022-02-28,2021-05-31,7,9,true,0.4482,,0.1286,0.1339,-0.0269,9.41,long_term_debt_incl_current,0.74,44.54,net_income,0,No change
NKE,"NIKE, Inc.",Consumer Discretionary,2022-03-31,2021-05-31,7,9,true,0.4482,,0.1286,0.1339,-0.0269,9.41,long_term_debt_incl_current,0.74,44.54,net_income,0,No change
NKE,"NIKE, Inc.",Consumer Discretionary,2022-04-30,2021-05-31,7,9,true,0.4482,,0.1286,0.1339,-0.0269,9.41,long_term_debt_incl_current,0.74,44.54,net_income,0,No change
NKE,"NIKE, Inc.",Consumer Discretionary,2022-05-31,2021-05-31,7,9,true,0.4482,,0.1286,0.1339,-0.0269,9.41,long_term_debt_incl_current,0.74,44.54,net_income,0,No change
NKE,"NIKE, Inc.",Consumer Discretionary,2022-06-30,2021-05-31,7,9,true,0.4482,,0.1286,0.1339,-0.0269,9.41,long_term_debt_incl_current,0.74,44.54,net_income,0,No change
NKE,"NIKE, Inc.",Consumer Discretionary,2022-07-31,2022-05-31,4,9,true,0.4598,,0.1294,0.0948,0.022,9.43,long_term_debt_incl_current,0.62,46.71,net_income,-3,New annual report
NKE,"NIKE, Inc.",Consumer Discretionary,2022-08-31,2022-05-31,4,9,true,0.4598,,0.1294,0.0948,0.022,9.43,long_term_debt_incl_current,0.62,46.71,net_income,0,No change
NKE,"NIKE, Inc.",Consumer Discretionary,2022-09-30,2022-05-31,4,9,true,0.4598,,0.1294,0.0948,0.022,9.43,long_term_debt_incl_current,0.62,46.71,net_income,0,No change
NKE,"NIKE, Inc.",Consumer Discretionary,2022-10-31,2022-05-31,4,9,true,0.4598,,0.1294,0.0948,0.022,9.43,long_term_debt_incl_current,0.62,46.71,net_income,0,No change
NKE,"NIKE, Inc.",Consumer Discretionary,2022-11-30,2022-05-31,4,9,true,0.4598,,0.1294,0.0948,0.022,9.43,long_term_debt_incl_current,0.62,46.71,net_income,0,No change
NKE,"NIKE, Inc.",Consumer Discretionary,2022-12-31,2022-05-31,4,9,true,0.4598,,0.1294,0.0948,0.022,9.43,long_term_debt_incl_current,0.62,46.71,net_income,0,No change
NKE,"NIKE, Inc.",Consumer Discretionary,2023-01-31,2022-05-31,4,9,true,0.4598,,0.1294,0.0948,0.022,9.43,long_term_debt_incl_current,0.62,46.71,net_income,0,No change
NKE,"NIKE, Inc.",Consumer Discretionary,2023-02-28,2022-05-31,4,9,true,0.4598,,0.1294,0.0948,0.022,9.43,long_term_debt_incl_current,0.62,46.71,net_income,0,No change
NKE,"NIKE, Inc.",Consumer Discretionary,2023-03-31,2022-05-31,4,9,true,0.4598,,0.1294,0.0948,0.022,9.43,long_term_debt_incl_current,0.62,46.71,net_income,0,No change
NKE,"NIKE, Inc.",Consumer Discretionary,2023-04-30,2022-05-31,4,9,true,0.4598,,0.1294,0.0948,0.022,9.43,long_term_debt_incl_current,0.62,46.71,net_income,0,No change
NKE,"NIKE, Inc.",Consumer Discretionary,2023-05-31,2022-05-31,4,9,true,0.4598,,0.1294,0.0948,0.022,9.43,long_term_debt_incl_current,0.62,46.71,net_income,0,No change
NKE,"NIKE, Inc.",Consumer Discretionary,2023-06-30,2022-05-31,4,9,true,0.4598,,0.1294,0.0948,0.022,9.43,long_term_debt_incl_current,0.62,46.71,net_income,0,No change
NKE,"NIKE, Inc.",Consumer Discretionary,2023-07-31,2023-05-31,7,9,true,0.4352,,0.099,0.0951,-0.0198,8.93,long_term_debt_incl_current,0.64,51.22,net_income,3,New annual report
NKE,"NIKE, Inc.",Consumer Discretionary,2023-08-31,2023-05-31,7,9,true,0.4352,,0.099,0.0951,-0.0198,8.93,long_term_debt_incl_current,0.64,51.22,net_income,0,No change
NKE,"NIKE, Inc.",Consumer Discretionary,2023-09-30,2023-05-31,7,9,true,0.4352,,0.099,0.0951,-0.0198,8.93,long_term_debt_incl_current,0.64,51.22,net_income,0,No change
NKE,"NIKE, Inc.",Consumer Discretionary,2023-10-31,2023-05-31,7,9,true,0.4352,,0.099,0.0951,-0.0198,8.93,long_term_debt_incl_current,0.64,51.22,net_income,0,No change
NKE,"NIKE, Inc.",Consumer Discretionary,2023-11-30,2023-05-31,7,9,true,0.4352,,0.099,0.0951,-0.0198,8.93,long_term_debt_incl_current,0.64,51.22,net_income,0,No change
NKE,"NIKE, Inc.",Consumer Discretionary,2023-12-31,2023-05-31,7,9,true,0.4352,,0.099,0.0951,-0.0198,8.93,long_term_debt_incl_current,0.64,51.22,net_income,0,No change
NKE,"NIKE, Inc.",Consumer Discretionary,2024-01-31,2023-05-31,7,9,true,0.4352,,0.099,0.0951,-0.0198,8.93,long_term_debt_incl_current,0.64,51.22,net_income,0,No change
NKE,"NIKE, Inc.",Consumer Discretionary,2024-02-29,2023-05-31,7,9,true,0.4352,,0.099,0.0951,-0.0198,8.93,long_term_debt_incl_current,0.64,51.22,net_income,0,No change
NKE,"NIKE, Inc.",Consumer Discretionary,2024-03-31,2023-05-31,7,9,true,0.4352,,0.099,0.0951,-0.0198,8.93,long_term_debt_incl_current,0.64,51.22,net_income,0,No change
NKE,"NIKE, Inc.",Consumer Discretionary,2024-04-30,2023-05-31,7,9,true,0.4352,,0.099,0.0951,-0.0198,8.93,long_term_debt_incl_current,0.64,51.22,net_income,0,No change
NKE,"NIKE, Inc.",Consumer Discretionary,2024-05-31,2023-05-31,7,9,true,0.4352,,0.099,0.0951,-0.0198,8.93,long_term_debt_incl_current,0.64,51.22,net_income,0,No change
NKE,"NIKE, Inc.",Consumer Discretionary,2024-06-30,2023-05-31,7,9,true,0.4352,,0.099,0.0951,-0.0198,8.93,long_term_debt_incl_current,0.64,51.22,net_income,0,No change
NKE,"NIKE, Inc.",Consumer Discretionary,2024-07-31,2024-05-31,7,9,true,0.4456,,0.111,0.1288,-0.0457,8.91,long_term_debt_incl_current,0.62,51.36,net_income,0,No change
NKE,"NIKE, Inc.",Consumer Discretionary,2024-08-31,2024-05-31,7,9,true,0.4456,,0.111,0.1288,-0.0457,8.91,long_term_debt_incl_current,0.62,51.36,net_income,0,No change
NKE,"NIKE, Inc.",Consumer Discretionary,2024-09-30,2024-05-31,7,9,true,0.4456,,0.111,0.1288,-0.0457,8.91,long_term_debt_incl_current,0.62,51.36,net_income,0,No change
NKE,"NIKE, Inc.",Consumer Discretionary,2024-10-31,2024-05-31,7,9,true,0.4456,,0.111,0.1288,-0.0457,8.91,long_term_debt_incl_current,0.62,51.36,net_income,0,No change
NKE,"NIKE, Inc.",Consumer Discretionary,2024-11-30,2024-05-31,7,9,true,0.4456,,0.111,0.1288,-0.0457,8.91,long_term_debt_incl_current,0.62,51.36,net_income,0,No change
NKE,"NIKE, Inc.",Consumer Discretionary,2024-12-31,2024-05-31,7,9,true,0.4456,,0.111,0.1288,-0.0457,8.91,long_term_debt_incl_current,0.62,51.36,net_income,0,No change
NKE,"NIKE, Inc.",Consumer Discretionary,2025-01-31,2024-05-31,7,9,true,0.4456,,0.111,0.1288,-0.0457,8.91,long_term_debt_incl_current,0.62,51.36,net_income,0,No change
NKE,"NIKE, Inc.",Consumer Discretionary,2025-02-28,2024-05-31,7,9,true,0.4456,,0.111,0.1288,-0.0457,8.91,long_term_debt_incl_current,0.62,51.36,net_income,0,No change
NKE,"NIKE, Inc.",Consumer Discretionary,2025-03-31,2024-05-31,7,9,true,0.4456,,0.111,0.1288,-0.0457,8.91,long_term_debt_incl_current,0.62,51.36,net_income,0,No change
NKE,"NIKE, Inc.",Consumer Discretionary,2025-04-30,2024-05-31,7,9,true,0.4456,,0.111,0.1288,-0.0457,8.91,long_term_debt_incl_current,0.62,51.36,net_income,0,No change
NKE,"NIKE, Inc.",Consumer Discretionary,2025-05-31,2024-05-31,7,9,true,0.4456,,0.111,0.1288,-0.0457,8.91,long_term_debt_incl_current,0.62,51.36,net_income,0,No change
NKE,"NIKE, Inc.",Consumer Discretionary,2025-06-30,2024-05-31,7,9,true,0.4456,,0.111,0.1288,-0.0457,8.91,long_term_debt_incl_current,0.62,51.36,net_income,0,No change
NKE,"NIKE, Inc.",Consumer Discretionary,2025-07-31,2025-05-31,5,9,true,0.4273,,0.0695,0.0706,-0.0128,7.97,long_term_debt_incl_current,0.6,46.31,net_income,-2,New annual report
NKE,"NIKE, Inc.",Consumer Discretionary,2025-08-31,2025-05-31,5,9,true,0.4273,,0.0695,0.0706,-0.0128,7.97,long_term_debt_incl_current,0.6,46.31,net_income,0,No change
NKE,"NIKE, Inc.",Consumer Discretionary,2025-09-30,2025-05-31,5,9,true,0.4273,,0.0695,0.0706,-0.0128,7.97,long_term_debt_incl_current,0.6,46.31,net_income,0,No change
NKE,"NIKE, Inc.",Consumer Discretionary,2025-10-31,2025-05-31,5,9,true,0.4273,,0.0695,0.0706,-0.0128,7.97,long_term_debt_incl_current,0.6,46.31,net_income,0,No change
NKE,"NIKE, Inc.",Consumer Discretionary,2025-11-30,2025-05-31,5,9,true,0.4273,,0.0695,0.0706,-0.0128,7.97,long_term_debt_incl_current,0.6,46.31,net_income,0,No change
NKE,"NIKE, Inc.",Consumer Discretionary,2025-12-31,2025-05-31,5,9,true,0.4273,,0.0695,0.0706,-0.0128,7.97,long_term_debt_incl_current,0.6,46.31,net_income,0,No change
NKE,"NIKE, Inc.",Consumer Discretionary,2026-01-31,2025-05-31,5,9,true,0.4273,,0.0695,0.0706,-0.0128,7.97,long_term_debt_incl_current,0.6,46.31,net_income,0,No change
NKE,"NIKE, Inc.",Consumer Discretionary,2026-02-28,2025-05-31,5,9,true,0.4273,,0.0695,0.0706,-0.0128,7.97,long_term_debt_incl_current,0.6,46.31,net_income,0,No change
NKE,"NIKE, Inc.",Consumer Discretionary,2026-03-31,2025-05-31,5,9,true,0.4273,,0.0695,0.0706,-0.0128,7.97,long_term_debt_incl_current,0.6,46.31,net_income,0,No change
NKE,"NIKE, Inc.",Consumer Discretionary,2026-04-30,2025-05-31,5,9,true,0.4273,,0.0695,0.0706,-0.0128,7.97,long_term_debt_incl_current,0.6,46.31,net_income,0,No change
NKE,"NIKE, Inc.",Consumer Discretionary,2026-05-31,2025-05-31,5,9,true,0.4273,,0.0695,0.0706,-0.0128,7.97,long_term_debt_incl_current,0.6,46.31,net_income,0,No change
NKE,"NIKE, Inc.",Consumer Discretionary,2026-06-30,2025-05-31,5,9,true,0.4273,,0.0695,0.0706,-0.0128,7.97,long_term_debt_incl_current,0.6,46.31,net_income,0,No change
NKE,"NIKE, Inc.",Consumer Discretionary,2026-07-31,2026-05-31,7,9,true,0.4291,,0.067,0.0471,0.0064,7.94,long_term_debt_incl_current,0.53,46.4,net_income,2,New annual report
NKE,"NIKE, Inc.",Consumer Discretionary,2026-08-31,2026-05-31,7,9,true,0.4291,,0.067,0.0471,0.0064,7.94,long_term_debt_incl_current,0.53,46.4,net_income,0,No change
NKE,"NIKE, Inc.",Consumer Discretionary,2026-09-30,2026-05-31,7,9,true,0.4291,,0.067,0.0471,0.0064,7.94,long_term_debt_incl_current,0.53,46.4,net_income,0,No change
NVDA,NVIDIA CORP,Information Technology,2010-03-31,2010-01-31,4,5,false,0.3538,-0.0297,-0.0204,,-0.1602,,,,3.33,net_income,,No change
NVDA,NVIDIA CORP,Information Technology,2010-04-30,2010-01-31,4,5,false,0.3538,-0.0297,-0.0204,,-0.1602,,,,3.33,net_income,0,No change
NVDA,NVIDIA CORP,Information Technology,2010-05-31,2010-01-31,4,5,false,0.3538,-0.0297,-0.0204,,-0.1602,,,,3.33,net_income,0,No change
NVDA,NVIDIA CORP,Information Technology,2010-06-30,2010-01-31,4,5,false,0.3538,-0.0297,-0.0204,,-0.1602,,,,3.33,net_income,0,No change
NVDA,NVIDIA CORP,Information Technology,2010-07-31,2010-01-31,4,5,false,0.3538,-0.0297,-0.0204,,-0.1602,,,,3.33,net_income,0,No change
NVDA,NVIDIA CORP,Information Technology,2010-08-31,2010-01-31,4,5,false,0.3538,-0.0297,-0.0204,,-0.1602,,,,3.33,net_income,0,No change
NVDA,NVIDIA CORP,Information Technology,2010-09-30,2010-01-31,4,5,false,0.3538,-0.0297,-0.0204,,-0.1602,,,,3.33,net_income,0,No change
NVDA,NVIDIA CORP,Information Technology,2010-10-31,2010-01-31,4,5,false,0.3538,-0.0297,-0.0204,,-0.1602,,,,3.33,net_income,0,No change
NVDA,NVIDIA CORP,Information Technology,2010-11-30,2010-01-31,4,5,false,0.3538,-0.0297,-0.0204,,-0.1602,,,,3.33,net_income,0,No change
NVDA,NVIDIA CORP,Information Technology,2010-12-31,2010-01-31,4,5,false,0.3538,-0.0297,-0.0204,,-0.1602,,,,3.33,net_income,0,No change
NVDA,NVIDIA CORP,Information Technology,2011-01-31,2010-01-31,4,5,false,0.3538,-0.0297,-0.0204,,-0.1602,,,,3.33,net_income,0,No change
NVDA,NVIDIA CORP,Information Technology,2011-02-28,2010-01-31,4,5,false,0.3538,-0.0297,-0.0204,,-0.1602,,,,3.33,net_income,0,No change
NVDA,NVIDIA CORP,Information Technology,2011-03-31,2011-01-30,6,7,false,0.3977,0.0722,0.0714,,-0.1046,,,,3.54,net_income,2,New annual report
NVDA,NVIDIA CORP,Information Technology,2011-04-30,2011-01-30,6,7,false,0.3977,0.0722,0.0714,,-0.1046,,,,3.54,net_income,0,No change
NVDA,NVIDIA CORP,Information Technology,2011-05-31,2011-01-30,6,7,false,0.3977,0.0722,0.0714,,-0.1046,,,,3.54,net_income,0,No change
NVDA,NVIDIA CORP,Information Technology,2011-06-30,2011-01-30,6,7,false,0.3977,0.0722,0.0714,,-0.1046,,,,3.54,net_income,0,No change
NVDA,NVIDIA CORP,Information Technology,2011-07-31,2011-01-30,6,7,false,0.3977,0.0722,0.0714,,-0.1046,,,,3.54,net_income,0,No change
NVDA,NVIDIA CORP,Information Technology,2011-08-31,2011-01-30,6,7,false,0.3977,0.0722,0.0714,,-0.1046,,,,3.54,net_income,0,No change
NVDA,NVIDIA CORP,Information Technology,2011-09-30,2011-01-30,6,7,false,0.3977,0.0722,0.0714,,-0.1046,,,,3.54,net_income,0,No change
NVDA,NVIDIA CORP,Information Technology,2011-10-31,2011-01-30,6,7,false,0.3977,0.0722,0.0714,,-0.1046,,,,3.54,net_income,0,No change
NVDA,NVIDIA CORP,Information Technology,2011-11-30,2011-01-30,6,7,false,0.3977,0.0722,0.0714,,-0.1046,,,,3.54,net_income,0,No change
NVDA,NVIDIA CORP,Information Technology,2011-12-31,2011-01-30,6,7,false,0.3977,0.0722,0.0714,,-0.1046,,,,3.54,net_income,0,No change
NVDA,NVIDIA CORP,Information Technology,2012-01-31,2011-01-30,6,7,false,0.3977,0.0722,0.0714,,-0.1046,,,,3.54,net_income,0,No change
NVDA,NVIDIA CORP,Information Technology,2012-02-29,2011-01-30,6,7,false,0.3977,0.0722,0.0714,,-0.1046,,,,3.54,net_income,0,No change
NVDA,NVIDIA CORP,Information Technology,2012-03-31,2012-01-29,6,8,false,0.5144,0.1622,0.1453,0.1927,-0.0653,,,,4.0,net_income,0,No change
NVDA,NVIDIA CORP,Information Technology,2012-04-30,2012-01-29,6,8,false,0.5144,0.1622,0.1453,0.1927,-0.0653,,,,4.0,net_income,0,No change
NVDA,NVIDIA CORP,Information Technology,2012-05-31,2012-01-29,6,8,false,0.5144,0.1622,0.1453,0.1927,-0.0653,,,,4.0,net_income,0,No change
NVDA,NVIDIA CORP,Information Technology,2012-06-30,2012-01-29,6,8,false,0.5144,0.1622,0.1453,0.1927,-0.0653,,,,4.0,net_income,0,No change
NVDA,NVIDIA CORP,Information Technology,2012-07-31,2012-01-29,6,8,false,0.5144,0.1622,0.1453,0.1927,-0.0653,,,,4.0,net_income,0,No change
NVDA,NVIDIA CORP,Information Technology,2012-08-31,2012-01-29,6,8,false,0.5144,0.1622,0.1453,0.1927,-0.0653,,,,4.0,net_income,0,No change
NVDA,NVIDIA CORP,Information Technology,2012-09-30,2012-01-29,6,8,false,0.5144,0.1622,0.1453,0.1927,-0.0653,,,,4.0,net_income,0,No change
NVDA,NVIDIA CORP,Information Technology,2012-10-31,2012-01-29,6,8,false,0.5144,0.1622,0.1453,0.1927,-0.0653,,,,4.0,net_income,0,No change
NVDA,NVIDIA CORP,Information Technology,2012-11-30,2012-01-29,6,8,false,0.5144,0.1622,0.1453,0.1927,-0.0653,,,,4.0,net_income,0,No change
NVDA,NVIDIA CORP,Information Technology,2012-12-31,2012-01-29,6,8,false,0.5144,0.1622,0.1453,0.1927,-0.0653,,,,4.0,net_income,0,No change
NVDA,NVIDIA CORP,Information Technology,2013-01-31,2012-01-29,6,8,false,0.5144,0.1622,0.1453,0.1927,-0.0653,,,,4.0,net_income,0,No change
NVDA,NVIDIA CORP,Information Technology,2013-02-28,2012-01-29,6,8,false,0.5144,0.1622,0.1453,0.1927,-0.0653,,,,4.0,net_income,0,No change
NVDA,NVIDIA CORP,Information Technology,2013-03-31,2013-01-27,5,8,false,0.5202,0.1515,0.1314,,-0.0437,,,,4.28,net_income,-1,New annual report
NVDA,NVIDIA CORP,Information Technology,2013-04-30,2013-01-27,5,8,false,0.5202,0.1515,0.1314,,-0.0437,,,,4.28,net_income,0,No change
NVDA,NVIDIA CORP,Information Technology,2013-05-31,2013-01-27,5,8,false,0.5202,0.1515,0.1314,,-0.0437,,,,4.28,net_income,0,No change
NVDA,NVIDIA CORP,Information Technology,2013-06-30,2013-01-27,5,8,false,0.5202,0.1515,0.1314,,-0.0437,,,,4.28,net_income,0,No change
NVDA,NVIDIA CORP,Information Technology,2013-07-31,2013-01-27,5,8,false,0.5202,0.1515,0.1314,,-0.0437,,,,4.28,net_income,0,No change
NVDA,NVIDIA CORP,Information Technology,2013-08-31,2013-01-27,5,8,false,0.5202,0.1515,0.1314,,-0.0437,,,,4.28,net_income,0,No change
NVDA,NVIDIA CORP,Information Technology,2013-09-30,2013-01-27,5,8,false,0.5202,0.1515,0.1314,,-0.0437,,,,4.28,net_income,0,No change
NVDA,NVIDIA CORP,Information Technology,2013-10-31,2013-01-27,5,8,false,0.5202,0.1515,0.1314,,-0.0437,,,,4.28,net_income,0,No change
NVDA,NVIDIA CORP,Information Technology,2013-11-30,2013-01-27,5,8,false,0.5202,0.1515,0.1314,,-0.0437,,,,4.28,net_income,0,No change
NVDA,NVIDIA CORP,Information Technology,2013-12-31,2013-01-27,5,8,false,0.5202,0.1515,0.1314,,-0.0437,,,,4.28,net_income,0,No change
NVDA,NVIDIA CORP,Information Technology,2014-01-31,2013-01-27,5,8,false,0.5202,0.1515,0.1314,,-0.0437,,,,4.28,net_income,0,No change
NVDA,NVIDIA CORP,Information Technology,2014-02-28,2013-01-27,5,8,false,0.5202,0.1515,0.1314,,-0.0437,,,,4.28,net_income,0,No change
NVDA,NVIDIA CORP,Information Technology,2014-03-31,2014-01-26,6,9,true,0.5491,0.1201,0.1065,,-0.0578,1.36,long_term_debt_incl_current,0.3,4.13,net_income,1,New annual report
NVDA,NVIDIA CORP,Information Technology,2014-04-30,2014-01-26,6,9,true,0.5491,0.1201,0.1065,,-0.0578,1.36,long_term_debt_incl_current,0.3,4.13,net_income,0,No change
NVDA,NVIDIA CORP,Information Technology,2014-05-31,2014-01-26,6,9,true,0.5491,0.1201,0.1065,,-0.0578,1.36,long_term_debt_incl_current,0.3,4.13,net_income,0,No change
NVDA,NVIDIA CORP,Information Technology,2014-06-30,2014-01-26,6,9,true,0.5491,0.1201,0.1065,,-0.0578,1.36,long_term_debt_incl_current,0.3,4.13,net_income,0,No change
NVDA,NVIDIA CORP,Information Technology,2014-07-31,2014-01-26,6,9,true,0.5491,0.1201,0.1065,,-0.0578,1.36,long_term_debt_incl_current,0.3,4.13,net_income,0,No change
NVDA,NVIDIA CORP,Information Technology,2014-08-31,2014-01-26,6,9,true,0.5491,0.1201,0.1065,,-0.0578,1.36,long_term_debt_incl_current,0.3,4.13,net_income,0,No change
NVDA,NVIDIA CORP,Information Technology,2014-09-30,2014-01-26,6,9,true,0.5491,0.1201,0.1065,,-0.0578,1.36,long_term_debt_incl_current,0.3,4.13,net_income,0,No change
NVDA,NVIDIA CORP,Information Technology,2014-10-31,2014-01-26,6,9,true,0.5491,0.1201,0.1065,,-0.0578,1.36,long_term_debt_incl_current,0.3,4.13,net_income,0,No change
NVDA,NVIDIA CORP,Information Technology,2014-11-30,2014-01-26,6,9,true,0.5491,0.1201,0.1065,,-0.0578,1.36,long_term_debt_incl_current,0.3,4.13,net_income,0,No change
NVDA,NVIDIA CORP,Information Technology,2014-12-31,2014-01-26,6,9,true,0.5491,0.1201,0.1065,,-0.0578,1.36,long_term_debt_incl_current,0.3,4.13,net_income,0,No change
NVDA,NVIDIA CORP,Information Technology,2015-01-31,2014-01-26,6,9,true,0.5491,0.1201,0.1065,,-0.0578,1.36,long_term_debt_incl_current,0.3,4.13,net_income,0,No change
NVDA,NVIDIA CORP,Information Technology,2015-02-28,2014-01-26,6,9,true,0.5491,0.1201,0.1065,,-0.0578,1.36,long_term_debt_incl_current,0.3,4.13,net_income,0,No change
NVDA,NVIDIA CORP,Information Technology,2015-03-31,2015-01-25,9,9,true,0.5553,0.1621,0.1347,,-0.0381,1.38,long_term_debt_incl_current,0.31,4.68,net_income,3,New annual report
NVDA,NVIDIA CORP,Information Technology,2015-04-30,2015-01-25,9,9,true,0.5553,0.1621,0.1347,,-0.0381,1.38,long_term_debt_incl_current,0.31,4.68,net_income,0,No change
NVDA,NVIDIA CORP,Information Technology,2015-05-31,2015-01-25,9,9,true,0.5553,0.1621,0.1347,,-0.0381,1.38,long_term_debt_incl_current,0.31,4.68,net_income,0,No change
NVDA,NVIDIA CORP,Information Technology,2015-06-30,2015-01-25,9,9,true,0.5553,0.1621,0.1347,,-0.0381,1.38,long_term_debt_incl_current,0.31,4.68,net_income,0,No change
NVDA,NVIDIA CORP,Information Technology,2015-07-31,2015-01-25,9,9,true,0.5553,0.1621,0.1347,,-0.0381,1.38,long_term_debt_incl_current,0.31,4.68,net_income,0,No change
NVDA,NVIDIA CORP,Information Technology,2015-08-31,2015-01-25,9,9,true,0.5553,0.1621,0.1347,,-0.0381,1.38,long_term_debt_incl_current,0.31,4.68,net_income,0,No change
NVDA,NVIDIA CORP,Information Technology,2015-09-30,2015-01-25,9,9,true,0.5553,0.1621,0.1347,,-0.0381,1.38,long_term_debt_incl_current,0.31,4.68,net_income,0,No change
NVDA,NVIDIA CORP,Information Technology,2015-10-31,2015-01-25,9,9,true,0.5553,0.1621,0.1347,,-0.0381,1.38,long_term_debt_incl_current,0.31,4.68,net_income,0,No change
NVDA,NVIDIA CORP,Information Technology,2015-11-30,2015-01-25,9,9,true,0.5553,0.1621,0.1347,,-0.0381,1.38,long_term_debt_incl_current,0.31,4.68,net_income,0,No change
NVDA,NVIDIA CORP,Information Technology,2015-12-31,2015-01-25,9,9,true,0.5553,0.1621,0.1347,,-0.0381,1.38,long_term_debt_incl_current,0.31,4.68,net_income,0,No change
NVDA,NVIDIA CORP,Information Technology,2016-01-31,2015-01-25,9,9,true,0.5553,0.1621,0.1347,,-0.0381,1.38,long_term_debt_incl_current,0.31,4.68,net_income,0,No change
NVDA,NVIDIA CORP,Information Technology,2016-02-29,2015-01-25,9,9,true,0.5553,0.1621,0.1347,,-0.0381,1.38,long_term_debt_incl_current,0.31,4.68,net_income,0,No change
NVDA,NVIDIA CORP,Information Technology,2016-03-31,2016-01-31,5,9,true,0.5611,0.1491,0.1226,,-0.077,1.41,long_term_debt_incl_current,0.32,5.01,net_income,-4,New annual report
NVDA,NVIDIA CORP,Information Technology,2016-04-30,2016-01-31,5,9,true,0.5611,0.1491,0.1226,,-0.077,1.41,long_term_debt_incl_current,0.32,5.01,net_income,0,No change
NVDA,NVIDIA CORP,Information Technology,2016-05-31,2016-01-31,5,9,true,0.5611,0.1491,0.1226,,-0.077,1.41,long_term_debt_incl_current,0.32,5.01,net_income,0,No change
NVDA,NVIDIA CORP,Information Technology,2016-06-30,2016-01-31,5,9,true,0.5611,0.1491,0.1226,,-0.077,1.41,long_term_debt_incl_current,0.32,5.01,net_income,0,No change
NVDA,NVIDIA CORP,Information Technology,2016-07-31,2016-01-31,5,9,true,0.5611,0.1491,0.1226,,-0.077,1.41,long_term_debt_incl_current,0.32,5.01,net_income,0,No change
NVDA,NVIDIA CORP,Information Technology,2016-08-31,2016-01-31,5,9,true,0.5611,0.1491,0.1226,,-0.077,1.41,long_term_debt_incl_current,0.32,5.01,net_income,0,No change
NVDA,NVIDIA CORP,Information Technology,2016-09-30,2016-01-31,5,9,true,0.5611,0.1491,0.1226,,-0.077,1.41,long_term_debt_incl_current,0.32,5.01,net_income,0,No change
NVDA,NVIDIA CORP,Information Technology,2016-10-31,2016-01-31,5,9,true,0.5611,0.1491,0.1226,,-0.077,1.41,long_term_debt_incl_current,0.32,5.01,net_income,0,No change
NVDA,NVIDIA CORP,Information Technology,2016-11-30,2016-01-31,6,9,true,0.5611,0.1491,0.1226,,-0.077,0.0,long_term_debt_incl_current,0.0,5.01,net_income,1,Revised data for same fiscal year
NVDA,NVIDIA CORP,Information Technology,2016-12-31,2016-01-31,6,9,true,0.5611,0.1491,0.1226,,-0.077,0.0,long_term_debt_incl_current,0.0,5.01,net_income,0,No change
NVDA,NVIDIA CORP,Information Technology,2017-01-31,2016-01-31,6,9,true,0.5611,0.1491,0.1226,,-0.077,0.0,long_term_debt_incl_current,0.0,5.01,net_income,0,No change
NVDA,NVIDIA CORP,Information Technology,2017-02-28,2016-01-31,6,9,true,0.5611,0.1491,0.1226,,-0.077,0.0,long_term_debt_incl_current,0.0,5.01,net_income,0,No change
NVDA,NVIDIA CORP,Information Technology,2017-03-31,2017-01-29,7,9,true,0.588,0.2799,0.2411,,-0.0007,1.98,long_term_debt_incl_current,0.34,6.91,net_income,1,New annual report
NVDA,NVIDIA CORP,Information Technology,2017-04-30,2017-01-29,7,9,true,0.588,0.2799,0.2411,,-0.0007,1.98,long_term_debt_incl_current,0.34,6.91,net_income,0,No change
NVDA,NVIDIA CORP,Information Technology,2017-05-31,2017-01-29,7,9,true,0.588,0.2799,0.2411,,-0.0007,1.98,long_term_debt_incl_current,0.34,6.91,net_income,0,No change
NVDA,NVIDIA CORP,Information Technology,2017-06-30,2017-01-29,7,9,true,0.588,0.2799,0.2411,,-0.0007,1.98,long_term_debt_incl_current,0.34,6.91,net_income,0,No change
NVDA,NVIDIA CORP,Information Technology,2017-07-31,2017-01-29,7,9,true,0.588,0.2799,0.2411,,-0.0007,1.98,long_term_debt_incl_current,0.34,6.91,net_income,0,No change
NVDA,NVIDIA CORP,Information Technology,2017-08-31,2017-01-29,7,9,true,0.588,0.2799,0.2411,,-0.0007,1.98,long_term_debt_incl_current,0.34,6.91,net_income,0,No change
NVDA,NVIDIA CORP,Information Technology,2017-09-30,2017-01-29,7,9,true,0.588,0.2799,0.2411,,-0.0007,1.98,long_term_debt_incl_current,0.34,6.91,net_income,0,No change
NVDA,NVIDIA CORP,Information Technology,2017-10-31,2017-01-29,7,9,true,0.588,0.2799,0.2411,,-0.0007,1.98,long_term_debt_incl_current,0.34,6.91,net_income,0,No change
NVDA,NVIDIA CORP,Information Technology,2017-11-30,2017-01-29,7,9,true,0.588,0.2799,0.2411,,-0.0007,1.98,long_term_debt_incl_current,0.34,6.91,net_income,0,No change
NVDA,NVIDIA CORP,Information Technology,2017-12-31,2017-01-29,7,9,true,0.588,0.2799,0.2411,,-0.0007,1.98,long_term_debt_incl_current,0.34,6.91,net_income,0,No change
NVDA,NVIDIA CORP,Information Technology,2018-01-31,2017-01-29,7,9,true,0.588,0.2799,0.2411,,-0.0007,1.98,long_term_debt_incl_current,0.34,6.91,net_income,0,No change
NVDA,NVIDIA CORP,Information Technology,2018-02-28,2017-01-29,7,9,true,0.588,0.2799,0.2411,,-0.0007,1.98,long_term_debt_incl_current,0.34,6.91,net_income,0,No change
NVDA,NVIDIA CORP,Information Technology,2018-03-31,2018-01-28,9,9,true,0.5993,0.3305,0.3137,,-0.0432,1.99,long_term_debt_incl_current,0.27,9.71,net_income,2,New annual report
NVDA,NVIDIA CORP,Information Technology,2018-04-30,2018-01-28,9,9,true,0.5993,0.3305,0.3137,,-0.0432,1.99,long_term_debt_incl_current,0.27,9.71,net_income,0,No change
NVDA,NVIDIA CORP,Information Technology,2018-05-31,2018-01-28,9,9,true,0.5993,0.3305,0.3137,,-0.0432,1.99,long_term_debt_incl_current,0.27,9.71,net_income,0,No change
NVDA,NVIDIA CORP,Information Technology,2018-06-30,2018-01-28,9,9,true,0.5993,0.3305,0.3137,,-0.0432,1.99,long_term_debt_incl_current,0.27,9.71,net_income,0,No change
NVDA,NVIDIA CORP,Information Technology,2018-07-31,2018-01-28,9,9,true,0.5993,0.3305,0.3137,,-0.0432,1.99,long_term_debt_incl_current,0.27,9.71,net_income,0,No change
NVDA,NVIDIA CORP,Information Technology,2018-08-31,2018-01-28,9,9,true,0.5993,0.3305,0.3137,,-0.0432,1.99,long_term_debt_incl_current,0.27,9.71,net_income,0,No change
NVDA,NVIDIA CORP,Information Technology,2018-09-30,2018-01-28,9,9,true,0.5993,0.3305,0.3137,,-0.0432,1.99,long_term_debt_incl_current,0.27,9.71,net_income,0,No change
NVDA,NVIDIA CORP,Information Technology,2018-10-31,2018-01-28,9,9,true,0.5993,0.3305,0.3137,,-0.0432,1.99,long_term_debt_incl_current,0.27,9.71,net_income,0,No change
NVDA,NVIDIA CORP,Information Technology,2018-11-30,2018-01-28,9,9,true,0.5993,0.3305,0.3137,,-0.0432,1.99,long_term_debt_incl_current,0.27,9.71,net_income,0,No change
NVDA,NVIDIA CORP,Information Technology,2018-12-31,2018-01-28,9,9,true,0.5993,0.3305,0.3137,,-0.0432,1.99,long_term_debt_incl_current,0.27,9.71,net_income,0,No change
NVDA,NVIDIA CORP,Information Technology,2019-01-31,2018-01-28,9,9,true,0.5993,0.3305,0.3137,,-0.0432,1.99,long_term_debt_incl_current,0.27,9.71,net_income,0,No change
NVDA,NVIDIA CORP,Information Technology,2019-02-28,2019-01-27,7,9,true,0.6121,0.3247,0.3534,,0.0324,1.99,long_term_debt_incl_current,0.21,11.72,net_income,-2,New annual report
NVDA,NVIDIA CORP,Information Technology,2019-03-31,2019-01-27,7,9,true,0.6121,0.3247,0.3534,,0.0324,1.99,long_term_debt_incl_current,0.21,11.72,net_income,0,No change
NVDA,NVIDIA CORP,Information Technology,2019-04-30,2019-01-27,7,9,true,0.6121,0.3247,0.3534,,0.0324,1.99,long_term_debt_incl_current,0.21,11.72,net_income,0,No change
NVDA,NVIDIA CORP,Information Technology,2019-05-31,2019-01-27,7,9,true,0.6121,0.3247,0.3534,,0.0324,1.99,long_term_debt_incl_current,0.21,11.72,net_income,0,No change
NVDA,NVIDIA CORP,Information Technology,2019-06-30,2019-01-27,7,9,true,0.6121,0.3247,0.3534,,0.0324,1.99,long_term_debt_incl_current,0.21,11.72,net_income,0,No change
NVDA,NVIDIA CORP,Information Technology,2019-07-31,2019-01-27,7,9,true,0.6121,0.3247,0.3534,,0.0324,1.99,long_term_debt_incl_current,0.21,11.72,net_income,0,No change
NVDA,NVIDIA CORP,Information Technology,2019-08-31,2019-01-27,7,9,true,0.6121,0.3247,0.3534,,0.0324,1.99,long_term_debt_incl_current,0.21,11.72,net_income,0,No change
NVDA,NVIDIA CORP,Information Technology,2019-09-30,2019-01-27,7,9,true,0.6121,0.3247,0.3534,,0.0324,1.99,long_term_debt_incl_current,0.21,11.72,net_income,0,No change
NVDA,NVIDIA CORP,Information Technology,2019-10-31,2019-01-27,7,9,true,0.6121,0.3247,0.3534,,0.0324,1.99,long_term_debt_incl_current,0.21,11.72,net_income,0,No change
NVDA,NVIDIA CORP,Information Technology,2019-11-30,2019-01-27,7,9,true,0.6121,0.3247,0.3534,,0.0324,1.99,long_term_debt_incl_current,0.21,11.72,net_income,0,No change
NVDA,NVIDIA CORP,Information Technology,2019-12-31,2019-01-27,7,9,true,0.6121,0.3247,0.3534,,0.0324,1.99,long_term_debt_incl_current,0.21,11.72,net_income,0,No change
NVDA,NVIDIA CORP,Information Technology,2020-01-31,2019-01-27,7,9,true,0.6121,0.3247,0.3534,,0.0324,1.99,long_term_debt_incl_current,0.21,11.72,net_income,0,No change
NVDA,NVIDIA CORP,Information Technology,2020-02-29,2020-01-26,6,9,true,0.6199,0.2607,0.2561,,-0.1284,1.99,long_term_debt_incl_current,0.16,10.92,net_income,-1,New annual report
NVDA,NVIDIA CORP,Information Technology,2020-03-31,2020-01-26,6,9,true,0.6199,0.2607,0.2561,,-0.1284,1.99,long_term_debt_incl_current,0.16,10.92,net_income,0,No change
NVDA,NVIDIA CORP,Information Technology,2020-04-30,2020-01-26,6,9,true,0.6199,0.2607,0.2561,,-0.1284,1.99,long_term_debt_incl_current,0.16,10.92,net_income,0,No change
NVDA,NVIDIA CORP,Information Technology,2020-05-31,2020-01-26,6,9,true,0.6199,0.2607,0.2561,,-0.1284,1.99,long_term_debt_incl_current,0.16,10.92,net_income,0,No change
NVDA,NVIDIA CORP,Information Technology,2020-06-30,2020-01-26,6,9,true,0.6199,0.2607,0.2561,,-0.1284,1.99,long_term_debt_incl_current,0.16,10.92,net_income,0,No change
NVDA,NVIDIA CORP,Information Technology,2020-07-31,2020-01-26,6,9,true,0.6199,0.2607,0.2561,,-0.1284,1.99,long_term_debt_incl_current,0.16,10.92,net_income,0,No change
NVDA,NVIDIA CORP,Information Technology,2020-08-31,2020-01-26,6,9,true,0.6199,0.2607,0.2561,,-0.1284,1.99,long_term_debt_incl_current,0.16,10.92,net_income,0,No change
NVDA,NVIDIA CORP,Information Technology,2020-09-30,2020-01-26,6,9,true,0.6199,0.2607,0.2561,,-0.1284,1.99,long_term_debt_incl_current,0.16,10.92,net_income,0,No change
NVDA,NVIDIA CORP,Information Technology,2020-10-31,2020-01-26,6,9,true,0.6199,0.2607,0.2561,,-0.1284,1.99,long_term_debt_incl_current,0.16,10.92,net_income,0,No change
NVDA,NVIDIA CORP,Information Technology,2020-11-30,2020-01-26,6,9,true,0.6199,0.2607,0.2561,,-0.1284,1.99,long_term_debt_incl_current,0.16,10.92,net_income,0,No change
NVDA,NVIDIA CORP,Information Technology,2020-12-31,2020-01-26,6,9,true,0.6199,0.2607,0.2561,,-0.1284,1.99,long_term_debt_incl_current,0.16,10.92,net_income,0,No change
NVDA,NVIDIA CORP,Information Technology,2021-01-31,2020-01-26,6,9,true,0.6199,0.2607,0.2561,,-0.1284,1.99,long_term_debt_incl_current,0.16,10.92,net_income,0,No change
NVDA,NVIDIA CORP,Information Technology,2021-02-28,2021-01-31,6,9,true,0.6234,0.2718,0.2598,,-0.0646,6.96,long_term_debt_incl_current,0.41,16.68,net_income,0,No change
NVDA,NVIDIA CORP,Information Technology,2021-03-31,2021-01-31,6,9,true,0.6234,0.2718,0.2598,,-0.0646,6.96,long_term_debt_incl_current,0.41,16.68,net_income,0,No change
NVDA,NVIDIA CORP,Information Technology,2021-04-30,2021-01-31,6,9,true,0.6234,0.2718,0.2598,,-0.0646,6.96,long_term_debt_incl_current,0.41,16.68,net_income,0,No change
NVDA,NVIDIA CORP,Information Technology,2021-05-31,2021-01-31,6,9,true,0.6234,0.2718,0.2598,,-0.0646,6.96,long_term_debt_incl_current,0.41,16.68,net_income,0,No change
NVDA,NVIDIA CORP,Information Technology,2021-06-30,2021-01-31,6,9,true,0.6234,0.2718,0.2598,,-0.0646,6.96,long_term_debt_incl_current,0.41,16.68,net_income,0,No change
NVDA,NVIDIA CORP,Information Technology,2021-07-31,2021-01-31,6,9,true,0.6234,0.2718,0.2598,,-0.0646,6.96,long_term_debt_incl_current,0.41,16.68,net_income,0,No change
NVDA,NVIDIA CORP,Information Technology,2021-08-31,2021-01-31,6,9,true,0.6234,0.2718,0.2598,,-0.0646,6.96,long_term_debt_incl_current,0.41,16.68,net_income,0,No change
NVDA,NVIDIA CORP,Information Technology,2021-09-30,2021-01-31,6,9,true,0.6234,0.2718,0.2598,,-0.0646,6.96,long_term_debt_incl_current,0.41,16.68,net_income,0,No change
NVDA,NVIDIA CORP,Information Technology,2021-10-31,2021-01-31,6,9,true,0.6234,0.2718,0.2598,,-0.0646,6.96,long_term_debt_incl_current,0.41,16.68,net_income,0,No change
NVDA,NVIDIA CORP,Information Technology,2021-11-30,2021-01-31,6,9,true,0.6234,0.2718,0.2598,,-0.0646,6.96,long_term_debt_incl_current,0.41,16.68,net_income,0,No change
NVDA,NVIDIA CORP,Information Technology,2021-12-31,2021-01-31,6,9,true,0.6234,0.2718,0.2598,,-0.0646,6.96,long_term_debt_incl_current,0.41,16.68,net_income,0,No change
NVDA,NVIDIA CORP,Information Technology,2022-01-31,2021-01-31,6,9,true,0.6234,0.2718,0.2598,,-0.0646,6.96,long_term_debt_incl_current,0.41,16.68,net_income,0,No change
NVDA,NVIDIA CORP,Information Technology,2022-02-28,2021-01-31,6,9,true,0.6234,0.2718,0.2598,,-0.0646,6.96,long_term_debt_incl_current,0.41,16.68,net_income,0,No change
NVDA,NVIDIA CORP,Information Technology,2022-03-31,2022-01-30,6,9,true,0.6493,0.3731,0.3623,,0.0176,10.95,long_term_debt_incl_current,0.41,26.91,net_income,0,No change
NVDA,NVIDIA CORP,Information Technology,2022-04-30,2022-01-30,6,9,true,0.6493,0.3731,0.3623,,0.0176,10.95,long_term_debt_incl_current,0.41,26.91,net_income,0,No change
NVDA,NVIDIA CORP,Information Technology,2022-05-31,2022-01-30,6,9,true,0.6493,0.3731,0.3623,,0.0176,10.95,long_term_debt_incl_current,0.41,26.91,net_income,0,No change
NVDA,NVIDIA CORP,Information Technology,2022-06-30,2022-01-30,6,9,true,0.6493,0.3731,0.3623,,0.0176,10.95,long_term_debt_incl_current,0.41,26.91,net_income,0,No change
NVDA,NVIDIA CORP,Information Technology,2022-07-31,2022-01-30,6,9,true,0.6493,0.3731,0.3623,,0.0176,10.95,long_term_debt_incl_current,0.41,26.91,net_income,0,No change
NVDA,NVIDIA CORP,Information Technology,2022-08-31,2022-01-30,6,9,true,0.6493,0.3731,0.3623,,0.0176,10.95,long_term_debt_incl_current,0.41,26.91,net_income,0,No change
NVDA,NVIDIA CORP,Information Technology,2022-09-30,2022-01-30,6,9,true,0.6493,0.3731,0.3623,,0.0176,10.95,long_term_debt_incl_current,0.41,26.91,net_income,0,No change
NVDA,NVIDIA CORP,Information Technology,2022-10-31,2022-01-30,6,9,true,0.6493,0.3731,0.3623,,0.0176,10.95,long_term_debt_incl_current,0.41,26.91,net_income,0,No change
NVDA,NVIDIA CORP,Information Technology,2022-11-30,2022-01-30,6,9,true,0.6493,0.3731,0.3623,,0.0176,10.95,long_term_debt_incl_current,0.41,26.91,net_income,0,No change
NVDA,NVIDIA CORP,Information Technology,2022-12-31,2022-01-30,6,9,true,0.6493,0.3731,0.3623,,0.0176,10.95,long_term_debt_incl_current,0.41,26.91,net_income,0,No change
NVDA,NVIDIA CORP,Information Technology,2023-01-31,2022-01-30,6,9,true,0.6493,0.3731,0.3623,,0.0176,10.95,long_term_debt_incl_current,0.41,26.91,net_income,0,No change
NVDA,NVIDIA CORP,Information Technology,2023-02-28,2023-01-29,5,9,true,0.5693,0.1566,0.1619,,-0.0298,10.95,long_term_debt_incl_current,0.5,26.97,net_income,-1,New annual report
NVDA,NVIDIA CORP,Information Technology,2023-03-31,2023-01-29,5,9,true,0.5693,0.1566,0.1619,,-0.0298,10.95,long_term_debt_incl_current,0.5,26.97,net_income,0,No change
NVDA,NVIDIA CORP,Information Technology,2023-04-30,2023-01-29,5,9,true,0.5693,0.1566,0.1619,,-0.0298,10.95,long_term_debt_incl_current,0.5,26.97,net_income,0,No change
NVDA,NVIDIA CORP,Information Technology,2023-05-31,2023-01-29,5,9,true,0.5693,0.1566,0.1619,,-0.0298,10.95,long_term_debt_incl_current,0.5,26.97,net_income,0,No change
NVDA,NVIDIA CORP,Information Technology,2023-06-30,2023-01-29,5,9,true,0.5693,0.1566,0.1619,,-0.0298,10.95,long_term_debt_incl_current,0.5,26.97,net_income,0,No change
NVDA,NVIDIA CORP,Information Technology,2023-07-31,2023-01-29,5,9,true,0.5693,0.1566,0.1619,,-0.0298,10.95,long_term_debt_incl_current,0.5,26.97,net_income,0,No change
NVDA,NVIDIA CORP,Information Technology,2023-08-31,2023-01-29,5,9,true,0.5693,0.1566,0.1619,,-0.0298,10.95,long_term_debt_incl_current,0.5,26.97,net_income,0,No change
NVDA,NVIDIA CORP,Information Technology,2023-09-30,2023-01-29,5,9,true,0.5693,0.1566,0.1619,,-0.0298,10.95,long_term_debt_incl_current,0.5,26.97,net_income,0,No change
NVDA,NVIDIA CORP,Information Technology,2023-10-31,2023-01-29,5,9,true,0.5693,0.1566,0.1619,,-0.0298,10.95,long_term_debt_incl_current,0.5,26.97,net_income,0,No change
NVDA,NVIDIA CORP,Information Technology,2023-11-30,2023-01-29,5,9,true,0.5693,0.1566,0.1619,,-0.0298,10.95,long_term_debt_incl_current,0.5,26.97,net_income,0,No change
NVDA,NVIDIA CORP,Information Technology,2023-12-31,2023-01-29,5,9,true,0.5693,0.1566,0.1619,,-0.0298,10.95,long_term_debt_incl_current,0.5,26.97,net_income,0,No change
NVDA,NVIDIA CORP,Information Technology,2024-01-31,2023-01-29,5,9,true,0.5693,0.1566,0.1619,,-0.0298,10.95,long_term_debt_incl_current,0.5,26.97,net_income,0,No change
NVDA,NVIDIA CORP,Information Technology,2024-02-29,2024-01-28,8,9,true,0.7272,0.5412,0.4885,,0.0312,9.71,long_term_debt_incl_current,0.23,60.92,net_income,3,New annual report
NVDA,NVIDIA CORP,Information Technology,2024-03-31,2024-01-28,8,9,true,0.7272,0.5412,0.4885,,0.0312,9.71,long_term_debt_incl_current,0.23,60.92,net_income,0,No change
NVDA,NVIDIA CORP,Information Technology,2024-04-30,2024-01-28,8,9,true,0.7272,0.5412,0.4885,,0.0312,9.71,long_term_debt_incl_current,0.23,60.92,net_income,0,No change
NVDA,NVIDIA CORP,Information Technology,2024-05-31,2024-01-28,8,9,true,0.7272,0.5412,0.4885,,0.0312,9.71,long_term_debt_incl_current,0.23,60.92,net_income,0,No change
NVDA,NVIDIA CORP,Information Technology,2024-06-30,2024-01-28,8,9,true,0.7272,0.5412,0.4885,,0.0312,9.71,long_term_debt_incl_current,0.23,60.92,net_income,0,No change
NVDA,NVIDIA CORP,Information Technology,2024-07-31,2024-01-28,8,9,true,0.7272,0.5412,0.4885,,0.0312,9.71,long_term_debt_incl_current,0.23,60.92,net_income,0,No change
NVDA,NVIDIA CORP,Information Technology,2024-08-31,2024-01-28,8,9,true,0.7272,0.5412,0.4885,,0.0312,9.71,long_term_debt_incl_current,0.23,60.92,net_income,0,No change
NVDA,NVIDIA CORP,Information Technology,2024-09-30,2024-01-28,8,9,true,0.7272,0.5412,0.4885,,0.0312,9.71,long_term_debt_incl_current,0.23,60.92,net_income,0,No change
NVDA,NVIDIA CORP,Information Technology,2024-10-31,2024-01-28,8,9,true,0.7272,0.5412,0.4885,,0.0312,9.71,long_term_debt_incl_current,0.23,60.92,net_income,0,No change
NVDA,NVIDIA CORP,Information Technology,2024-11-30,2024-01-28,8,9,true,0.7272,0.5412,0.4885,,0.0312,9.71,long_term_debt_incl_current,0.23,60.92,net_income,0,No change
NVDA,NVIDIA CORP,Information Technology,2024-12-31,2024-01-28,8,9,true,0.7272,0.5412,0.4885,,0.0312,9.71,long_term_debt_incl_current,0.23,60.92,net_income,0,No change
NVDA,NVIDIA CORP,Information Technology,2025-01-31,2024-01-28,8,9,true,0.7272,0.5412,0.4885,,0.0312,9.71,long_term_debt_incl_current,0.23,60.92,net_income,0,No change
NVDA,NVIDIA CORP,Information Technology,2025-02-28,2025-01-26,8,9,true,0.7499,0.6242,0.5585,,0.0991,8.46,long_term_debt_incl_current,0.11,130.5,net_income,0,No change
NVDA,NVIDIA CORP,Information Technology,2025-03-31,2025-01-26,8,9,true,0.7499,0.6242,0.5585,,0.0991,8.46,long_term_debt_incl_current,0.11,130.5,net_income,0,No change
NVDA,NVIDIA CORP,Information Technology,2025-04-30,2025-01-26,8,9,true,0.7499,0.6242,0.5585,,0.0991,8.46,long_term_debt_incl_current,0.11,130.5,net_income,0,No change
NVDA,NVIDIA CORP,Information Technology,2025-05-31,2025-01-26,8,9,true,0.7499,0.6242,0.5585,,0.0991,8.46,long_term_debt_incl_current,0.11,130.5,net_income,0,No change
NVDA,NVIDIA CORP,Information Technology,2025-06-30,2025-01-26,8,9,true,0.7499,0.6242,0.5585,,0.0991,8.46,long_term_debt_incl_current,0.11,130.5,net_income,0,No change
NVDA,NVIDIA CORP,Information Technology,2025-07-31,2025-01-26,8,9,true,0.7499,0.6242,0.5585,,0.0991,8.46,long_term_debt_incl_current,0.11,130.5,net_income,0,No change
NVDA,NVIDIA CORP,Information Technology,2025-08-31,2025-01-26,8,9,true,0.7499,0.6242,0.5585,,0.0991,8.46,long_term_debt_incl_current,0.11,130.5,net_income,0,No change
NVDA,NVIDIA CORP,Information Technology,2025-09-30,2025-01-26,8,9,true,0.7499,0.6242,0.5585,,0.0991,8.46,long_term_debt_incl_current,0.11,130.5,net_income,0,No change
NVDA,NVIDIA CORP,Information Technology,2025-10-31,2025-01-26,8,9,true,0.7499,0.6242,0.5585,,0.0991,8.46,long_term_debt_incl_current,0.11,130.5,net_income,0,No change
NVDA,NVIDIA CORP,Information Technology,2025-11-30,2025-01-26,8,9,true,0.7499,0.6242,0.5585,,0.0991,8.46,long_term_debt_incl_current,0.11,130.5,net_income,0,No change
NVDA,NVIDIA CORP,Information Technology,2025-12-31,2025-01-26,8,9,true,0.7499,0.6242,0.5585,,0.0991,8.46,long_term_debt_incl_current,0.11,130.5,net_income,0,No change
NVDA,NVIDIA CORP,Information Technology,2026-01-31,2025-01-26,8,9,true,0.7499,0.6242,0.5585,,0.0991,8.46,long_term_debt_incl_current,0.11,130.5,net_income,0,No change
NVDA,NVIDIA CORP,Information Technology,2026-02-28,2026-01-25,4,9,true,0.7107,0.6038,0.556,,0.109,8.47,long_term_debt_incl_current,0.05,215.94,net_income,-4,New annual report
NVDA,NVIDIA CORP,Information Technology,2026-03-31,2026-01-25,4,9,true,0.7107,0.6038,0.556,,0.109,8.47,long_term_debt_incl_current,0.05,215.94,net_income,0,No change
NVDA,NVIDIA CORP,Information Technology,2026-04-30,2026-01-25,4,9,true,0.7107,0.6038,0.556,,0.109,8.47,long_term_debt_incl_current,0.05,215.94,net_income,0,No change
NVDA,NVIDIA CORP,Information Technology,2026-05-31,2026-01-25,4,9,true,0.7107,0.6038,0.556,,0.109,8.47,long_term_debt_incl_current,0.05,215.94,net_income,0,No change
NVDA,NVIDIA CORP,Information Technology,2026-06-30,2026-01-25,4,9,true,0.7107,0.6038,0.556,,0.109,8.47,long_term_debt_incl_current,0.05,215.94,net_income,0,No change
NVDA,NVIDIA CORP,Information Technology,2026-07-31,2026-01-25,4,9,true,0.7107,0.6038,0.556,,0.109,8.47,long_term_debt_incl_current,0.05,215.94,net_income,0,No change
NVDA,NVIDIA CORP,Information Technology,2026-08-31,2026-01-25,4,9,true,0.7107,0.6038,0.556,,0.109,8.47,long_term_debt_incl_current,0.05,215.94,net_income,0,No change
NVDA,NVIDIA CORP,Information Technology,2026-09-30,2026-01-25,4,9,true,0.7107,0.6038,0.556,,0.109,8.47,long_term_debt_incl_current,0.05,215.94,net_income,0,No change
ORCL,Oracle Corporation,Information Technology,2010-07-31,2010-05-31,4,6,false,0.9672,0.3379,0.2323,,-0.045,,,,26.82,net_income,,No change
ORCL,Oracle Corporation,Information Technology,2010-08-31,2010-05-31,4,6,false,0.9672,0.3379,0.2323,,-0.045,,,,26.82,net_income,0,No change
ORCL,Oracle Corporation,Information Technology,2010-09-30,2010-05-31,4,6,false,0.9672,0.3379,0.2323,,-0.045,,,,26.82,net_income,0,No change
ORCL,Oracle Corporation,Information Technology,2010-10-31,2010-05-31,4,6,false,0.9672,0.3379,0.2323,,-0.045,,,,26.82,net_income,0,No change
ORCL,Oracle Corporation,Information Technology,2010-11-30,2010-05-31,4,6,false,0.9672,0.3379,0.2323,,-0.045,,,,26.82,net_income,0,No change
ORCL,Oracle Corporation,Information Technology,2010-12-31,2010-05-31,4,6,false,0.9672,0.3379,0.2323,,-0.045,,,,26.82,net_income,0,No change
ORCL,Oracle Corporation,Information Technology,2011-01-31,2010-05-31,4,6,false,0.9672,0.3379,0.2323,,-0.045,,,,26.82,net_income,0,No change
ORCL,Oracle Corporation,Information Technology,2011-02-28,2010-05-31,4,6,false,0.9672,0.3379,0.2323,,-0.045,,,,26.82,net_income,0,No change
ORCL,Oracle Corporation,Information Technology,2011-03-31,2010-05-31,4,6,false,0.9672,0.3379,0.2323,,-0.045,,,,26.82,net_income,0,No change
ORCL,Oracle Corporation,Information Technology,2011-04-30,2010-05-31,4,6,false,0.9672,0.3379,0.2323,,-0.045,,,,26.82,net_income,0,No change
ORCL,Oracle Corporation,Information Technology,2011-05-31,2010-05-31,4,6,false,0.9672,0.3379,0.2323,,-0.045,,,,26.82,net_income,0,No change
ORCL,Oracle Corporation,Information Technology,2011-06-30,2011-05-31,5,7,false,0.9423,0.3378,0.2427,,-0.038,,,,35.62,net_income_incl_nci,1,New annual report
ORCL,Oracle Corporation,Information Technology,2011-07-31,2011-05-31,5,7,false,0.9423,0.3378,0.2427,,-0.038,,,,35.62,net_income_incl_nci,0,No change
ORCL,Oracle Corporation,Information Technology,2011-08-31,2011-05-31,5,7,false,0.9423,0.3378,0.2427,,-0.038,,,,35.62,net_income_incl_nci,0,No change
ORCL,Oracle Corporation,Information Technology,2011-09-30,2011-05-31,5,7,false,0.9423,0.3378,0.2427,,-0.038,,,,35.62,net_income_incl_nci,0,No change
ORCL,Oracle Corporation,Information Technology,2011-10-31,2011-05-31,5,7,false,0.9423,0.3378,0.2427,,-0.038,,,,35.62,net_income_incl_nci,0,No change
ORCL,Oracle Corporation,Information Technology,2011-11-30,2011-05-31,5,7,false,0.9423,0.3378,0.2427,,-0.038,,,,35.62,net_income_incl_nci,0,No change
ORCL,Oracle Corporation,Information Technology,2011-12-31,2011-05-31,5,7,false,0.9423,0.3378,0.2427,,-0.038,,,,35.62,net_income_incl_nci,0,No change
ORCL,Oracle Corporation,Information Technology,2012-01-31,2011-05-31,5,7,false,0.9423,0.3378,0.2427,,-0.038,,,,35.62,net_income_incl_nci,0,No change
ORCL,Oracle Corporation,Information Technology,2012-02-29,2011-05-31,5,7,false,0.9423,0.3378,0.2427,,-0.038,,,,35.62,net_income_incl_nci,0,No change
ORCL,Oracle Corporation,Information Technology,2012-03-31,2011-05-31,5,7,false,0.9423,0.3378,0.2427,,-0.038,,,,35.62,net_income_incl_nci,0,No change
ORCL,Oracle Corporation,Information Technology,2012-04-30,2011-05-31,5,7,false,0.9423,0.3378,0.2427,,-0.038,,,,35.62,net_income_incl_nci,0,No change
ORCL,Oracle Corporation,Information Technology,2012-05-31,2011-05-31,5,7,false,0.9423,0.3378,0.2427,,-0.038,,,,35.62,net_income_incl_nci,0,No change
ORCL,Oracle Corporation,Information Technology,2012-06-30,2012-05-31,4,7,false,,0.3692,0.2689,0.3528,-0.0495,,,,37.12,net_income,-1,New annual report
ORCL,Oracle Corporation,Information Technology,2012-07-31,2012-05-31,4,7,false,,0.3692,0.2689,0.3528,-0.0495,,,,37.12,net_income,0,No change
ORCL,Oracle Corporation,Information Technology,2012-08-31,2012-05-31,4,7,false,,0.3692,0.2689,0.3528,-0.0495,,,,37.12,net_income,0,No change
ORCL,Oracle Corporation,Information Technology,2012-09-30,2012-05-31,4,7,false,,0.3692,0.2689,0.3528,-0.0495,,,,37.12,net_income,0,No change
ORCL,Oracle Corporation,Information Technology,2012-10-31,2012-05-31,4,7,false,,0.3692,0.2689,0.3528,-0.0495,,,,37.12,net_income,0,No change
ORCL,Oracle Corporation,Information Technology,2012-11-30,2012-05-31,4,7,false,,0.3692,0.2689,0.3528,-0.0495,,,,37.12,net_income,0,No change
ORCL,Oracle Corporation,Information Technology,2012-12-31,2012-05-31,4,7,false,,0.3692,0.2689,0.3528,-0.0495,,,,37.12,net_income,0,No change
ORCL,Oracle Corporation,Information Technology,2013-01-31,2012-05-31,4,7,false,,0.3692,0.2689,0.3528,-0.0495,,,,37.12,net_income,0,No change
ORCL,Oracle Corporation,Information Technology,2013-02-28,2012-05-31,4,7,false,,0.3692,0.2689,0.3528,-0.0495,,,,37.12,net_income,0,No change
ORCL,Oracle Corporation,Information Technology,2013-03-31,2012-05-31,4,7,false,,0.3692,0.2689,0.3528,-0.0495,,,,37.12,net_income,0,No change
ORCL,Oracle Corporation,Information Technology,2013-04-30,2012-05-31,4,7,false,,0.3692,0.2689,0.3528,-0.0495,,,,37.12,net_income,0,No change
ORCL,Oracle Corporation,Information Technology,2013-05-31,2012-05-31,4,7,false,,0.3692,0.2689,0.3528,-0.0495,,,,37.12,net_income,0,No change
ORCL,Oracle Corporation,Information Technology,2013-06-30,2013-05-31,6,7,false,,0.3949,0.2938,0.3651,-0.0412,,,,37.18,net_income,2,New annual report
ORCL,Oracle Corporation,Information Technology,2013-07-31,2013-05-31,6,7,false,,0.3949,0.2938,0.3651,-0.0412,,,,37.18,net_income,0,No change
ORCL,Oracle Corporation,Information Technology,2013-08-31,2013-05-31,6,7,false,,0.3949,0.2938,0.3651,-0.0412,,,,37.18,net_income,0,No change
ORCL,Oracle Corporation,Information Technology,2013-09-30,2013-05-31,6,7,false,,0.3949,0.2938,0.3651,-0.0412,,,,37.18,net_income,0,No change
ORCL,Oracle Corporation,Information Technology,2013-10-31,2013-05-31,6,7,false,,0.3949,0.2938,0.3651,-0.0412,,,,37.18,net_income,0,No change
ORCL,Oracle Corporation,Information Technology,2013-11-30,2013-05-31,6,7,false,,0.3949,0.2938,0.3651,-0.0412,,,,37.18,net_income,0,No change
ORCL,Oracle Corporation,Information Technology,2013-12-31,2013-05-31,6,7,false,,0.3949,0.2938,0.3651,-0.0412,,,,37.18,net_income,0,No change
ORCL,Oracle Corporation,Information Technology,2014-01-31,2013-05-31,6,7,false,,0.3949,0.2938,0.3651,-0.0412,,,,37.18,net_income,0,No change
ORCL,Oracle Corporation,Information Technology,2014-02-28,2013-05-31,6,7,false,,0.3949,0.2938,0.3651,-0.0412,,,,37.18,net_income,0,No change
ORCL,Oracle Corporation,Information Technology,2014-03-31,2013-05-31,6,7,false,,0.3949,0.2938,0.3651,-0.0412,,,,37.18,net_income,0,No change
ORCL,Oracle Corporation,Information Technology,2014-04-30,2013-05-31,6,7,false,,0.3949,0.2938,0.3651,-0.0412,,,,37.18,net_income,0,No change
ORCL,Oracle Corporation,Information Technology,2014-05-31,2013-05-31,6,7,false,,0.3949,0.2938,0.3651,-0.0412,,,,37.18,net_income,0,No change
ORCL,Oracle Corporation,Information Technology,2014-06-30,2014-05-31,3,5,false,,0.3856,0.2862,,,,,,38.28,net_income,-3,New annual report
ORCL,Oracle Corporation,Information Technology,2014-07-31,2014-05-31,3,5,false,,0.3856,0.2862,,,,,,38.28,net_income,0,No change
ORCL,Oracle Corporation,Information Technology,2014-08-31,2014-05-31,3,5,false,,0.3856,0.2862,,,,,,38.28,net_income,0,No change
ORCL,Oracle Corporation,Information Technology,2014-09-30,2014-05-31,3,5,false,,0.3856,0.2862,,,,,,38.28,net_income,0,No change
ORCL,Oracle Corporation,Information Technology,2014-10-31,2014-05-31,3,5,false,,0.3856,0.2862,,,,,,38.28,net_income,0,No change
ORCL,Oracle Corporation,Information Technology,2014-11-30,2014-05-31,3,5,false,,0.3856,0.2862,,,,,,38.28,net_income,0,No change
ORCL,Oracle Corporation,Information Technology,2014-12-31,2014-05-31,3,5,false,,0.3856,0.2862,,,,,,38.28,net_income,0,No change
ORCL,Oracle Corporation,Information Technology,2015-01-31,2014-05-31,3,5,false,,0.3856,0.2862,,,,,,38.28,net_income,0,No change
ORCL,Oracle Corporation,Information Technology,2015-02-28,2014-05-31,3,5,false,,0.3856,0.2862,,,,,,38.28,net_income,0,No change
ORCL,Oracle Corporation,Information Technology,2015-03-31,2014-05-31,3,5,false,,0.3856,0.2862,,,,,,38.28,net_income,0,No change
ORCL,Oracle Corporation,Information Technology,2015-04-30,2014-05-31,3,5,false,,0.3856,0.2862,,,,,,38.28,net_income,0,No change
ORCL,Oracle Corporation,Information Technology,2015-05-31,2014-05-31,3,5,false,,0.3856,0.2862,,,,,,38.28,net_income,0,No change
ORCL,Oracle Corporation,Information Technology,2015-06-30,2015-05-31,3,5,false,,0.3629,0.26,,,,,,38.23,net_income,0,No change
ORCL,Oracle Corporation,Information Technology,2015-07-31,2015-05-31,3,5,false,,0.3629,0.26,,,,,,38.23,net_income,0,No change
ORCL,Oracle Corporation,Information Technology,2015-08-31,2015-05-31,3,5,false,,0.3629,0.26,,,,,,38.23,net_income,0,No change
ORCL,Oracle Corporation,Information Technology,2015-09-30,2015-05-31,3,5,false,,0.3629,0.26,,,,,,38.23,net_income,0,No change
ORCL,Oracle Corporation,Information Technology,2015-10-31,2015-05-31,3,5,false,,0.3629,0.26,,,,,,38.23,net_income,0,No change
ORCL,Oracle Corporation,Information Technology,2015-11-30,2015-05-31,3,5,false,,0.3629,0.26,,,,,,38.23,net_income,0,No change
ORCL,Oracle Corporation,Information Technology,2015-12-31,2015-05-31,3,5,false,,0.3629,0.26,,,,,,38.23,net_income,0,No change
ORCL,Oracle Corporation,Information Technology,2016-01-31,2015-05-31,3,5,false,,0.3629,0.26,,,,,,38.23,net_income,0,No change
ORCL,Oracle Corporation,Information Technology,2016-02-29,2015-05-31,3,5,false,,0.3629,0.26,,,,,,38.23,net_income,0,No change
ORCL,Oracle Corporation,Information Technology,2016-03-31,2015-05-31,3,5,false,,0.3629,0.26,,,,,,38.23,net_income,0,No change
ORCL,Oracle Corporation,Information Technology,2016-04-30,2015-05-31,3,5,false,,0.3629,0.26,,,,,,38.23,net_income,0,No change
ORCL,Oracle Corporation,Information Technology,2016-05-31,2015-05-31,3,5,false,,0.3629,0.26,,,,,,38.23,net_income,0,No change
ORCL,Oracle Corporation,Information Technology,2016-06-30,2016-05-31,3,6,false,,0.3402,0.2403,,,43.86,company_reported_total,0.93,37.05,net_income,0,No change
ORCL,Oracle Corporation,Information Technology,2016-07-31,2016-05-31,3,6,false,,0.3402,0.2403,,,43.86,company_reported_total,0.93,37.05,net_income,0,No change
ORCL,Oracle Corporation,Information Technology,2016-08-31,2016-05-31,3,6,false,,0.3402,0.2403,,,43.86,company_reported_total,0.93,37.05,net_income,0,No change
ORCL,Oracle Corporation,Information Technology,2016-09-30,2016-05-31,3,6,false,,0.3402,0.2403,,,43.86,company_reported_total,0.93,37.05,net_income,0,No change
ORCL,Oracle Corporation,Information Technology,2016-10-31,2016-05-31,3,6,false,,0.3402,0.2403,,,43.86,company_reported_total,0.93,37.05,net_income,0,No change
ORCL,Oracle Corporation,Information Technology,2016-11-30,2016-05-31,3,6,false,,0.3402,0.2403,,,43.86,company_reported_total,0.93,37.05,net_income,0,No change
ORCL,Oracle Corporation,Information Technology,2016-12-31,2016-05-31,3,6,false,,0.3402,0.2403,,,43.86,company_reported_total,0.93,37.05,net_income,0,No change
ORCL,Oracle Corporation,Information Technology,2017-01-31,2016-05-31,3,6,false,,0.3402,0.2403,,,43.86,company_reported_total,0.93,37.05,net_income,0,No change
ORCL,Oracle Corporation,Information Technology,2017-02-28,2016-05-31,3,6,false,,0.3402,0.2403,,,43.86,company_reported_total,0.93,37.05,net_income,0,No change
ORCL,Oracle Corporation,Information Technology,2017-03-31,2016-05-31,3,6,false,,0.3402,0.2403,,,43.86,company_reported_total,0.93,37.05,net_income,0,No change
ORCL,Oracle Corporation,Information Technology,2017-04-30,2016-05-31,3,6,false,,0.3402,0.2403,,,43.86,company_reported_total,0.93,37.05,net_income,0,No change
ORCL,Oracle Corporation,Information Technology,2017-05-31,2016-05-31,3,6,false,,0.3402,0.2403,,,43.86,company_reported_total,0.93,37.05,net_income,0,No change
ORCL,Oracle Corporation,Information Technology,2017-06-30,2017-05-31,5,7,false,0.6101,0.3369,0.2474,,,57.91,company_reported_total,1.08,37.73,net_income,2,New annual report
ORCL,Oracle Corporation,Information Technology,2017-07-31,2017-05-31,5,7,false,0.6101,0.3369,0.2474,,,57.91,company_reported_total,1.08,37.73,net_income,0,No change
ORCL,Oracle Corporation,Information Technology,2017-08-31,2017-05-31,5,7,false,0.6101,0.3369,0.2474,,,57.91,company_reported_total,1.08,37.73,net_income,0,No change
ORCL,Oracle Corporation,Information Technology,2017-09-30,2017-05-31,5,7,false,0.6101,0.3369,0.2474,,,57.91,company_reported_total,1.08,37.73,net_income,0,No change
ORCL,Oracle Corporation,Information Technology,2017-10-31,2017-05-31,5,7,false,0.6101,0.3369,0.2474,,,57.91,company_reported_total,1.08,37.73,net_income,0,No change
ORCL,Oracle Corporation,Information Technology,2017-11-30,2017-05-31,5,7,false,0.6101,0.3369,0.2474,,,57.91,company_reported_total,1.08,37.73,net_income,0,No change
ORCL,Oracle Corporation,Information Technology,2017-12-31,2017-05-31,5,7,false,0.6101,0.3369,0.2474,,,57.91,company_reported_total,1.08,37.73,net_income,0,No change
ORCL,Oracle Corporation,Information Technology,2018-01-31,2017-05-31,5,7,false,0.6101,0.3369,0.2474,,,57.91,company_reported_total,1.08,37.73,net_income,0,No change
ORCL,Oracle Corporation,Information Technology,2018-02-28,2017-05-31,5,7,false,0.6101,0.3369,0.2474,,,57.91,company_reported_total,1.08,37.73,net_income,0,No change
ORCL,Oracle Corporation,Information Technology,2018-03-31,2017-05-31,5,7,false,0.6101,0.3369,0.2474,,,57.91,company_reported_total,1.08,37.73,net_income,0,No change
ORCL,Oracle Corporation,Information Technology,2018-04-30,2017-05-31,5,7,false,0.6101,0.3369,0.2474,,,57.91,company_reported_total,1.08,37.73,net_income,0,No change
ORCL,Oracle Corporation,Information Technology,2018-05-31,2017-05-31,5,7,false,0.6101,0.3369,0.2474,,,57.91,company_reported_total,1.08,37.73,net_income,0,No change
ORCL,Oracle Corporation,Information Technology,2018-06-30,2018-05-31,5,9,true,0.6098,0.3434,0.096,0.3427,-0.0849,60.62,company_reported_total,1.33,39.83,net_income,0,No change
ORCL,Oracle Corporation,Information Technology,2018-07-31,2018-05-31,5,9,true,0.6098,0.3434,0.096,0.3427,-0.0849,60.62,company_reported_total,1.33,39.83,net_income,0,No change
ORCL,Oracle Corporation,Information Technology,2018-08-31,2018-05-31,5,9,true,0.6098,0.3434,0.096,0.3427,-0.0849,60.62,company_reported_total,1.33,39.83,net_income,0,No change
ORCL,Oracle Corporation,Information Technology,2018-09-30,2018-05-31,5,9,true,0.6098,0.3434,0.096,0.3427,-0.0847,60.62,company_reported_total,1.31,39.83,net_income,0,No change
ORCL,Oracle Corporation,Information Technology,2018-10-31,2018-05-31,5,9,true,0.6098,0.3434,0.096,0.3427,-0.0847,60.62,company_reported_total,1.31,39.83,net_income,0,No change
ORCL,Oracle Corporation,Information Technology,2018-11-30,2018-05-31,5,9,true,0.6098,0.3434,0.096,0.3427,-0.0847,60.62,company_reported_total,1.31,39.83,net_income,0,No change
ORCL,Oracle Corporation,Information Technology,2018-12-31,2018-05-31,5,9,true,0.6098,0.3434,0.096,0.3427,-0.0847,60.62,company_reported_total,1.31,39.83,net_income,0,No change
ORCL,Oracle Corporation,Information Technology,2019-01-31,2018-05-31,5,9,true,0.6098,0.3434,0.096,0.3427,-0.0847,60.62,company_reported_total,1.31,39.83,net_income,0,No change
ORCL,Oracle Corporation,Information Technology,2019-02-28,2018-05-31,5,9,true,0.6098,0.3434,0.096,0.3427,-0.0847,60.62,company_reported_total,1.31,39.83,net_income,0,No change
ORCL,Oracle Corporation,Information Technology,2019-03-31,2018-05-31,5,9,true,0.6098,0.3434,0.096,0.3427,-0.0847,60.62,company_reported_total,1.31,39.83,net_income,0,No change
ORCL,Oracle Corporation,Information Technology,2019-04-30,2018-05-31,5,9,true,0.6098,0.3434,0.096,0.3427,-0.0847,60.62,company_reported_total,1.31,39.83,net_income,0,No change
ORCL,Oracle Corporation,Information Technology,2019-05-31,2018-05-31,5,9,true,0.6098,0.3434,0.096,0.3427,-0.0847,60.62,company_reported_total,1.31,39.83,net_income,0,No change
ORCL,Oracle Corporation,Information Technology,2019-06-30,2019-05-31,5,8,false,,0.3426,0.2805,0.3263,-0.0281,56.17,company_reported_total,2.58,39.51,net_income,0,No change
ORCL,Oracle Corporation,Information Technology,2019-07-31,2019-05-31,5,8,false,,0.3426,0.2805,0.3263,-0.0281,56.17,company_reported_total,2.58,39.51,net_income,0,No change
ORCL,Oracle Corporation,Information Technology,2019-08-31,2019-05-31,5,8,false,,0.3426,0.2805,0.3263,-0.0281,56.17,company_reported_total,2.58,39.51,net_income,0,No change
ORCL,Oracle Corporation,Information Technology,2019-09-30,2019-05-31,5,8,false,,0.3426,0.2805,0.3263,-0.0281,56.17,company_reported_total,2.58,39.51,net_income,0,No change
ORCL,Oracle Corporation,Information Technology,2019-10-31,2019-05-31,5,8,false,,0.3426,0.2805,0.3263,-0.0281,56.17,company_reported_total,2.58,39.51,net_income,0,No change
ORCL,Oracle Corporation,Information Technology,2019-11-30,2019-05-31,5,8,false,,0.3426,0.2805,0.3263,-0.0281,56.17,company_reported_total,2.58,39.51,net_income,0,No change
ORCL,Oracle Corporation,Information Technology,2019-12-31,2019-05-31,5,8,false,,0.3426,0.2805,0.3263,-0.0281,56.17,company_reported_total,2.58,39.51,net_income,0,No change
ORCL,Oracle Corporation,Information Technology,2020-01-31,2019-05-31,5,8,false,,0.3426,0.2805,0.3263,-0.0281,56.17,company_reported_total,2.58,39.51,net_income,0,No change
ORCL,Oracle Corporation,Information Technology,2020-02-29,2019-05-31,5,8,false,,0.3426,0.2805,0.3263,-0.0281,56.17,company_reported_total,2.58,39.51,net_income,0,No change
ORCL,Oracle Corporation,Information Technology,2020-03-31,2019-05-31,5,8,false,,0.3426,0.2805,0.3263,-0.0281,56.17,company_reported_total,2.58,39.51,net_income,0,No change
ORCL,Oracle Corporation,Information Technology,2020-04-30,2019-05-31,5,8,false,,0.3426,0.2805,0.3263,-0.0281,56.17,company_reported_total,2.58,39.51,net_income,0,No change
ORCL,Oracle Corporation,Information Technology,2020-05-31,2019-05-31,5,8,false,,0.3426,0.2805,0.3263,-0.0281,56.17,company_reported_total,2.58,39.51,net_income,0,No change
ORCL,Oracle Corporation,Information Technology,2020-06-30,2020-05-31,7,8,false,,0.3557,0.2594,0.2963,-0.0268,71.6,company_reported_total,5.93,39.07,net_income,2,New annual report
ORCL,Oracle Corporation,Information Technology,2020-07-31,2020-05-31,7,8,false,,0.3557,0.2594,0.2963,-0.0268,71.6,company_reported_total,5.93,39.07,net_income,0,No change
ORCL,Oracle Corporation,Information Technology,2020-08-31,2020-05-31,7,8,false,,0.3557,0.2594,0.2963,-0.0268,71.6,company_reported_total,5.93,39.07,net_income,0,No change
ORCL,Oracle Corporation,Information Technology,2020-09-30,2020-05-31,7,8,false,,0.3557,0.2594,0.2963,-0.0268,71.6,company_reported_total,5.93,39.07,net_income,0,No change
ORCL,Oracle Corporation,Information Technology,2020-10-31,2020-05-31,7,8,false,,0.3557,0.2594,0.2963,-0.0268,71.6,company_reported_total,5.93,39.07,net_income,0,No change
ORCL,Oracle Corporation,Information Technology,2020-11-30,2020-05-31,7,8,false,,0.3557,0.2594,0.2963,-0.0268,71.6,company_reported_total,5.93,39.07,net_income,0,No change
ORCL,Oracle Corporation,Information Technology,2020-12-31,2020-05-31,7,8,false,,0.3557,0.2594,0.2963,-0.0268,71.6,company_reported_total,5.93,39.07,net_income,0,No change
ORCL,Oracle Corporation,Information Technology,2021-01-31,2020-05-31,7,8,false,,0.3557,0.2594,0.2963,-0.0268,71.6,company_reported_total,5.93,39.07,net_income,0,No change
ORCL,Oracle Corporation,Information Technology,2021-02-28,2020-05-31,7,8,false,,0.3557,0.2594,0.2963,-0.0268,71.6,company_reported_total,5.93,39.07,net_income,0,No change
ORCL,Oracle Corporation,Information Technology,2021-03-31,2020-05-31,7,8,false,,0.3557,0.2594,0.2963,-0.0268,71.6,company_reported_total,5.93,39.07,net_income,0,No change
ORCL,Oracle Corporation,Information Technology,2021-04-30,2020-05-31,7,8,false,,0.3557,0.2594,0.2963,-0.0268,71.6,company_reported_total,5.93,39.07,net_income,0,No change
ORCL,Oracle Corporation,Information Technology,2021-05-31,2020-05-31,7,8,false,,0.3557,0.2594,0.2963,-0.0268,71.6,company_reported_total,5.93,39.07,net_income,0,No change
ORCL,Oracle Corporation,Information Technology,2021-06-30,2021-05-31,5,8,false,,0.3758,0.3396,0.3397,-0.0174,84.25,company_reported_total,16.08,40.48,net_income,-2,New annual report
ORCL,Oracle Corporation,Information Technology,2021-07-31,2021-05-31,5,8,false,,0.3758,0.3396,0.3397,-0.0174,84.25,company_reported_total,16.08,40.48,net_income,0,No change
ORCL,Oracle Corporation,Information Technology,2021-08-31,2021-05-31,5,8,false,,0.3758,0.3396,0.3397,-0.0174,84.25,company_reported_total,16.08,40.48,net_income,0,No change
ORCL,Oracle Corporation,Information Technology,2021-09-30,2021-05-31,5,8,false,,0.3758,0.3396,0.3397,-0.0174,84.25,company_reported_total,16.08,40.48,net_income,0,No change
ORCL,Oracle Corporation,Information Technology,2021-10-31,2021-05-31,5,8,false,,0.3758,0.3396,0.3397,-0.0174,84.25,company_reported_total,16.08,40.48,net_income,0,No change
ORCL,Oracle Corporation,Information Technology,2021-11-30,2021-05-31,5,8,false,,0.3758,0.3396,0.3397,-0.0174,84.25,company_reported_total,16.08,40.48,net_income,0,No change
ORCL,Oracle Corporation,Information Technology,2021-12-31,2021-05-31,5,8,false,,0.3758,0.3396,0.3397,-0.0174,84.25,company_reported_total,16.08,40.48,net_income,0,No change
ORCL,Oracle Corporation,Information Technology,2022-01-31,2021-05-31,5,8,false,,0.3758,0.3396,0.3397,-0.0174,84.25,company_reported_total,16.08,40.48,net_income,0,No change
ORCL,Oracle Corporation,Information Technology,2022-02-28,2021-05-31,5,8,false,,0.3758,0.3396,0.3397,-0.0174,84.25,company_reported_total,16.08,40.48,net_income,0,No change
ORCL,Oracle Corporation,Information Technology,2022-03-31,2021-05-31,5,8,false,,0.3758,0.3396,0.3397,-0.0174,84.25,company_reported_total,16.08,40.48,net_income,0,No change
ORCL,Oracle Corporation,Information Technology,2022-04-30,2021-05-31,5,8,false,,0.3758,0.3396,0.3397,-0.0174,84.25,company_reported_total,16.08,40.48,net_income,0,No change
ORCL,Oracle Corporation,Information Technology,2022-05-31,2021-05-31,5,8,false,,0.3758,0.3396,0.3397,-0.0174,84.25,company_reported_total,16.08,40.48,net_income,0,No change
ORCL,Oracle Corporation,Information Technology,2022-06-30,2022-05-31,4,7,false,,0.2574,0.1583,0.1185,-0.0235,0.0,long_term_debt_incl_current,-0.0,42.44,net_income,-1,New annual report
ORCL,Oracle Corporation,Information Technology,2022-07-31,2022-05-31,4,7,false,,0.2574,0.1583,0.1185,-0.0235,0.0,long_term_debt_incl_current,-0.0,42.44,net_income,0,No change
ORCL,Oracle Corporation,Information Technology,2022-08-31,2022-05-31,4,7,false,,0.2574,0.1583,0.1185,-0.0235,0.0,long_term_debt_incl_current,-0.0,42.44,net_income,0,No change
ORCL,Oracle Corporation,Information Technology,2022-09-30,2022-05-31,4,7,false,,0.2574,0.1583,0.1185,-0.0235,0.0,long_term_debt_incl_current,-0.0,42.44,net_income,0,No change
ORCL,Oracle Corporation,Information Technology,2022-10-31,2022-05-31,4,7,false,,0.2574,0.1583,0.1185,-0.0235,0.0,long_term_debt_incl_current,-0.0,42.44,net_income,0,No change
ORCL,Oracle Corporation,Information Technology,2022-11-30,2022-05-31,4,7,false,,0.2574,0.1583,0.1185,-0.0235,0.0,long_term_debt_incl_current,-0.0,42.44,net_income,0,No change
ORCL,Oracle Corporation,Information Technology,2022-12-31,2022-05-31,4,7,false,,0.2574,0.1583,0.1185,-0.0235,0.0,long_term_debt_incl_current,-0.0,42.44,net_income,0,No change
ORCL,Oracle Corporation,Information Technology,2023-01-31,2022-05-31,4,7,false,,0.2574,0.1583,0.1185,-0.0235,0.0,long_term_debt_incl_current,-0.0,42.44,net_income,0,No change
ORCL,Oracle Corporation,Information Technology,2023-02-28,2022-05-31,4,7,false,,0.2574,0.1583,0.1185,-0.0235,0.0,long_term_debt_incl_current,-0.0,42.44,net_income,0,No change
ORCL,Oracle Corporation,Information Technology,2023-03-31,2022-05-31,4,7,false,,0.2574,0.1583,0.1185,-0.0235,0.0,long_term_debt_incl_current,-0.0,42.44,net_income,0,No change
ORCL,Oracle Corporation,Information Technology,2023-04-30,2022-05-31,4,7,false,,0.2574,0.1583,0.1185,-0.0235,0.0,long_term_debt_incl_current,-0.0,42.44,net_income,0,No change
ORCL,Oracle Corporation,Information Technology,2023-05-31,2022-05-31,4,7,false,,0.2574,0.1583,0.1185,-0.0235,0.0,long_term_debt_incl_current,-0.0,42.44,net_income,0,No change
ORCL,Oracle Corporation,Information Technology,2023-06-30,2023-05-31,6,7,false,,0.2621,0.1702,0.1696,-0.0711,90.48,company_reported_total,84.33,49.95,net_income,2,New annual report
ORCL,Oracle Corporation,Information Technology,2023-07-31,2023-05-31,6,7,false,,0.2621,0.1702,0.1696,-0.0711,90.48,company_reported_total,84.33,49.95,net_income,0,No change
ORCL,Oracle Corporation,Information Technology,2023-08-31,2023-05-31,6,7,false,,0.2621,0.1702,0.1696,-0.0711,90.48,company_reported_total,84.33,49.95,net_income,0,No change
ORCL,Oracle Corporation,Information Technology,2023-09-30,2023-05-31,6,7,false,,0.2621,0.1702,0.1696,-0.0711,90.48,company_reported_total,84.33,49.95,net_income,0,No change
ORCL,Oracle Corporation,Information Technology,2023-10-31,2023-05-31,6,7,false,,0.2621,0.1702,0.1696,-0.0711,90.48,company_reported_total,84.33,49.95,net_income,0,No change
ORCL,Oracle Corporation,Information Technology,2023-11-30,2023-05-31,6,7,false,,0.2621,0.1702,0.1696,-0.0711,90.48,company_reported_total,84.33,49.95,net_income,0,No change
ORCL,Oracle Corporation,Information Technology,2023-12-31,2023-05-31,6,7,false,,0.2621,0.1702,0.1696,-0.0711,90.48,company_reported_total,84.33,49.95,net_income,0,No change
ORCL,Oracle Corporation,Information Technology,2024-01-31,2023-05-31,6,7,false,,0.2621,0.1702,0.1696,-0.0711,90.48,company_reported_total,84.33,49.95,net_income,0,No change
ORCL,Oracle Corporation,Information Technology,2024-02-29,2023-05-31,6,7,false,,0.2621,0.1702,0.1696,-0.0711,90.48,company_reported_total,84.33,49.95,net_income,0,No change
ORCL,Oracle Corporation,Information Technology,2024-03-31,2023-05-31,6,7,false,,0.2621,0.1702,0.1696,-0.0711,90.48,company_reported_total,84.33,49.95,net_income,0,No change
ORCL,Oracle Corporation,Information Technology,2024-04-30,2023-05-31,6,7,false,,0.2621,0.1702,0.1696,-0.0711,90.48,company_reported_total,84.33,49.95,net_income,0,No change
ORCL,Oracle Corporation,Information Technology,2024-05-31,2023-05-31,6,7,false,,0.2621,0.1702,0.1696,-0.0711,90.48,company_reported_total,84.33,49.95,net_income,0,No change
ORCL,Oracle Corporation,Information Technology,2024-06-30,2024-05-31,5,8,false,,0.2899,0.1976,0.2229,-0.0596,86.87,company_reported_total,9.98,52.96,net_income,-1,New annual report
ORCL,Oracle Corporation,Information Technology,2024-07-31,2024-05-31,5,8,false,,0.2899,0.1976,0.2229,-0.0596,86.87,company_reported_total,9.98,52.96,net_income,0,No change
ORCL,Oracle Corporation,Information Technology,2024-08-31,2024-05-31,5,8,false,,0.2899,0.1976,0.2229,-0.0596,86.87,company_reported_total,9.98,52.96,net_income,0,No change
ORCL,Oracle Corporation,Information Technology,2024-09-30,2024-05-31,5,8,false,,0.2899,0.1976,0.2229,-0.0596,86.87,company_reported_total,9.98,52.96,net_income,0,No change
ORCL,Oracle Corporation,Information Technology,2024-10-31,2024-05-31,5,8,false,,0.2899,0.1976,0.2229,-0.0596,86.87,company_reported_total,9.98,52.96,net_income,0,No change
ORCL,Oracle Corporation,Information Technology,2024-11-30,2024-05-31,5,8,false,,0.2899,0.1976,0.2229,-0.0596,86.87,company_reported_total,9.98,52.96,net_income,0,No change
ORCL,Oracle Corporation,Information Technology,2024-12-31,2024-05-31,5,8,false,,0.2899,0.1976,0.2229,-0.0596,86.87,company_reported_total,9.98,52.96,net_income,0,No change
ORCL,Oracle Corporation,Information Technology,2025-01-31,2024-05-31,5,8,false,,0.2899,0.1976,0.2229,-0.0596,86.87,company_reported_total,9.98,52.96,net_income,0,No change
ORCL,Oracle Corporation,Information Technology,2025-02-28,2024-05-31,5,8,false,,0.2899,0.1976,0.2229,-0.0596,86.87,company_reported_total,9.98,52.96,net_income,0,No change
ORCL,Oracle Corporation,Information Technology,2025-03-31,2024-05-31,5,8,false,,0.2899,0.1976,0.2229,-0.0596,86.87,company_reported_total,9.98,52.96,net_income,0,No change
ORCL,Oracle Corporation,Information Technology,2025-04-30,2024-05-31,5,8,false,,0.2899,0.1976,0.2229,-0.0596,86.87,company_reported_total,9.98,52.96,net_income,0,No change
ORCL,Oracle Corporation,Information Technology,2025-05-31,2024-05-31,5,8,false,,0.2899,0.1976,0.2229,-0.0596,86.87,company_reported_total,9.98,52.96,net_income,0,No change
ORCL,Oracle Corporation,Information Technology,2025-06-30,2025-05-31,7,8,false,,0.308,0.2168,-0.0069,-0.0542,92.57,company_reported_total,4.53,57.4,net_income,2,New annual report
ORCL,Oracle Corporation,Information Technology,2025-07-31,2025-05-31,7,8,false,,0.308,0.2168,-0.0069,-0.0542,92.57,company_reported_total,4.53,57.4,net_income,0,No change
ORCL,Oracle Corporation,Information Technology,2025-08-31,2025-05-31,7,8,false,,0.308,0.2168,-0.0069,-0.0542,92.57,company_reported_total,4.53,57.4,net_income,0,No change
ORCL,Oracle Corporation,Information Technology,2025-09-30,2025-05-31,7,8,false,,0.308,0.2168,-0.0069,-0.0542,92.57,company_reported_total,4.53,57.4,net_income,0,No change
ORCL,Oracle Corporation,Information Technology,2025-10-31,2025-05-31,7,8,false,,0.308,0.2168,-0.0069,-0.0542,92.57,company_reported_total,4.53,57.4,net_income,0,No change
ORCL,Oracle Corporation,Information Technology,2025-11-30,2025-05-31,7,8,false,,0.308,0.2168,-0.0069,-0.0542,92.57,company_reported_total,4.53,57.4,net_income,0,No change
ORCL,Oracle Corporation,Information Technology,2025-12-31,2025-05-31,7,8,false,,0.308,0.2168,-0.0069,-0.0542,92.57,company_reported_total,4.53,57.4,net_income,0,No change
ORCL,Oracle Corporation,Information Technology,2026-01-31,2025-05-31,7,8,false,,0.308,0.2168,-0.0069,-0.0542,92.57,company_reported_total,4.53,57.4,net_income,0,No change
ORCL,Oracle Corporation,Information Technology,2026-02-28,2025-05-31,7,8,false,,0.308,0.2168,-0.0069,-0.0542,92.57,company_reported_total,4.53,57.4,net_income,0,No change
ORCL,Oracle Corporation,Information Technology,2026-03-31,2025-05-31,7,8,false,,0.308,0.2168,-0.0069,-0.0542,92.57,company_reported_total,4.53,57.4,net_income,0,No change
ORCL,Oracle Corporation,Information Technology,2026-04-30,2025-05-31,7,8,false,,0.308,0.2168,-0.0069,-0.0542,92.57,company_reported_total,4.53,57.4,net_income,0,No change
ORCL,Oracle Corporation,Information Technology,2026-05-31,2025-05-31,7,8,false,,0.308,0.2168,-0.0069,-0.0542,92.57,company_reported_total,4.53,57.4,net_income,0,No change
ORCL,Oracle Corporation,Information Technology,2026-06-30,2026-05-31,5,8,false,,0.3059,0.2537,-0.3516,-0.0692,129.54,company_reported_total,3.05,67.36,net_income,-2,New annual report
ORCL,Oracle Corporation,Information Technology,2026-07-31,2026-05-31,5,8,false,,0.3059,0.2537,-0.3516,-0.0692,129.54,company_reported_total,3.05,67.36,net_income,0,No change
ORCL,Oracle Corporation,Information Technology,2026-08-31,2026-05-31,5,8,false,,0.3059,0.2537,-0.3516,-0.0692,129.54,company_reported_total,3.05,67.36,net_income,0,No change
ORCL,Oracle Corporation,Information Technology,2026-09-30,2026-05-31,5,8,false,,0.3059,0.2537,-0.3516,-0.0692,129.54,company_reported_total,3.05,67.36,net_income,0,No change
PEP,"PepsiCo, Inc.",Consumer Staples,2010-02-28,2009-12-26,5,5,false,0.5351,0.1861,0.1375,,-0.0224,7.86,noncurrent_plus_current,0.47,43.23,net_income,,No change
PEP,"PepsiCo, Inc.",Consumer Staples,2010-03-31,2009-12-26,5,5,false,0.5351,0.1861,0.1375,,-0.0224,7.86,noncurrent_plus_current,0.47,43.23,net_income,0,No change
PEP,"PepsiCo, Inc.",Consumer Staples,2010-04-30,2009-12-26,5,5,false,0.5351,0.1861,0.1375,,-0.0224,7.86,noncurrent_plus_current,0.47,43.23,net_income,0,No change
PEP,"PepsiCo, Inc.",Consumer Staples,2010-05-31,2009-12-26,5,5,false,0.5351,0.1861,0.1375,,-0.0224,7.86,noncurrent_plus_current,0.47,43.23,net_income,0,No change
PEP,"PepsiCo, Inc.",Consumer Staples,2010-06-30,2009-12-26,5,5,false,0.5351,0.1861,0.1375,,-0.0224,7.86,noncurrent_plus_current,0.47,43.23,net_income,0,No change
PEP,"PepsiCo, Inc.",Consumer Staples,2010-07-31,2009-12-26,5,5,false,0.5351,0.1861,0.1375,,-0.0224,7.86,noncurrent_plus_current,0.47,43.23,net_income,0,No change
PEP,"PepsiCo, Inc.",Consumer Staples,2010-08-31,2009-12-26,5,5,false,0.5351,0.1861,0.1375,,-0.0224,7.86,noncurrent_plus_current,0.47,43.23,net_income,0,No change
PEP,"PepsiCo, Inc.",Consumer Staples,2010-09-30,2009-12-26,5,5,false,0.5351,0.1861,0.1375,,-0.0224,7.86,noncurrent_plus_current,0.47,43.23,net_income,0,No change
PEP,"PepsiCo, Inc.",Consumer Staples,2010-10-31,2009-12-26,5,5,false,0.5351,0.1861,0.1375,,-0.0224,7.86,noncurrent_plus_current,0.47,43.23,net_income,0,No change
PEP,"PepsiCo, Inc.",Consumer Staples,2010-11-30,2009-12-26,5,5,false,0.5351,0.1861,0.1375,,-0.0224,7.86,noncurrent_plus_current,0.47,43.23,net_income,0,No change
PEP,"PepsiCo, Inc.",Consumer Staples,2010-12-31,2009-12-26,5,5,false,0.5351,0.1861,0.1375,,-0.0224,7.86,noncurrent_plus_current,0.47,43.23,net_income,0,No change
PEP,"PepsiCo, Inc.",Consumer Staples,2011-01-31,2009-12-26,5,5,false,0.5351,0.1861,0.1375,,-0.0224,7.86,noncurrent_plus_current,0.47,43.23,net_income,0,No change
PEP,"PepsiCo, Inc.",Consumer Staples,2011-02-28,2010-12-25,5,9,true,0.5405,0.1441,0.1093,,-0.0394,25.01,long_term_debt_incl_current,1.18,57.84,net_income,0,No change
PEP,"PepsiCo, Inc.",Consumer Staples,2011-03-31,2010-12-25,5,9,true,0.5405,0.1441,0.1093,,-0.0394,25.01,long_term_debt_incl_current,1.18,57.84,net_income,0,No change
PEP,"PepsiCo, Inc.",Consumer Staples,2011-04-30,2010-12-25,5,9,true,0.5405,0.1441,0.1093,,-0.0394,25.01,long_term_debt_incl_current,1.18,57.84,net_income,0,No change
PEP,"PepsiCo, Inc.",Consumer Staples,2011-05-31,2010-12-25,5,9,true,0.5405,0.1441,0.1093,,-0.0394,25.01,long_term_debt_incl_current,1.18,57.84,net_income,0,No change
PEP,"PepsiCo, Inc.",Consumer Staples,2011-06-30,2010-12-25,5,9,true,0.5405,0.1441,0.1093,,-0.0394,25.01,long_term_debt_incl_current,1.18,57.84,net_income,0,No change
PEP,"PepsiCo, Inc.",Consumer Staples,2011-07-31,2010-12-25,5,9,true,0.5405,0.1441,0.1093,,-0.0394,25.01,long_term_debt_incl_current,1.18,57.84,net_income,0,No change
PEP,"PepsiCo, Inc.",Consumer Staples,2011-08-31,2010-12-25,5,9,true,0.5405,0.1441,0.1093,,-0.0394,25.01,long_term_debt_incl_current,1.18,57.84,net_income,0,No change
PEP,"PepsiCo, Inc.",Consumer Staples,2011-09-30,2010-12-25,5,9,true,0.5405,0.1441,0.1093,,-0.0394,25.01,long_term_debt_incl_current,1.18,57.84,net_income,0,No change
PEP,"PepsiCo, Inc.",Consumer Staples,2011-10-31,2010-12-25,5,9,true,0.5405,0.1441,0.1093,,-0.0394,25.01,long_term_debt_incl_current,1.18,57.84,net_income,0,No change
PEP,"PepsiCo, Inc.",Consumer Staples,2011-11-30,2010-12-25,5,9,true,0.5405,0.1441,0.1093,,-0.0394,25.01,long_term_debt_incl_current,1.18,57.84,net_income,0,No change
PEP,"PepsiCo, Inc.",Consumer Staples,2011-12-31,2010-12-25,5,9,true,0.5405,0.1441,0.1093,,-0.0394,25.01,long_term_debt_incl_current,1.18,57.84,net_income,0,No change
PEP,"PepsiCo, Inc.",Consumer Staples,2012-01-31,2010-12-25,5,9,true,0.5405,0.1441,0.1093,,-0.0394,25.01,long_term_debt_incl_current,1.18,57.84,net_income,0,No change
PEP,"PepsiCo, Inc.",Consumer Staples,2012-02-29,2011-12-31,5,9,true,0.5249,0.1448,0.0969,,-0.0355,23.12,long_term_debt_incl_current,1.12,66.5,net_income,0,No change
PEP,"PepsiCo, Inc.",Consumer Staples,2012-03-31,2011-12-31,5,9,true,0.5249,0.1448,0.0969,,-0.0355,23.12,long_term_debt_incl_current,1.12,66.5,net_income,0,No change
PEP,"PepsiCo, Inc.",Consumer Staples,2012-04-30,2011-12-31,5,9,true,0.5249,0.1448,0.0969,,-0.0355,29.32,long_term_debt_incl_current,1.42,66.5,net_income,0,No change
PEP,"PepsiCo, Inc.",Consumer Staples,2012-05-31,2011-12-31,5,9,true,0.5249,0.1448,0.0969,,-0.0355,29.32,long_term_debt_incl_current,1.42,66.5,net_income,0,No change
PEP,"PepsiCo, Inc.",Consumer Staples,2012-06-30,2011-12-31,5,9,true,0.5249,0.1448,0.0969,,-0.0355,29.32,long_term_debt_incl_current,1.42,66.5,net_income,0,No change
PEP,"PepsiCo, Inc.",Consumer Staples,2012-07-31,2011-12-31,5,9,true,0.5249,0.1448,0.0969,,-0.0355,29.32,long_term_debt_incl_current,1.42,66.5,net_income,0,No change
PEP,"PepsiCo, Inc.",Consumer Staples,2012-08-31,2011-12-31,5,9,true,0.5249,0.1448,0.0969,,-0.0355,29.32,long_term_debt_incl_current,1.42,66.5,net_income,0,No change
PEP,"PepsiCo, Inc.",Consumer Staples,2012-09-30,2011-12-31,5,9,true,0.5249,0.1448,0.0969,,-0.0355,29.32,long_term_debt_incl_current,1.42,66.5,net_income,0,No change
PEP,"PepsiCo, Inc.",Consumer Staples,2012-10-31,2011-12-31,5,9,true,0.5249,0.1448,0.0969,,-0.0355,29.32,long_term_debt_incl_current,1.42,66.5,net_income,0,No change
PEP,"PepsiCo, Inc.",Consumer Staples,2012-11-30,2011-12-31,5,9,true,0.5249,0.1448,0.0969,,-0.0355,29.32,long_term_debt_incl_current,1.42,66.5,net_income,0,No change
PEP,"PepsiCo, Inc.",Consumer Staples,2012-12-31,2011-12-31,5,9,true,0.5249,0.1448,0.0969,,-0.0355,29.32,long_term_debt_incl_current,1.42,66.5,net_income,0,No change
PEP,"PepsiCo, Inc.",Consumer Staples,2013-01-31,2011-12-31,5,9,true,0.5249,0.1448,0.0969,,-0.0355,29.32,long_term_debt_incl_current,1.42,66.5,net_income,0,No change
PEP,"PepsiCo, Inc.",Consumer Staples,2013-02-28,2012-12-29,6,9,true,0.5222,0.1391,0.0943,,-0.0312,26.45,long_term_debt_incl_current,1.18,65.49,net_income,1,New annual report
PEP,"PepsiCo, Inc.",Consumer Staples,2013-03-31,2012-12-29,6,9,true,0.5222,0.1391,0.0943,,-0.0312,26.45,long_term_debt_incl_current,1.18,65.49,net_income,0,No change
PEP,"PepsiCo, Inc.",Consumer Staples,2013-04-30,2012-12-29,5,9,true,0.5222,0.1391,0.0943,,-0.0312,31.26,long_term_debt_incl_current,1.39,65.49,net_income,-1,Revised data for same fiscal year
PEP,"PepsiCo, Inc.",Consumer Staples,2013-05-31,2012-12-29,5,9,true,0.5222,0.1391,0.0943,,-0.0312,31.26,long_term_debt_incl_current,1.39,65.49,net_income,0,No change
PEP,"PepsiCo, Inc.",Consumer Staples,2013-06-30,2012-12-29,5,9,true,0.5222,0.1391,0.0943,,-0.0312,31.26,long_term_debt_incl_current,1.39,65.49,net_income,0,No change
PEP,"PepsiCo, Inc.",Consumer Staples,2013-07-31,2012-12-29,5,9,true,0.5222,0.1391,0.0943,,-0.0312,31.26,long_term_debt_incl_current,1.39,65.49,net_income,0,No change
PEP,"PepsiCo, Inc.",Consumer Staples,2013-08-31,2012-12-29,5,9,true,0.5222,0.1391,0.0943,,-0.0312,31.26,long_term_debt_incl_current,1.39,65.49,net_income,0,No change
PEP,"PepsiCo, Inc.",Consumer Staples,2013-09-30,2012-12-29,5,9,true,0.5222,0.1391,0.0943,,-0.0312,31.26,long_term_debt_incl_current,1.39,65.49,net_income,0,No change
PEP,"PepsiCo, Inc.",Consumer Staples,2013-10-31,2012-12-29,5,9,true,0.5222,0.1391,0.0943,,-0.0312,31.26,long_term_debt_incl_current,1.39,65.49,net_income,0,No change
PEP,"PepsiCo, Inc.",Consumer Staples,2013-11-30,2012-12-29,5,9,true,0.5222,0.1391,0.0943,,-0.0312,31.26,long_term_debt_incl_current,1.39,65.49,net_income,0,No change
PEP,"PepsiCo, Inc.",Consumer Staples,2013-12-31,2012-12-29,5,9,true,0.5222,0.1391,0.0943,,-0.0312,31.26,long_term_debt_incl_current,1.39,65.49,net_income,0,No change
PEP,"PepsiCo, Inc.",Consumer Staples,2014-01-31,2012-12-29,5,9,true,0.5222,0.1391,0.0943,,-0.0312,31.26,long_term_debt_incl_current,1.39,65.49,net_income,0,No change
PEP,"PepsiCo, Inc.",Consumer Staples,2014-02-28,2013-12-28,8,9,true,0.5296,0.1461,0.1015,,-0.0388,29.48,long_term_debt_incl_current,1.21,66.42,net_income,3,New annual report
PEP,"PepsiCo, Inc.",Consumer Staples,2014-03-31,2013-12-28,8,9,true,0.5296,0.1461,0.1015,,-0.0388,29.48,long_term_debt_incl_current,1.21,66.42,net_income,0,No change
PEP,"PepsiCo, Inc.",Consumer Staples,2014-04-30,2013-12-28,8,9,true,0.5296,0.1461,0.1015,,-0.0388,31.86,long_term_debt_incl_current,1.31,66.42,net_income,0,No change
PEP,"PepsiCo, Inc.",Consumer Staples,2014-05-31,2013-12-28,8,9,true,0.5296,0.1461,0.1015,,-0.0388,31.86,long_term_debt_incl_current,1.31,66.42,net_income,0,No change
PEP,"PepsiCo, Inc.",Consumer Staples,2014-06-30,2013-12-28,8,9,true,0.5296,0.1461,0.1015,,-0.0388,31.86,long_term_debt_incl_current,1.31,66.42,net_income,0,No change
PEP,"PepsiCo, Inc.",Consumer Staples,2014-07-31,2013-12-28,8,9,true,0.5296,0.1461,0.1015,,-0.0388,31.86,long_term_debt_incl_current,1.31,66.42,net_income,0,No change
PEP,"PepsiCo, Inc.",Consumer Staples,2014-08-31,2013-12-28,8,9,true,0.5296,0.1461,0.1015,,-0.0388,31.86,long_term_debt_incl_current,1.31,66.42,net_income,0,No change
PEP,"PepsiCo, Inc.",Consumer Staples,2014-09-30,2013-12-28,8,9,true,0.5296,0.1461,0.1015,,-0.0388,31.86,long_term_debt_incl_current,1.31,66.42,net_income,0,No change
PEP,"PepsiCo, Inc.",Consumer Staples,2014-10-31,2013-12-28,8,9,true,0.5296,0.1461,0.1015,,-0.0388,31.86,long_term_debt_incl_current,1.31,66.42,net_income,0,No change
PEP,"PepsiCo, Inc.",Consumer Staples,2014-11-30,2013-12-28,8,9,true,0.5296,0.1461,0.1015,,-0.0388,31.86,long_term_debt_incl_current,1.31,66.42,net_income,0,No change
PEP,"PepsiCo, Inc.",Consumer Staples,2014-12-31,2013-12-28,8,9,true,0.5296,0.1461,0.1015,,-0.0388,31.86,long_term_debt_incl_current,1.31,66.42,net_income,0,No change
PEP,"PepsiCo, Inc.",Consumer Staples,2015-01-31,2013-12-28,8,9,true,0.5296,0.1461,0.1015,,-0.0388,31.86,long_term_debt_incl_current,1.31,66.42,net_income,0,No change
PEP,"PepsiCo, Inc.",Consumer Staples,2015-02-28,2014-12-27,6,9,true,0.5369,0.1437,0.0977,,-0.054,28.66,long_term_debt_incl_current,1.63,66.68,net_income,-2,New annual report
PEP,"PepsiCo, Inc.",Consumer Staples,2015-03-31,2014-12-27,6,9,true,0.5369,0.1437,0.0977,,-0.054,28.66,long_term_debt_incl_current,1.63,66.68,net_income,0,No change
PEP,"PepsiCo, Inc.",Consumer Staples,2015-04-30,2014-12-27,5,9,true,0.5369,0.1437,0.0977,,-0.054,32.99,long_term_debt_incl_current,1.88,66.68,net_income,-1,Revised data for same fiscal year
PEP,"PepsiCo, Inc.",Consumer Staples,2015-05-31,2014-12-27,5,9,true,0.5369,0.1437,0.0977,,-0.054,32.99,long_term_debt_incl_current,1.88,66.68,net_income,0,No change
PEP,"PepsiCo, Inc.",Consumer Staples,2015-06-30,2014-12-27,5,9,true,0.5369,0.1437,0.0977,,-0.054,32.99,long_term_debt_incl_current,1.88,66.68,net_income,0,No change
PEP,"PepsiCo, Inc.",Consumer Staples,2015-07-31,2014-12-27,5,9,true,0.5369,0.1437,0.0977,,-0.054,32.99,long_term_debt_incl_current,1.88,66.68,net_income,0,No change
PEP,"PepsiCo, Inc.",Consumer Staples,2015-08-31,2014-12-27,5,9,true,0.5369,0.1437,0.0977,,-0.054,32.99,long_term_debt_incl_current,1.88,66.68,net_income,0,No change
PEP,"PepsiCo, Inc.",Consumer Staples,2015-09-30,2014-12-27,5,9,true,0.5369,0.1437,0.0977,,-0.054,32.99,long_term_debt_incl_current,1.88,66.68,net_income,0,No change
PEP,"PepsiCo, Inc.",Consumer Staples,2015-10-31,2014-12-27,5,9,true,0.5369,0.1437,0.0977,,-0.054,32.99,long_term_debt_incl_current,1.88,66.68,net_income,0,No change
PEP,"PepsiCo, Inc.",Consumer Staples,2015-11-30,2014-12-27,5,9,true,0.5369,0.1437,0.0977,,-0.054,32.99,long_term_debt_incl_current,1.88,66.68,net_income,0,No change
PEP,"PepsiCo, Inc.",Consumer Staples,2015-12-31,2014-12-27,5,9,true,0.5369,0.1437,0.0977,,-0.054,32.99,long_term_debt_incl_current,1.88,66.68,net_income,0,No change
PEP,"PepsiCo, Inc.",Consumer Staples,2016-01-31,2014-12-27,5,9,true,0.5369,0.1437,0.0977,,-0.054,32.99,long_term_debt_incl_current,1.88,66.68,net_income,0,No change
PEP,"PepsiCo, Inc.",Consumer Staples,2016-02-29,2015-12-26,7,9,true,0.5499,0.1325,0.0865,,-0.0732,33.09,long_term_debt_incl_current,2.74,63.06,net_income,2,New annual report
PEP,"PepsiCo, Inc.",Consumer Staples,2016-03-31,2015-12-26,7,9,true,0.5499,0.1325,0.0865,,-0.0732,33.09,long_term_debt_incl_current,2.74,63.06,net_income,0,No change
PEP,"PepsiCo, Inc.",Consumer Staples,2016-04-30,2015-12-26,7,9,true,0.5499,0.1325,0.0865,,-0.0732,36.39,long_term_debt_incl_current,3.02,63.06,net_income,0,No change
PEP,"PepsiCo, Inc.",Consumer Staples,2016-05-31,2015-12-26,7,9,true,0.5499,0.1325,0.0865,,-0.0732,36.39,long_term_debt_incl_current,3.02,63.06,net_income,0,No change
PEP,"PepsiCo, Inc.",Consumer Staples,2016-06-30,2015-12-26,7,9,true,0.5499,0.1325,0.0865,,-0.0732,36.39,long_term_debt_incl_current,3.02,63.06,net_income,0,No change
PEP,"PepsiCo, Inc.",Consumer Staples,2016-07-31,2015-12-26,7,9,true,0.5499,0.1325,0.0865,,-0.0732,36.39,long_term_debt_incl_current,3.02,63.06,net_income,0,No change
PEP,"PepsiCo, Inc.",Consumer Staples,2016-08-31,2015-12-26,7,9,true,0.5499,0.1325,0.0865,,-0.0732,36.39,long_term_debt_incl_current,3.02,63.06,net_income,0,No change
PEP,"PepsiCo, Inc.",Consumer Staples,2016-09-30,2015-12-26,7,9,true,0.5499,0.1325,0.0865,,-0.0732,36.39,long_term_debt_incl_current,3.02,63.06,net_income,0,No change
PEP,"PepsiCo, Inc.",Consumer Staples,2016-10-31,2015-12-26,7,9,true,0.5499,0.1325,0.0865,,-0.0732,36.39,long_term_debt_incl_current,3.02,63.06,net_income,0,No change
PEP,"PepsiCo, Inc.",Consumer Staples,2016-11-30,2015-12-26,7,9,true,0.5499,0.1325,0.0865,,-0.0732,36.39,long_term_debt_incl_current,3.02,63.06,net_income,0,No change
PEP,"PepsiCo, Inc.",Consumer Staples,2016-12-31,2015-12-26,7,9,true,0.5499,0.1325,0.0865,,-0.0732,36.39,long_term_debt_incl_current,3.02,63.06,net_income,0,No change
PEP,"PepsiCo, Inc.",Consumer Staples,2017-01-31,2015-12-26,7,9,true,0.5499,0.1325,0.0865,,-0.0732,36.39,long_term_debt_incl_current,3.02,63.06,net_income,0,No change
PEP,"PepsiCo, Inc.",Consumer Staples,2017-02-28,2016-12-31,8,9,true,0.5508,0.1558,0.1008,,-0.0567,36.71,long_term_debt_incl_current,3.26,62.8,net_income,1,New annual report
PEP,"PepsiCo, Inc.",Consumer Staples,2017-03-31,2016-12-31,8,9,true,0.5508,0.1558,0.1008,,-0.0567,36.71,long_term_debt_incl_current,3.26,62.8,net_income,0,No change
PEP,"PepsiCo, Inc.",Consumer Staples,2017-04-30,2016-12-31,7,9,true,0.5508,0.1558,0.1008,,-0.0569,41.35,long_term_debt_incl_current,3.68,62.8,net_income,-1,Revised data for same fiscal year
PEP,"PepsiCo, Inc.",Consumer Staples,2017-05-31,2016-12-31,7,9,true,0.5508,0.1558,0.1008,,-0.0569,41.35,long_term_debt_incl_current,3.68,62.8,net_income,0,No change
PEP,"PepsiCo, Inc.",Consumer Staples,2017-06-30,2016-12-31,7,9,true,0.5508,0.1558,0.1008,,-0.0569,41.35,long_term_debt_incl_current,3.68,62.8,net_income,0,No change
PEP,"PepsiCo, Inc.",Consumer Staples,2017-07-31,2016-12-31,7,9,true,0.5508,0.1558,0.1008,,-0.0569,41.35,long_term_debt_incl_current,3.68,62.8,net_income,0,No change
PEP,"PepsiCo, Inc.",Consumer Staples,2017-08-31,2016-12-31,7,9,true,0.5508,0.1558,0.1008,,-0.0569,41.35,long_term_debt_incl_current,3.68,62.8,net_income,0,No change
PEP,"PepsiCo, Inc.",Consumer Staples,2017-09-30,2016-12-31,7,9,true,0.5508,0.1558,0.1008,,-0.0569,41.35,long_term_debt_incl_current,3.68,62.8,net_income,0,No change
PEP,"PepsiCo, Inc.",Consumer Staples,2017-10-31,2016-12-31,7,9,true,0.5508,0.1558,0.1008,,-0.0569,41.35,long_term_debt_incl_current,3.68,62.8,net_income,0,No change
PEP,"PepsiCo, Inc.",Consumer Staples,2017-11-30,2016-12-31,7,9,true,0.5508,0.1558,0.1008,,-0.0569,41.35,long_term_debt_incl_current,3.68,62.8,net_income,0,No change
PEP,"PepsiCo, Inc.",Consumer Staples,2017-12-31,2016-12-31,7,9,true,0.5508,0.1558,0.1008,,-0.0569,41.35,long_term_debt_incl_current,3.68,62.8,net_income,0,No change
PEP,"PepsiCo, Inc.",Consumer Staples,2018-01-31,2016-12-31,7,9,true,0.5508,0.1558,0.1008,,-0.0569,41.35,long_term_debt_incl_current,3.68,62.8,net_income,0,No change
PEP,"PepsiCo, Inc.",Consumer Staples,2018-02-28,2017-12-30,6,9,true,0.5469,0.1654,0.0765,,-0.067,39.2,long_term_debt_incl_current,3.55,63.53,net_income,-1,New annual report
PEP,"PepsiCo, Inc.",Consumer Staples,2018-03-31,2017-12-30,6,9,true,0.5469,0.1654,0.0765,,-0.067,39.2,long_term_debt_incl_current,3.55,63.53,net_income,0,No change
PEP,"PepsiCo, Inc.",Consumer Staples,2018-04-30,2017-12-30,6,9,true,0.5469,0.1654,0.0765,,-0.067,43.3,long_term_debt_incl_current,3.92,63.53,net_income,0,No change
PEP,"PepsiCo, Inc.",Consumer Staples,2018-05-31,2017-12-30,6,9,true,0.5469,0.1654,0.0765,,-0.067,43.3,long_term_debt_incl_current,3.92,63.53,net_income,0,No change
PEP,"PepsiCo, Inc.",Consumer Staples,2018-06-30,2017-12-30,6,9,true,0.5469,0.1654,0.0765,,-0.067,43.3,long_term_debt_incl_current,3.92,63.53,net_income,0,No change
PEP,"PepsiCo, Inc.",Consumer Staples,2018-07-31,2017-12-30,6,9,true,0.5469,0.1654,0.0765,,-0.067,43.3,long_term_debt_incl_current,3.92,63.53,net_income,0,No change
PEP,"PepsiCo, Inc.",Consumer Staples,2018-08-31,2017-12-30,6,9,true,0.5469,0.1654,0.0765,,-0.067,43.3,long_term_debt_incl_current,3.92,63.53,net_income,0,No change
PEP,"PepsiCo, Inc.",Consumer Staples,2018-09-30,2017-12-30,6,9,true,0.5469,0.1654,0.0765,,-0.067,43.3,long_term_debt_incl_current,3.92,63.53,net_income,0,No change
PEP,"PepsiCo, Inc.",Consumer Staples,2018-10-31,2017-12-30,6,9,true,0.5469,0.1654,0.0765,,-0.067,43.3,long_term_debt_incl_current,3.92,63.53,net_income,0,No change
PEP,"PepsiCo, Inc.",Consumer Staples,2018-11-30,2017-12-30,6,9,true,0.5469,0.1654,0.0765,,-0.067,43.3,long_term_debt_incl_current,3.92,63.53,net_income,0,No change
PEP,"PepsiCo, Inc.",Consumer Staples,2018-12-31,2017-12-30,6,9,true,0.5469,0.1654,0.0765,,-0.067,43.3,long_term_debt_incl_current,3.92,63.53,net_income,0,No change
PEP,"PepsiCo, Inc.",Consumer Staples,2019-01-31,2017-12-30,6,9,true,0.5469,0.1654,0.0765,,-0.067,43.3,long_term_debt_incl_current,3.92,63.53,net_income,0,No change
PEP,"PepsiCo, Inc.",Consumer Staples,2019-02-28,2018-12-29,5,9,true,0.5456,0.1564,0.1935,,0.0394,32.25,long_term_debt_incl_current,2.22,64.66,net_income,-1,New annual report
PEP,"PepsiCo, Inc.",Consumer Staples,2019-03-31,2018-12-29,5,9,true,0.5456,0.1564,0.1935,,0.0394,32.25,long_term_debt_incl_current,2.22,64.66,net_income,0,No change
PEP,"PepsiCo, Inc.",Consumer Staples,2019-04-30,2018-12-29,5,9,true,0.5456,0.1564,0.1935,,0.0394,36.27,long_term_debt_incl_current,2.5,64.66,net_income,0,No change
PEP,"PepsiCo, Inc.",Consumer Staples,2019-05-31,2018-12-29,5,9,true,0.5456,0.1564,0.1935,,0.0394,36.27,long_term_debt_incl_current,2.5,64.66,net_income,0,No change
PEP,"PepsiCo, Inc.",Consumer Staples,2019-06-30,2018-12-29,5,9,true,0.5456,0.1564,0.1935,,0.0394,36.27,long_term_debt_incl_current,2.5,64.66,net_income,0,No change
PEP,"PepsiCo, Inc.",Consumer Staples,2019-07-31,2018-12-29,5,9,true,0.5456,0.1564,0.1935,,0.0394,36.27,long_term_debt_incl_current,2.5,64.66,net_income,0,No change
PEP,"PepsiCo, Inc.",Consumer Staples,2019-08-31,2018-12-29,5,9,true,0.5456,0.1564,0.1935,,0.0394,36.27,long_term_debt_incl_current,2.5,64.66,net_income,0,No change
PEP,"PepsiCo, Inc.",Consumer Staples,2019-09-30,2018-12-29,5,9,true,0.5456,0.1564,0.1935,,0.0394,36.27,long_term_debt_incl_current,2.5,64.66,net_income,0,No change
PEP,"PepsiCo, Inc.",Consumer Staples,2019-10-31,2018-12-29,5,9,true,0.5456,0.1564,0.1935,,0.0394,36.27,long_term_debt_incl_current,2.5,64.66,net_income,0,No change
PEP,"PepsiCo, Inc.",Consumer Staples,2019-11-30,2018-12-29,5,9,true,0.5456,0.1564,0.1935,,0.0394,36.27,long_term_debt_incl_current,2.5,64.66,net_income,0,No change
PEP,"PepsiCo, Inc.",Consumer Staples,2019-12-31,2018-12-29,5,9,true,0.5456,0.1564,0.1935,,0.0394,36.27,long_term_debt_incl_current,2.5,64.66,net_income,0,No change
PEP,"PepsiCo, Inc.",Consumer Staples,2020-01-31,2018-12-29,5,9,true,0.5456,0.1564,0.1935,,0.0394,36.27,long_term_debt_incl_current,2.5,64.66,net_income,0,No change
PEP,"PepsiCo, Inc.",Consumer Staples,2020-02-29,2019-12-28,7,9,true,0.5513,0.1532,0.1089,,-0.0299,32.0,long_term_debt_incl_current,2.16,67.16,net_income,2,New annual report
PEP,"PepsiCo, Inc.",Consumer Staples,2020-03-31,2019-12-28,7,9,true,0.5513,0.1532,0.1089,,-0.0299,32.0,long_term_debt_incl_current,2.16,67.16,net_income,0,No change
PEP,"PepsiCo, Inc.",Consumer Staples,2020-04-30,2019-12-28,7,9,true,0.5513,0.1532,0.1089,,-0.0299,34.92,long_term_debt_incl_current,2.36,67.16,net_income,0,No change
PEP,"PepsiCo, Inc.",Consumer Staples,2020-05-31,2019-12-28,7,9,true,0.5513,0.1532,0.1089,,-0.0299,34.92,long_term_debt_incl_current,2.36,67.16,net_income,0,No change
PEP,"PepsiCo, Inc.",Consumer Staples,2020-06-30,2019-12-28,7,9,true,0.5513,0.1532,0.1089,,-0.0299,34.92,long_term_debt_incl_current,2.36,67.16,net_income,0,No change
PEP,"PepsiCo, Inc.",Consumer Staples,2020-07-31,2019-12-28,7,9,true,0.5513,0.1532,0.1089,,-0.0299,34.92,long_term_debt_incl_current,2.36,67.16,net_income,0,No change
PEP,"PepsiCo, Inc.",Consumer Staples,2020-08-31,2019-12-28,7,9,true,0.5513,0.1532,0.1089,,-0.0299,34.92,long_term_debt_incl_current,2.36,67.16,net_income,0,No change
PEP,"PepsiCo, Inc.",Consumer Staples,2020-09-30,2019-12-28,7,9,true,0.5513,0.1532,0.1089,,-0.0299,34.92,long_term_debt_incl_current,2.36,67.16,net_income,0,No change
PEP,"PepsiCo, Inc.",Consumer Staples,2020-10-31,2019-12-28,7,9,true,0.5513,0.1532,0.1089,,-0.0299,34.92,long_term_debt_incl_current,2.36,67.16,net_income,0,No change
PEP,"PepsiCo, Inc.",Consumer Staples,2020-11-30,2019-12-28,7,9,true,0.5513,0.1532,0.1089,,-0.0299,34.92,long_term_debt_incl_current,2.36,67.16,net_income,0,No change
PEP,"PepsiCo, Inc.",Consumer Staples,2020-12-31,2019-12-28,7,9,true,0.5513,0.1532,0.1089,,-0.0299,34.92,long_term_debt_incl_current,2.36,67.16,net_income,0,No change
PEP,"PepsiCo, Inc.",Consumer Staples,2021-01-31,2019-12-28,7,9,true,0.5513,0.1532,0.1089,,-0.0299,34.92,long_term_debt_incl_current,2.36,67.16,net_income,0,No change
PEP,"PepsiCo, Inc.",Consumer Staples,2021-02-28,2020-12-26,6,9,true,0.5482,0.1432,0.1012,,-0.0407,43.73,long_term_debt_incl_current,3.25,70.37,net_income,-1,New annual report
PEP,"PepsiCo, Inc.",Consumer Staples,2021-03-31,2020-12-26,6,9,true,0.5482,0.1432,0.1012,,-0.0407,43.73,long_term_debt_incl_current,3.25,70.37,net_income,0,No change
PEP,"PepsiCo, Inc.",Consumer Staples,2021-04-30,2020-12-26,6,9,true,0.5482,0.1432,0.1012,,-0.0407,47.51,long_term_debt_incl_current,3.53,70.37,net_income,0,No change
PEP,"PepsiCo, Inc.",Consumer Staples,2021-05-31,2020-12-26,6,9,true,0.5482,0.1432,0.1012,,-0.0407,47.51,long_term_debt_incl_current,3.53,70.37,net_income,0,No change
PEP,"PepsiCo, Inc.",Consumer Staples,2021-06-30,2020-12-26,6,9,true,0.5482,0.1432,0.1012,,-0.0407,47.51,long_term_debt_incl_current,3.53,70.37,net_income,0,No change
PEP,"PepsiCo, Inc.",Consumer Staples,2021-07-31,2020-12-26,6,9,true,0.5482,0.1432,0.1012,,-0.0407,47.51,long_term_debt_incl_current,3.53,70.37,net_income,0,No change
PEP,"PepsiCo, Inc.",Consumer Staples,2021-08-31,2020-12-26,6,9,true,0.5482,0.1432,0.1012,,-0.0407,47.51,long_term_debt_incl_current,3.53,70.37,net_income,0,No change
PEP,"PepsiCo, Inc.",Consumer Staples,2021-09-30,2020-12-26,6,9,true,0.5482,0.1432,0.1012,,-0.0407,47.51,long_term_debt_incl_current,3.53,70.37,net_income,0,No change
PEP,"PepsiCo, Inc.",Consumer Staples,2021-10-31,2020-12-26,6,9,true,0.5482,0.1432,0.1012,,-0.0407,47.51,long_term_debt_incl_current,3.53,70.37,net_income,0,No change
PEP,"PepsiCo, Inc.",Consumer Staples,2021-11-30,2020-12-26,6,9,true,0.5482,0.1432,0.1012,,-0.0407,47.51,long_term_debt_incl_current,3.53,70.37,net_income,0,No change
PEP,"PepsiCo, Inc.",Consumer Staples,2021-12-31,2020-12-26,6,9,true,0.5482,0.1432,0.1012,,-0.0407,47.51,long_term_debt_incl_current,3.53,70.37,net_income,0,No change
PEP,"PepsiCo, Inc.",Consumer Staples,2022-01-31,2020-12-26,6,9,true,0.5482,0.1432,0.1012,,-0.0407,47.51,long_term_debt_incl_current,3.53,70.37,net_income,0,No change
PEP,"PepsiCo, Inc.",Consumer Staples,2022-02-28,2021-12-25,5,9,true,0.5335,0.1404,0.0959,,-0.0432,39.9,long_term_debt_incl_current,2.49,79.47,net_income,-1,New annual report
PEP,"PepsiCo, Inc.",Consumer Staples,2022-03-31,2021-12-25,5,9,true,0.5335,0.1404,0.0959,,-0.0432,39.9,long_term_debt_incl_current,2.49,79.47,net_income,0,No change
PEP,"PepsiCo, Inc.",Consumer Staples,2022-04-30,2021-12-25,5,9,true,0.5335,0.1404,0.0959,,-0.0432,44.21,long_term_debt_incl_current,2.76,79.47,net_income,0,No change
PEP,"PepsiCo, Inc.",Consumer Staples,2022-05-31,2021-12-25,5,9,true,0.5335,0.1404,0.0959,,-0.0432,44.21,long_term_debt_incl_current,2.76,79.47,net_income,0,No change
PEP,"PepsiCo, Inc.",Consumer Staples,2022-06-30,2021-12-25,5,9,true,0.5335,0.1404,0.0959,,-0.0432,44.21,long_term_debt_incl_current,2.76,79.47,net_income,0,No change
PEP,"PepsiCo, Inc.",Consumer Staples,2022-07-31,2021-12-25,5,9,true,0.5335,0.1404,0.0959,,-0.0432,44.21,long_term_debt_incl_current,2.76,79.47,net_income,0,No change
PEP,"PepsiCo, Inc.",Consumer Staples,2022-08-31,2021-12-25,5,9,true,0.5335,0.1404,0.0959,,-0.0432,44.21,long_term_debt_incl_current,2.76,79.47,net_income,0,No change
PEP,"PepsiCo, Inc.",Consumer Staples,2022-09-30,2021-12-25,5,9,true,0.5335,0.1404,0.0959,,-0.0432,44.21,long_term_debt_incl_current,2.76,79.47,net_income,0,No change
PEP,"PepsiCo, Inc.",Consumer Staples,2022-10-31,2021-12-25,5,9,true,0.5335,0.1404,0.0959,,-0.0432,44.21,long_term_debt_incl_current,2.76,79.47,net_income,0,No change
PEP,"PepsiCo, Inc.",Consumer Staples,2022-11-30,2021-12-25,5,9,true,0.5335,0.1404,0.0959,,-0.0432,44.21,long_term_debt_incl_current,2.76,79.47,net_income,0,No change
PEP,"PepsiCo, Inc.",Consumer Staples,2022-12-31,2021-12-25,5,9,true,0.5335,0.1404,0.0959,,-0.0432,44.21,long_term_debt_incl_current,2.76,79.47,net_income,0,No change
PEP,"PepsiCo, Inc.",Consumer Staples,2023-01-31,2021-12-25,5,9,true,0.5335,0.1404,0.0959,,-0.0432,44.21,long_term_debt_incl_current,2.76,79.47,net_income,0,No change
PEP,"PepsiCo, Inc.",Consumer Staples,2023-02-28,2022-12-31,7,9,true,0.5303,0.1333,0.1031,,-0.0206,38.75,long_term_debt_incl_current,2.26,86.39,net_income,2,New annual report
PEP,"PepsiCo, Inc.",Consumer Staples,2023-03-31,2022-12-31,7,9,true,0.5303,0.1333,0.1031,,-0.0206,38.75,long_term_debt_incl_current,2.26,86.39,net_income,0,No change
PEP,"PepsiCo, Inc.",Consumer Staples,2023-04-30,2022-12-31,7,9,true,0.5303,0.1333,0.1031,,-0.0206,42.17,long_term_debt_incl_current,2.46,86.39,net_income,0,No change
PEP,"PepsiCo, Inc.",Consumer Staples,2023-05-31,2022-12-31,7,9,true,0.5303,0.1333,0.1031,,-0.0206,42.17,long_term_debt_incl_current,2.46,86.39,net_income,0,No change
PEP,"PepsiCo, Inc.",Consumer Staples,2023-06-30,2022-12-31,7,9,true,0.5303,0.1333,0.1031,,-0.0206,42.17,long_term_debt_incl_current,2.46,86.39,net_income,0,No change
PEP,"PepsiCo, Inc.",Consumer Staples,2023-07-31,2022-12-31,7,9,true,0.5303,0.1333,0.1031,,-0.0206,42.17,long_term_debt_incl_current,2.46,86.39,net_income,0,No change
PEP,"PepsiCo, Inc.",Consumer Staples,2023-08-31,2022-12-31,7,9,true,0.5303,0.1333,0.1031,,-0.0206,42.17,long_term_debt_incl_current,2.46,86.39,net_income,0,No change
PEP,"PepsiCo, Inc.",Consumer Staples,2023-09-30,2022-12-31,7,9,true,0.5303,0.1333,0.1031,,-0.0206,42.17,long_term_debt_incl_current,2.46,86.39,net_income,0,No change
PEP,"PepsiCo, Inc.",Consumer Staples,2023-10-31,2022-12-31,7,9,true,0.5303,0.1333,0.1031,,-0.0206,42.17,long_term_debt_incl_current,2.46,86.39,net_income,0,No change
PEP,"PepsiCo, Inc.",Consumer Staples,2023-11-30,2022-12-31,7,9,true,0.5303,0.1333,0.1031,,-0.0206,42.17,long_term_debt_incl_current,2.46,86.39,net_income,0,No change
PEP,"PepsiCo, Inc.",Consumer Staples,2023-12-31,2022-12-31,7,9,true,0.5303,0.1333,0.1031,,-0.0206,42.17,long_term_debt_incl_current,2.46,86.39,net_income,0,No change
PEP,"PepsiCo, Inc.",Consumer Staples,2024-01-31,2022-12-31,7,9,true,0.5303,0.1333,0.1031,,-0.0206,42.17,long_term_debt_incl_current,2.46,86.39,net_income,0,No change
PEP,"PepsiCo, Inc.",Consumer Staples,2024-02-29,2023-12-30,9,9,true,0.5421,0.131,0.0992,,-0.0453,41.52,long_term_debt_incl_current,2.24,91.47,net_income,2,New annual report
PEP,"PepsiCo, Inc.",Consumer Staples,2024-03-31,2023-12-30,9,9,true,0.5421,0.131,0.0992,,-0.0453,41.52,long_term_debt_incl_current,2.24,91.47,net_income,0,No change
PEP,"PepsiCo, Inc.",Consumer Staples,2024-04-30,2023-12-30,8,9,true,0.5421,0.131,0.0992,,-0.0453,48.03,long_term_debt_incl_current,2.6,91.47,net_income,-1,Revised data for same fiscal year
PEP,"PepsiCo, Inc.",Consumer Staples,2024-05-31,2023-12-30,8,9,true,0.5421,0.131,0.0992,,-0.0453,48.03,long_term_debt_incl_current,2.6,91.47,net_income,0,No change
PEP,"PepsiCo, Inc.",Consumer Staples,2024-06-30,2023-12-30,8,9,true,0.5421,0.131,0.0992,,-0.0453,48.03,long_term_debt_incl_current,2.6,91.47,net_income,0,No change
PEP,"PepsiCo, Inc.",Consumer Staples,2024-07-31,2023-12-30,8,9,true,0.5421,0.131,0.0992,,-0.0453,48.03,long_term_debt_incl_current,2.6,91.47,net_income,0,No change
PEP,"PepsiCo, Inc.",Consumer Staples,2024-08-31,2023-12-30,8,9,true,0.5421,0.131,0.0992,,-0.0453,48.03,long_term_debt_incl_current,2.6,91.47,net_income,0,No change
PEP,"PepsiCo, Inc.",Consumer Staples,2024-09-30,2023-12-30,8,9,true,0.5421,0.131,0.0992,,-0.0453,48.03,long_term_debt_incl_current,2.6,91.47,net_income,0,No change
PEP,"PepsiCo, Inc.",Consumer Staples,2024-10-31,2023-12-30,8,9,true,0.5421,0.131,0.0992,,-0.0453,48.03,long_term_debt_incl_current,2.6,91.47,net_income,0,No change
PEP,"PepsiCo, Inc.",Consumer Staples,2024-11-30,2023-12-30,8,9,true,0.5421,0.131,0.0992,,-0.0453,48.03,long_term_debt_incl_current,2.6,91.47,net_income,0,No change
PEP,"PepsiCo, Inc.",Consumer Staples,2024-12-31,2023-12-30,8,9,true,0.5421,0.131,0.0992,,-0.0453,48.03,long_term_debt_incl_current,2.6,91.47,net_income,0,No change
PEP,"PepsiCo, Inc.",Consumer Staples,2025-01-31,2023-12-30,8,9,true,0.5421,0.131,0.0992,,-0.0453,48.03,long_term_debt_incl_current,2.6,91.47,net_income,0,No change
PEP,"PepsiCo, Inc.",Consumer Staples,2025-02-28,2024-12-28,6,9,true,0.5455,0.1403,0.1043,,-0.0293,41.23,long_term_debt_incl_current,2.29,91.85,net_income,-2,New annual report
PEP,"PepsiCo, Inc.",Consumer Staples,2025-03-31,2024-12-28,6,9,true,0.5455,0.1403,0.1043,,-0.0293,41.23,long_term_debt_incl_current,2.29,91.85,net_income,0,No change
PEP,"PepsiCo, Inc.",Consumer Staples,2025-04-30,2024-12-28,6,9,true,0.5455,0.1403,0.1043,,-0.0293,48.31,long_term_debt_incl_current,2.68,91.85,net_income,0,No change
PEP,"PepsiCo, Inc.",Consumer Staples,2025-05-31,2024-12-28,6,9,true,0.5455,0.1403,0.1043,,-0.0293,48.31,long_term_debt_incl_current,2.68,91.85,net_income,0,No change
PEP,"PepsiCo, Inc.",Consumer Staples,2025-06-30,2024-12-28,6,9,true,0.5455,0.1403,0.1043,,-0.0293,48.31,long_term_debt_incl_current,2.68,91.85,net_income,0,No change
PEP,"PepsiCo, Inc.",Consumer Staples,2025-07-31,2024-12-28,6,9,true,0.5455,0.1403,0.1043,,-0.0293,48.31,long_term_debt_incl_current,2.68,91.85,net_income,0,No change
PEP,"PepsiCo, Inc.",Consumer Staples,2025-08-31,2024-12-28,6,9,true,0.5455,0.1403,0.1043,,-0.0293,48.31,long_term_debt_incl_current,2.68,91.85,net_income,0,No change
PEP,"PepsiCo, Inc.",Consumer Staples,2025-09-30,2024-12-28,6,9,true,0.5455,0.1403,0.1043,,-0.0293,48.31,long_term_debt_incl_current,2.68,91.85,net_income,0,No change
PEP,"PepsiCo, Inc.",Consumer Staples,2025-10-31,2024-12-28,6,9,true,0.5455,0.1403,0.1043,,-0.0293,48.31,long_term_debt_incl_current,2.68,91.85,net_income,0,No change
PEP,"PepsiCo, Inc.",Consumer Staples,2025-11-30,2024-12-28,6,9,true,0.5455,0.1403,0.1043,,-0.0293,48.31,long_term_debt_incl_current,2.68,91.85,net_income,0,No change
PEP,"PepsiCo, Inc.",Consumer Staples,2025-12-31,2024-12-28,6,9,true,0.5455,0.1403,0.1043,,-0.0293,48.31,long_term_debt_incl_current,2.68,91.85,net_income,0,No change
PEP,"PepsiCo, Inc.",Consumer Staples,2026-01-31,2024-12-28,6,9,true,0.5455,0.1403,0.1043,,-0.0293,48.31,long_term_debt_incl_current,2.68,91.85,net_income,0,No change
PEP,"PepsiCo, Inc.",Consumer Staples,2026-02-28,2025-12-27,7,9,true,0.5415,0.1224,0.0877,,-0.0372,46.35,long_term_debt_incl_current,2.27,93.93,net_income,1,New annual report
PEP,"PepsiCo, Inc.",Consumer Staples,2026-03-31,2025-12-27,7,9,true,0.5415,0.1224,0.0877,,-0.0372,46.35,long_term_debt_incl_current,2.27,93.93,net_income,0,No change
PEP,"PepsiCo, Inc.",Consumer Staples,2026-04-30,2025-12-27,6,9,true,0.5415,0.1224,0.0877,,-0.0372,53.21,long_term_debt_incl_current,2.61,93.93,net_income,-1,Revised data for same fiscal year
PEP,"PepsiCo, Inc.",Consumer Staples,2026-05-31,2025-12-27,6,9,true,0.5415,0.1224,0.0877,,-0.0372,53.21,long_term_debt_incl_current,2.61,93.93,net_income,0,No change
PEP,"PepsiCo, Inc.",Consumer Staples,2026-06-30,2025-12-27,6,9,true,0.5415,0.1224,0.0877,,-0.0372,53.21,long_term_debt_incl_current,2.61,93.93,net_income,0,No change
PEP,"PepsiCo, Inc.",Consumer Staples,2026-07-31,2025-12-27,6,9,true,0.5415,0.1224,0.0877,,-0.0372,53.21,long_term_debt_incl_current,2.61,93.93,net_income,0,No change
PEP,"PepsiCo, Inc.",Consumer Staples,2026-08-31,2025-12-27,6,9,true,0.5415,0.1224,0.0877,,-0.0372,53.21,long_term_debt_incl_current,2.61,93.93,net_income,0,No change
PEP,"PepsiCo, Inc.",Consumer Staples,2026-09-30,2025-12-27,6,9,true,0.5415,0.1224,0.0877,,-0.0372,53.21,long_term_debt_incl_current,2.61,93.93,net_income,0,No change
PFE,PFIZER INC,Health Care,2010-02-28,2009-12-31,4,6,false,0.8223,,0.1727,0.3076,-0.0491,43.22,noncurrent_plus_current,0.48,50.01,net_income,,No change
PFE,PFIZER INC,Health Care,2010-03-31,2009-12-31,4,6,false,0.8223,,0.1727,0.3076,-0.0491,43.22,noncurrent_plus_current,0.48,50.01,net_income,0,No change
PFE,PFIZER INC,Health Care,2010-04-30,2009-12-31,4,6,false,0.8223,,0.1727,0.3076,-0.0491,43.22,noncurrent_plus_current,0.48,50.01,net_income,0,No change
PFE,PFIZER INC,Health Care,2010-05-31,2009-12-31,4,6,false,0.8223,,0.1727,0.3076,-0.0491,43.22,noncurrent_plus_current,0.48,50.01,net_income,0,No change
PFE,PFIZER INC,Health Care,2010-06-30,2009-12-31,4,6,false,0.8223,,0.1727,0.3076,-0.0491,43.22,noncurrent_plus_current,0.48,50.01,net_income,0,No change
PFE,PFIZER INC,Health Care,2010-07-31,2009-12-31,4,6,false,0.8223,,0.1727,0.3076,-0.0491,43.22,noncurrent_plus_current,0.48,50.01,net_income,0,No change
PFE,PFIZER INC,Health Care,2010-08-31,2009-12-31,4,6,false,0.8223,,0.1727,0.3076,-0.0491,43.22,noncurrent_plus_current,0.48,50.01,net_income,0,No change
PFE,PFIZER INC,Health Care,2010-09-30,2009-12-31,4,6,false,0.8223,,0.1727,0.3076,-0.0491,43.22,noncurrent_plus_current,0.48,50.01,net_income,0,No change
PFE,PFIZER INC,Health Care,2010-10-31,2009-12-31,4,6,false,0.8223,,0.1727,0.3076,-0.0491,43.22,noncurrent_plus_current,0.48,50.01,net_income,0,No change
PFE,PFIZER INC,Health Care,2010-11-30,2009-12-31,4,6,false,0.8223,,0.1727,0.3076,-0.0491,43.22,noncurrent_plus_current,0.48,50.01,net_income,0,No change
PFE,PFIZER INC,Health Care,2010-12-31,2009-12-31,4,6,false,0.8223,,0.1727,0.3076,-0.0491,43.22,noncurrent_plus_current,0.48,50.01,net_income,0,No change
PFE,PFIZER INC,Health Care,2011-01-31,2009-12-31,4,6,false,0.8223,,0.1727,0.3076,-0.0491,43.22,noncurrent_plus_current,0.48,50.01,net_income,0,No change
PFE,PFIZER INC,Health Care,2011-02-28,2009-12-31,4,6,false,0.8223,,0.1727,0.3076,-0.0491,43.22,noncurrent_plus_current,0.48,50.01,net_income,0,No change
PFE,PFIZER INC,Health Care,2011-03-31,2010-12-31,5,9,true,0.7599,,0.1218,0.1466,-0.0157,41.91,noncurrent_plus_current,0.48,67.81,net_income,1,New annual report
PFE,PFIZER INC,Health Care,2011-04-30,2010-12-31,5,9,true,0.7599,,0.1218,0.1466,-0.0157,41.91,noncurrent_plus_current,0.48,67.81,net_income,0,No change
PFE,PFIZER INC,Health Care,2011-05-31,2010-12-31,5,9,true,0.7599,,0.1218,0.1466,-0.0157,41.91,noncurrent_plus_current,0.48,67.81,net_income,0,No change
PFE,PFIZER INC,Health Care,2011-06-30,2010-12-31,5,9,true,0.7599,,0.1218,0.1466,-0.0157,41.91,noncurrent_plus_current,0.48,67.81,net_income,0,No change
PFE,PFIZER INC,Health Care,2011-07-31,2010-12-31,5,9,true,0.7599,,0.1218,0.1466,-0.0157,41.91,noncurrent_plus_current,0.48,67.81,net_income,0,No change
PFE,PFIZER INC,Health Care,2011-08-31,2010-12-31,5,9,true,0.7599,,0.1218,0.1466,-0.0157,41.91,noncurrent_plus_current,0.48,67.81,net_income,0,No change
PFE,PFIZER INC,Health Care,2011-09-30,2010-12-31,5,9,true,0.7599,,0.1218,0.1466,-0.0157,41.91,noncurrent_plus_current,0.48,67.81,net_income,0,No change
PFE,PFIZER INC,Health Care,2011-10-31,2010-12-31,5,9,true,0.7599,,0.1218,0.1466,-0.0157,41.91,noncurrent_plus_current,0.48,67.81,net_income,0,No change
PFE,PFIZER INC,Health Care,2011-11-30,2010-12-31,5,9,true,0.7599,,0.1218,0.1466,-0.0157,41.91,noncurrent_plus_current,0.48,67.81,net_income,0,No change
PFE,PFIZER INC,Health Care,2011-12-31,2010-12-31,5,9,true,0.7599,,0.1218,0.1466,-0.0157,41.91,noncurrent_plus_current,0.48,67.81,net_income,0,No change
PFE,PFIZER INC,Health Care,2012-01-31,2010-12-31,5,9,true,0.7599,,0.1218,0.1466,-0.0157,41.91,noncurrent_plus_current,0.48,67.81,net_income,0,No change
PFE,PFIZER INC,Health Care,2012-02-29,2011-12-31,8,9,true,0.7763,,0.1484,0.2756,-0.0534,34.94,noncurrent_plus_current,0.43,67.43,net_income,3,New annual report
PFE,PFIZER INC,Health Care,2012-03-31,2011-12-31,8,9,true,0.7763,,0.1484,0.2756,-0.0534,34.94,noncurrent_plus_current,0.43,67.43,net_income,0,No change
PFE,PFIZER INC,Health Care,2012-04-30,2011-12-31,8,9,true,0.7763,,0.1484,0.2756,-0.0534,34.94,noncurrent_plus_current,0.43,67.43,net_income,0,No change
PFE,PFIZER INC,Health Care,2012-05-31,2011-12-31,8,9,true,0.7763,,0.1484,0.2756,-0.0534,34.94,noncurrent_plus_current,0.43,67.43,net_income,0,No change
PFE,PFIZER INC,Health Care,2012-06-30,2011-12-31,8,9,true,0.7763,,0.1484,0.2756,-0.0534,34.94,noncurrent_plus_current,0.43,67.43,net_income,0,No change
PFE,PFIZER INC,Health Care,2012-07-31,2011-12-31,8,9,true,0.7763,,0.1484,0.2756,-0.0534,34.94,noncurrent_plus_current,0.43,67.43,net_income,0,No change
PFE,PFIZER INC,Health Care,2012-08-31,2011-12-31,8,9,true,0.7763,,0.1484,0.2756,-0.0534,34.93,noncurrent_plus_current,0.43,67.43,net_income,0,No change
PFE,PFIZER INC,Health Care,2012-09-30,2011-12-31,8,9,true,0.7763,,0.1484,0.2756,-0.0534,34.93,noncurrent_plus_current,0.43,67.43,net_income,0,No change
PFE,PFIZER INC,Health Care,2012-10-31,2011-12-31,8,9,true,0.7763,,0.1484,0.2756,-0.0534,34.93,noncurrent_plus_current,0.43,67.43,net_income,0,No change
PFE,PFIZER INC,Health Care,2012-11-30,2011-12-31,8,9,true,0.7763,,0.1484,0.2756,-0.0534,34.93,noncurrent_plus_current,0.43,67.43,net_income,0,No change
PFE,PFIZER INC,Health Care,2012-12-31,2011-12-31,8,9,true,0.7763,,0.1484,0.2756,-0.0534,34.93,noncurrent_plus_current,0.43,67.43,net_income,0,No change
PFE,PFIZER INC,Health Care,2013-01-31,2011-12-31,8,9,true,0.7763,,0.1484,0.2756,-0.0534,34.93,noncurrent_plus_current,0.43,67.43,net_income,0,No change
PFE,PFIZER INC,Health Care,2013-02-28,2011-12-31,8,9,true,0.7763,,0.1484,0.2756,-0.0534,34.93,noncurrent_plus_current,0.43,67.43,net_income,0,No change
PFE,PFIZER INC,Health Care,2013-03-31,2012-12-31,8,9,true,0.8079,,0.247,0.2666,-0.0133,33.49,noncurrent_plus_current,0.41,58.99,net_income,0,No change
PFE,PFIZER INC,Health Care,2013-04-30,2012-12-31,8,9,true,0.8079,,0.247,0.2666,-0.0133,33.49,noncurrent_plus_current,0.41,58.99,net_income,0,No change
PFE,PFIZER INC,Health Care,2013-05-31,2012-12-31,8,9,true,0.8079,,0.247,0.2666,-0.0133,33.49,noncurrent_plus_current,0.41,58.99,net_income,0,No change
PFE,PFIZER INC,Health Care,2013-06-30,2012-12-31,8,9,true,0.8079,,0.247,0.2666,-0.0133,33.49,noncurrent_plus_current,0.41,58.99,net_income,0,No change
PFE,PFIZER INC,Health Care,2013-07-31,2012-12-31,8,9,true,0.8079,,0.247,0.2666,-0.0133,33.49,noncurrent_plus_current,0.41,58.99,net_income,0,No change
PFE,PFIZER INC,Health Care,2013-08-31,2012-12-31,8,9,true,0.8079,,0.247,0.2666,-0.0133,33.49,noncurrent_plus_current,0.41,58.99,net_income,0,No change
PFE,PFIZER INC,Health Care,2013-09-30,2012-12-31,8,9,true,0.8079,,0.247,0.2666,-0.0133,33.49,noncurrent_plus_current,0.41,58.99,net_income,0,No change
PFE,PFIZER INC,Health Care,2013-10-31,2012-12-31,8,9,true,0.8079,,0.247,0.2666,-0.0133,33.49,noncurrent_plus_current,0.41,58.99,net_income,0,No change
PFE,PFIZER INC,Health Care,2013-11-30,2012-12-31,8,9,true,0.8079,,0.247,0.2666,-0.0133,33.49,noncurrent_plus_current,0.41,58.99,net_income,0,No change
PFE,PFIZER INC,Health Care,2013-12-31,2012-12-31,8,9,true,0.8079,,0.247,0.2666,-0.0133,33.49,noncurrent_plus_current,0.41,58.99,net_income,0,No change
PFE,PFIZER INC,Health Care,2014-01-31,2012-12-31,8,9,true,0.8079,,0.247,0.2666,-0.0133,33.49,noncurrent_plus_current,0.41,58.99,net_income,0,No change
PFE,PFIZER INC,Health Care,2014-02-28,2012-12-31,8,9,true,0.8079,,0.247,0.2666,-0.0133,33.49,noncurrent_plus_current,0.41,58.99,net_income,0,No change
PFE,PFIZER INC,Health Care,2014-03-31,2013-12-31,5,9,true,0.8142,,0.4265,0.321,0.0237,35.52,noncurrent_plus_current,0.47,51.58,net_income,-3,New annual report
PFE,PFIZER INC,Health Care,2014-04-30,2013-12-31,5,9,true,0.8142,,0.4265,0.321,0.0237,35.52,noncurrent_plus_current,0.47,51.58,net_income,0,No change
PFE,PFIZER INC,Health Care,2014-05-31,2013-12-31,5,9,true,0.8142,,0.4265,0.321,0.0237,35.52,noncurrent_plus_current,0.47,51.58,net_income,0,No change
PFE,PFIZER INC,Health Care,2014-06-30,2013-12-31,5,9,true,0.8142,,0.4265,0.321,0.0237,35.52,noncurrent_plus_current,0.47,51.58,net_income,0,No change
PFE,PFIZER INC,Health Care,2014-07-31,2013-12-31,5,9,true,0.8142,,0.4265,0.321,0.0237,35.52,noncurrent_plus_current,0.47,51.58,net_income,0,No change
PFE,PFIZER INC,Health Care,2014-08-31,2013-12-31,5,9,true,0.8142,,0.4265,0.321,0.0237,35.52,noncurrent_plus_current,0.47,51.58,net_income,0,No change
PFE,PFIZER INC,Health Care,2014-09-30,2013-12-31,5,9,true,0.8142,,0.4265,0.321,0.0237,35.52,noncurrent_plus_current,0.47,51.58,net_income,0,No change
PFE,PFIZER INC,Health Care,2014-10-31,2013-12-31,5,9,true,0.8142,,0.4265,0.321,0.0237,35.52,noncurrent_plus_current,0.47,51.58,net_income,0,No change
PFE,PFIZER INC,Health Care,2014-11-30,2013-12-31,5,9,true,0.8142,,0.4265,0.321,0.0237,35.52,noncurrent_plus_current,0.47,51.58,net_income,0,No change
PFE,PFIZER INC,Health Care,2014-12-31,2013-12-31,5,9,true,0.8142,,0.4265,0.321,0.0237,35.52,noncurrent_plus_current,0.47,51.58,net_income,0,No change
PFE,PFIZER INC,Health Care,2015-01-31,2013-12-31,5,9,true,0.8142,,0.4265,0.321,0.0237,35.52,noncurrent_plus_current,0.47,51.58,net_income,0,No change
PFE,PFIZER INC,Health Care,2015-02-28,2014-12-31,5,6,false,,,,,-0.0454,31.54,long_term_debt_incl_current,0.44,,net_income,0,No change
PFE,PFIZER INC,Health Care,2015-03-31,2014-12-31,5,6,false,,,,,-0.0454,31.54,long_term_debt_incl_current,0.44,,net_income,0,No change
PFE,PFIZER INC,Health Care,2015-04-30,2014-12-31,5,6,false,,,,,-0.0454,31.54,long_term_debt_incl_current,0.44,,net_income,0,No change
PFE,PFIZER INC,Health Care,2015-05-31,2014-12-31,5,6,false,,,,,-0.0454,31.54,long_term_debt_incl_current,0.44,,net_income,0,No change
PFE,PFIZER INC,Health Care,2015-06-30,2014-12-31,5,6,false,,,,,-0.0454,31.54,long_term_debt_incl_current,0.44,,net_income,0,No change
PFE,PFIZER INC,Health Care,2015-07-31,2014-12-31,5,6,false,,,,,-0.0454,31.54,long_term_debt_incl_current,0.44,,net_income,0,No change
PFE,PFIZER INC,Health Care,2015-08-31,2014-12-31,5,6,false,,,,,-0.0454,31.54,long_term_debt_incl_current,0.44,,net_income,0,No change
PFE,PFIZER INC,Health Care,2015-09-30,2014-12-31,5,6,false,,,,,-0.0454,31.54,long_term_debt_incl_current,0.44,,net_income,0,No change
PFE,PFIZER INC,Health Care,2015-10-31,2014-12-31,5,6,false,,,,,-0.0454,31.54,long_term_debt_incl_current,0.44,,net_income,0,No change
PFE,PFIZER INC,Health Care,2015-11-30,2014-12-31,5,6,false,,,,,-0.0454,31.54,long_term_debt_incl_current,0.44,,net_income,0,No change
PFE,PFIZER INC,Health Care,2015-12-31,2014-12-31,5,6,false,,,,,-0.0454,31.54,long_term_debt_incl_current,0.44,,net_income,0,No change
PFE,PFIZER INC,Health Care,2016-01-31,2014-12-31,5,6,false,,,,,-0.0454,31.54,long_term_debt_incl_current,0.44,,net_income,0,No change
PFE,PFIZER INC,Health Care,2016-02-29,2014-12-31,5,6,false,,,,,-0.0454,31.54,long_term_debt_incl_current,0.44,,net_income,0,No change
PFE,PFIZER INC,Health Care,2016-03-31,2015-12-31,5,7,false,,,,,-0.0451,28.82,long_term_debt_incl_current,0.45,,net_income,0,No change
PFE,PFIZER INC,Health Care,2016-04-30,2015-12-31,5,7,false,,,,,-0.0451,28.82,long_term_debt_incl_current,0.45,,net_income,0,No change
PFE,PFIZER INC,Health Care,2016-05-31,2015-12-31,5,7,false,,,,,-0.0451,28.82,long_term_debt_incl_current,0.45,,net_income,0,No change
PFE,PFIZER INC,Health Care,2016-06-30,2015-12-31,5,7,false,,,,,-0.0451,28.82,long_term_debt_incl_current,0.45,,net_income,0,No change
PFE,PFIZER INC,Health Care,2016-07-31,2015-12-31,5,7,false,,,,,-0.0451,28.82,long_term_debt_incl_current,0.45,,net_income,0,No change
PFE,PFIZER INC,Health Care,2016-08-31,2015-12-31,5,7,false,,,,,-0.0451,28.82,long_term_debt_incl_current,0.45,,net_income,0,No change
PFE,PFIZER INC,Health Care,2016-09-30,2015-12-31,5,7,false,,,,,-0.0451,28.82,long_term_debt_incl_current,0.45,,net_income,0,No change
PFE,PFIZER INC,Health Care,2016-10-31,2015-12-31,5,7,false,,,,,-0.0451,28.82,long_term_debt_incl_current,0.45,,net_income,0,No change
PFE,PFIZER INC,Health Care,2016-11-30,2015-12-31,5,7,false,,,,,-0.0451,28.82,long_term_debt_incl_current,0.45,,net_income,0,No change
PFE,PFIZER INC,Health Care,2016-12-31,2015-12-31,5,7,false,,,,,-0.0451,28.82,long_term_debt_incl_current,0.45,,net_income,0,No change
PFE,PFIZER INC,Health Care,2017-01-31,2015-12-31,5,7,false,,,,,-0.0451,28.82,long_term_debt_incl_current,0.45,,net_income,0,No change
PFE,PFIZER INC,Health Care,2017-02-28,2016-12-31,5,7,false,,,,,-0.0512,31.4,long_term_debt_incl_current,0.53,,net_income,0,No change
PFE,PFIZER INC,Health Care,2017-03-31,2016-12-31,5,7,false,,,,,-0.0512,31.4,long_term_debt_incl_current,0.53,,net_income,0,No change
PFE,PFIZER INC,Health Care,2017-04-30,2016-12-31,5,7,false,,,,,-0.0512,31.4,long_term_debt_incl_current,0.53,,net_income,0,No change
PFE,PFIZER INC,Health Care,2017-05-31,2016-12-31,5,7,false,,,,,-0.0512,31.4,long_term_debt_incl_current,0.53,,net_income,0,No change
PFE,PFIZER INC,Health Care,2017-06-30,2016-12-31,5,7,false,,,,,-0.0512,31.4,long_term_debt_incl_current,0.53,,net_income,0,No change
PFE,PFIZER INC,Health Care,2017-07-31,2016-12-31,5,7,false,,,,,-0.0512,31.4,long_term_debt_incl_current,0.53,,net_income,0,No change
PFE,PFIZER INC,Health Care,2017-08-31,2016-12-31,5,7,false,,,,,-0.0512,31.4,long_term_debt_incl_current,0.53,,net_income,0,No change
PFE,PFIZER INC,Health Care,2017-09-30,2016-12-31,5,7,false,,,,,-0.0512,31.4,long_term_debt_incl_current,0.53,,net_income,0,No change
PFE,PFIZER INC,Health Care,2017-10-31,2016-12-31,5,7,false,,,,,-0.0512,31.4,long_term_debt_incl_current,0.53,,net_income,0,No change
PFE,PFIZER INC,Health Care,2017-11-30,2016-12-31,5,7,false,,,,,-0.0512,31.4,long_term_debt_incl_current,0.53,,net_income,0,No change
PFE,PFIZER INC,Health Care,2017-12-31,2016-12-31,5,7,false,,,,,-0.0512,31.4,long_term_debt_incl_current,0.53,,net_income,0,No change
PFE,PFIZER INC,Health Care,2018-01-31,2016-12-31,5,7,false,,,,,-0.0512,31.4,long_term_debt_incl_current,0.53,,net_income,0,No change
PFE,PFIZER INC,Health Care,2018-02-28,2017-12-31,5,6,false,,,,,0.0282,43.18,noncurrent_plus_current,0.61,,net_income,0,No change
PFE,PFIZER INC,Health Care,2018-03-31,2017-12-31,5,6,false,,,,,0.0282,43.18,noncurrent_plus_current,0.61,,net_income,0,No change
PFE,PFIZER INC,Health Care,2018-04-30,2017-12-31,5,6,false,,,,,0.0282,43.18,noncurrent_plus_current,0.61,,net_income,0,No change
PFE,PFIZER INC,Health Care,2018-05-31,2017-12-31,5,6,false,,,,,0.0282,43.18,noncurrent_plus_current,0.61,,net_income,0,No change
PFE,PFIZER INC,Health Care,2018-06-30,2017-12-31,5,6,false,,,,,0.0282,43.18,noncurrent_plus_current,0.61,,net_income,0,No change
PFE,PFIZER INC,Health Care,2018-07-31,2017-12-31,5,6,false,,,,,0.0282,43.18,noncurrent_plus_current,0.61,,net_income,0,No change
PFE,PFIZER INC,Health Care,2018-08-31,2017-12-31,5,6,false,,,,,0.0282,43.18,noncurrent_plus_current,0.61,,net_income,0,No change
PFE,PFIZER INC,Health Care,2018-09-30,2017-12-31,5,6,false,,,,,0.0282,43.18,noncurrent_plus_current,0.61,,net_income,0,No change
PFE,PFIZER INC,Health Care,2018-10-31,2017-12-31,5,6,false,,,,,0.0282,43.18,noncurrent_plus_current,0.61,,net_income,0,No change
PFE,PFIZER INC,Health Care,2018-11-30,2017-12-31,5,6,false,,,,,0.0282,43.18,noncurrent_plus_current,0.61,,net_income,0,No change
PFE,PFIZER INC,Health Care,2018-12-31,2017-12-31,5,6,false,,,,,0.0282,43.18,noncurrent_plus_current,0.61,,net_income,0,No change
PFE,PFIZER INC,Health Care,2019-01-31,2017-12-31,5,6,false,,,,,0.0282,43.18,noncurrent_plus_current,0.61,,net_income,0,No change
PFE,PFIZER INC,Health Care,2019-02-28,2017-12-31,5,6,false,,,,,0.0282,43.18,noncurrent_plus_current,0.61,,net_income,0,No change
PFE,PFIZER INC,Health Care,2019-03-31,2018-12-31,8,9,true,0.7903,,0.2079,0.257,-0.0282,40.78,noncurrent_plus_current,0.64,53.65,net_income,3,New annual report
PFE,PFIZER INC,Health Care,2019-04-30,2018-12-31,8,9,true,0.7903,,0.2079,0.257,-0.0282,40.78,noncurrent_plus_current,0.64,53.65,net_income,0,No change
PFE,PFIZER INC,Health Care,2019-05-31,2018-12-31,8,9,true,0.7903,,0.2079,0.257,-0.0282,40.78,noncurrent_plus_current,0.64,53.65,net_income,0,No change
PFE,PFIZER INC,Health Care,2019-06-30,2018-12-31,8,9,true,0.7903,,0.2079,0.257,-0.0282,40.78,noncurrent_plus_current,0.64,53.65,net_income,0,No change
PFE,PFIZER INC,Health Care,2019-07-31,2018-12-31,8,9,true,0.7903,,0.2079,0.257,-0.0282,40.78,noncurrent_plus_current,0.64,53.65,net_income,0,No change
PFE,PFIZER INC,Health Care,2019-08-31,2018-12-31,8,9,true,0.7903,,0.2079,0.257,-0.0282,40.78,noncurrent_plus_current,0.64,53.65,net_income,0,No change
PFE,PFIZER INC,Health Care,2019-09-30,2018-12-31,8,9,true,0.7903,,0.2079,0.257,-0.0282,40.78,noncurrent_plus_current,0.64,53.65,net_income,0,No change
PFE,PFIZER INC,Health Care,2019-10-31,2018-12-31,8,9,true,0.7903,,0.2079,0.257,-0.0282,40.78,noncurrent_plus_current,0.64,53.65,net_income,0,No change
PFE,PFIZER INC,Health Care,2019-11-30,2018-12-31,8,9,true,0.7903,,0.2079,0.257,-0.0282,40.78,noncurrent_plus_current,0.64,53.65,net_income,0,No change
PFE,PFIZER INC,Health Care,2019-12-31,2018-12-31,8,9,true,0.7903,,0.2079,0.257,-0.0282,40.78,noncurrent_plus_current,0.64,53.65,net_income,0,No change
PFE,PFIZER INC,Health Care,2020-01-31,2018-12-31,8,9,true,0.7903,,0.2079,0.257,-0.0282,40.78,noncurrent_plus_current,0.64,53.65,net_income,0,No change
PFE,PFIZER INC,Health Care,2020-02-29,2019-12-31,6,9,true,0.8025,,0.3145,0.2012,0.0225,51.33,noncurrent_plus_current,0.81,51.75,net_income,-2,New annual report
PFE,PFIZER INC,Health Care,2020-03-31,2019-12-31,6,9,true,0.8025,,0.3145,0.2012,0.0225,51.33,noncurrent_plus_current,0.81,51.75,net_income,0,No change
PFE,PFIZER INC,Health Care,2020-04-30,2019-12-31,6,9,true,0.8025,,0.3145,0.2012,0.0225,51.33,noncurrent_plus_current,0.81,51.75,net_income,0,No change
PFE,PFIZER INC,Health Care,2020-05-31,2019-12-31,6,9,true,0.8025,,0.3145,0.2012,0.0225,51.33,noncurrent_plus_current,0.81,51.75,net_income,0,No change
PFE,PFIZER INC,Health Care,2020-06-30,2019-12-31,6,9,true,0.8025,,0.3145,0.2012,0.0225,51.33,noncurrent_plus_current,0.81,51.75,net_income,0,No change
PFE,PFIZER INC,Health Care,2020-07-31,2019-12-31,6,9,true,0.8025,,0.3145,0.2012,0.0225,51.33,noncurrent_plus_current,0.81,51.75,net_income,0,No change
PFE,PFIZER INC,Health Care,2020-08-31,2019-12-31,6,9,true,0.8025,,0.3145,0.2012,0.0225,51.33,noncurrent_plus_current,0.81,51.75,net_income,0,No change
PFE,PFIZER INC,Health Care,2020-09-30,2019-12-31,6,9,true,0.8025,,0.3145,0.2012,0.0225,51.33,noncurrent_plus_current,0.81,51.75,net_income,0,No change
PFE,PFIZER INC,Health Care,2020-10-31,2019-12-31,6,9,true,0.8025,,0.3145,0.2012,0.0225,51.33,noncurrent_plus_current,0.81,51.75,net_income,0,No change
PFE,PFIZER INC,Health Care,2020-11-30,2019-12-31,6,9,true,0.8025,,0.3145,0.2012,0.0225,51.33,noncurrent_plus_current,0.81,51.75,net_income,0,No change
PFE,PFIZER INC,Health Care,2020-12-31,2019-12-31,6,9,true,0.8025,,0.3145,0.2012,0.0225,51.33,noncurrent_plus_current,0.81,51.75,net_income,0,No change
PFE,PFIZER INC,Health Care,2021-01-31,2019-12-31,6,9,true,0.8025,,0.3145,0.2012,0.0225,51.33,noncurrent_plus_current,0.81,51.75,net_income,0,No change
PFE,PFIZER INC,Health Care,2021-02-28,2020-12-31,5,8,false,0.7926,,0.2295,0.2899,-0.0297,4.56,long_term_debt_incl_current,0.07,41.91,net_income,-1,New annual report
PFE,PFIZER INC,Health Care,2021-03-31,2020-12-31,5,8,false,0.7926,,0.2295,0.2899,-0.0297,4.56,long_term_debt_incl_current,0.07,41.91,net_income,0,No change
PFE,PFIZER INC,Health Care,2021-04-30,2020-12-31,5,8,false,0.7926,,0.2295,0.2899,-0.0297,4.56,long_term_debt_incl_current,0.07,41.91,net_income,0,No change
PFE,PFIZER INC,Health Care,2021-05-31,2020-12-31,5,8,false,0.7926,,0.2295,0.2899,-0.0297,4.56,long_term_debt_incl_current,0.07,41.91,net_income,0,No change
PFE,PFIZER INC,Health Care,2021-06-30,2020-12-31,5,8,false,0.7926,,0.2295,0.2899,-0.0297,4.56,long_term_debt_incl_current,0.07,41.91,net_income,0,No change
PFE,PFIZER INC,Health Care,2021-07-31,2020-12-31,5,8,false,0.7926,,0.2295,0.2899,-0.0297,4.56,long_term_debt_incl_current,0.07,41.91,net_income,0,No change
PFE,PFIZER INC,Health Care,2021-08-31,2020-12-31,5,8,false,0.7926,,0.2295,0.2899,-0.0297,4.56,long_term_debt_incl_current,0.07,41.91,net_income,0,No change
PFE,PFIZER INC,Health Care,2021-09-30,2020-12-31,5,8,false,0.7926,,0.2295,0.2899,-0.0297,4.56,long_term_debt_incl_current,0.07,41.91,net_income,0,No change
PFE,PFIZER INC,Health Care,2021-10-31,2020-12-31,5,8,false,0.7926,,0.2295,0.2899,-0.0297,4.56,long_term_debt_incl_current,0.07,41.91,net_income,0,No change
PFE,PFIZER INC,Health Care,2021-11-30,2020-12-31,5,8,false,0.7926,,0.2295,0.2899,-0.0297,4.56,long_term_debt_incl_current,0.07,41.91,net_income,0,No change
PFE,PFIZER INC,Health Care,2021-12-31,2020-12-31,5,8,false,0.7926,,0.2295,0.2899,-0.0297,4.56,long_term_debt_incl_current,0.07,41.91,net_income,0,No change
PFE,PFIZER INC,Health Care,2022-01-31,2020-12-31,5,8,false,0.7926,,0.2295,0.2899,-0.0297,4.56,long_term_debt_incl_current,0.07,41.91,net_income,0,No change
PFE,PFIZER INC,Health Care,2022-02-28,2021-12-31,6,8,false,0.6208,,0.2704,0.3674,-0.0632,37.83,noncurrent_plus_current,0.49,81.29,net_income,1,New annual report
PFE,PFIZER INC,Health Care,2022-03-31,2021-12-31,6,8,false,0.6208,,0.2704,0.3674,-0.0632,37.83,noncurrent_plus_current,0.49,81.29,net_income,0,No change
PFE,PFIZER INC,Health Care,2022-04-30,2021-12-31,6,8,false,0.6208,,0.2704,0.3674,-0.0632,37.83,noncurrent_plus_current,0.49,81.29,net_income,0,No change
PFE,PFIZER INC,Health Care,2022-05-31,2021-12-31,6,8,false,0.6208,,0.2704,0.3674,-0.0632,37.83,noncurrent_plus_current,0.49,81.29,net_income,0,No change
PFE,PFIZER INC,Health Care,2022-06-30,2021-12-31,6,8,false,0.6208,,0.2704,0.3674,-0.0632,37.83,noncurrent_plus_current,0.49,81.29,net_income,0,No change
PFE,PFIZER INC,Health Care,2022-07-31,2021-12-31,6,8,false,0.6208,,0.2704,0.3674,-0.0632,37.83,noncurrent_plus_current,0.49,81.29,net_income,0,No change
PFE,PFIZER INC,Health Care,2022-08-31,2021-12-31,6,8,false,0.6208,,0.2704,0.3674,-0.0632,37.83,noncurrent_plus_current,0.49,81.29,net_income,0,No change
PFE,PFIZER INC,Health Care,2022-09-30,2021-12-31,6,8,false,0.6208,,0.2704,0.3674,-0.0632,37.83,noncurrent_plus_current,0.49,81.29,net_income,0,No change
PFE,PFIZER INC,Health Care,2022-10-31,2021-12-31,6,8,false,0.6208,,0.2704,0.3674,-0.0632,37.83,noncurrent_plus_current,0.49,81.29,net_income,0,No change
PFE,PFIZER INC,Health Care,2022-11-30,2021-12-31,6,8,false,0.6208,,0.2704,0.3674,-0.0632,37.83,noncurrent_plus_current,0.49,81.29,net_income,0,No change
PFE,PFIZER INC,Health Care,2022-12-31,2021-12-31,6,8,false,0.6208,,0.2704,0.3674,-0.0632,37.83,noncurrent_plus_current,0.49,81.29,net_income,0,No change
PFE,PFIZER INC,Health Care,2023-01-31,2021-12-31,6,8,false,0.6208,,0.2704,0.3674,-0.0632,37.83,noncurrent_plus_current,0.49,81.29,net_income,0,No change
PFE,PFIZER INC,Health Care,2023-02-28,2022-12-31,6,9,true,0.6577,,0.3127,0.2595,0.0111,35.44,noncurrent_plus_current,0.37,100.33,net_income,0,No change
PFE,PFIZER INC,Health Care,2023-03-31,2022-12-31,6,9,true,0.6577,,0.3127,0.2595,0.0111,35.44,noncurrent_plus_current,0.37,100.33,net_income,0,No change
PFE,PFIZER INC,Health Care,2023-04-30,2022-12-31,6,9,true,0.6577,,0.3127,0.2595,0.0111,35.44,noncurrent_plus_current,0.37,100.33,net_income,0,No change
PFE,PFIZER INC,Health Care,2023-05-31,2022-12-31,6,9,true,0.6577,,0.3127,0.2595,0.0111,35.44,noncurrent_plus_current,0.37,100.33,net_income,0,No change
PFE,PFIZER INC,Health Care,2023-06-30,2022-12-31,6,9,true,0.6577,,0.3127,0.2595,0.0111,35.44,noncurrent_plus_current,0.37,100.33,net_income,0,No change
PFE,PFIZER INC,Health Care,2023-07-31,2022-12-31,6,9,true,0.6577,,0.3127,0.2595,0.0111,35.44,noncurrent_plus_current,0.37,100.33,net_income,0,No change
PFE,PFIZER INC,Health Care,2023-08-31,2022-12-31,6,9,true,0.6577,,0.3127,0.2595,0.0111,35.44,noncurrent_plus_current,0.37,100.33,net_income,0,No change
PFE,PFIZER INC,Health Care,2023-09-30,2022-12-31,6,9,true,0.6577,,0.3127,0.2595,0.0111,35.44,noncurrent_plus_current,0.37,100.33,net_income,0,No change
PFE,PFIZER INC,Health Care,2023-10-31,2022-12-31,6,9,true,0.6577,,0.3127,0.2595,0.0111,35.44,noncurrent_plus_current,0.37,100.33,net_income,0,No change
PFE,PFIZER INC,Health Care,2023-11-30,2022-12-31,6,9,true,0.6577,,0.3127,0.2595,0.0111,35.44,noncurrent_plus_current,0.37,100.33,net_income,0,No change
PFE,PFIZER INC,Health Care,2023-12-31,2022-12-31,6,9,true,0.6577,,0.3127,0.2595,0.0111,35.44,noncurrent_plus_current,0.37,100.33,net_income,0,No change
PFE,PFIZER INC,Health Care,2024-01-31,2022-12-31,6,9,true,0.6577,,0.3127,0.2595,0.0111,35.44,noncurrent_plus_current,0.37,100.33,net_income,0,No change
PFE,PFIZER INC,Health Care,2024-02-29,2023-12-31,4,9,true,0.5099,,0.0416,0.0941,-0.0311,71.76,noncurrent_plus_current,0.81,50.91,net_income,-2,New annual report
PFE,PFIZER INC,Health Care,2024-03-31,2023-12-31,4,9,true,0.5099,,0.0416,0.0941,-0.0311,71.76,noncurrent_plus_current,0.81,50.91,net_income,0,No change
PFE,PFIZER INC,Health Care,2024-04-30,2023-12-31,4,9,true,0.5099,,0.0416,0.0941,-0.0311,71.76,noncurrent_plus_current,0.81,50.91,net_income,0,No change
PFE,PFIZER INC,Health Care,2024-05-31,2023-12-31,4,9,true,0.5099,,0.0416,0.0941,-0.0311,71.76,noncurrent_plus_current,0.81,50.91,net_income,0,No change
PFE,PFIZER INC,Health Care,2024-06-30,2023-12-31,4,9,true,0.5099,,0.0416,0.0941,-0.0311,71.76,noncurrent_plus_current,0.81,50.91,net_income,0,No change
PFE,PFIZER INC,Health Care,2024-07-31,2023-12-31,4,9,true,0.5099,,0.0416,0.0941,-0.0311,71.76,noncurrent_plus_current,0.81,50.91,net_income,0,No change
PFE,PFIZER INC,Health Care,2024-08-31,2023-12-31,4,9,true,0.5099,,0.0416,0.0941,-0.0311,71.76,noncurrent_plus_current,0.81,50.91,net_income,0,No change
PFE,PFIZER INC,Health Care,2024-09-30,2023-12-31,4,9,true,0.5099,,0.0416,0.0941,-0.0311,71.76,noncurrent_plus_current,0.81,50.91,net_income,0,No change
PFE,PFIZER INC,Health Care,2024-10-31,2023-12-31,4,9,true,0.5099,,0.0416,0.0941,-0.0311,71.76,noncurrent_plus_current,0.81,50.91,net_income,0,No change
PFE,PFIZER INC,Health Care,2024-11-30,2023-12-31,4,9,true,0.5099,,0.0416,0.0941,-0.0311,71.76,noncurrent_plus_current,0.81,50.91,net_income,0,No change
PFE,PFIZER INC,Health Care,2024-12-31,2023-12-31,4,9,true,0.5099,,0.0416,0.0941,-0.0311,71.76,noncurrent_plus_current,0.81,50.91,net_income,0,No change
PFE,PFIZER INC,Health Care,2025-01-31,2023-12-31,4,9,true,0.5099,,0.0416,0.0941,-0.0311,71.76,noncurrent_plus_current,0.81,50.91,net_income,0,No change
PFE,PFIZER INC,Health Care,2025-02-28,2024-12-31,8,9,true,0.7194,,0.1262,0.1546,-0.0214,63.61,noncurrent_plus_current,0.72,63.63,net_income,4,New annual report
PFE,PFIZER INC,Health Care,2025-03-31,2024-12-31,8,9,true,0.7194,,0.1262,0.1546,-0.0214,63.61,noncurrent_plus_current,0.72,63.63,net_income,0,No change
PFE,PFIZER INC,Health Care,2025-04-30,2024-12-31,8,9,true,0.7194,,0.1262,0.1546,-0.0214,63.61,noncurrent_plus_current,0.72,63.63,net_income,0,No change
PFE,PFIZER INC,Health Care,2025-05-31,2024-12-31,8,9,true,0.7194,,0.1262,0.1546,-0.0214,63.61,noncurrent_plus_current,0.72,63.63,net_income,0,No change
PFE,PFIZER INC,Health Care,2025-06-30,2024-12-31,8,9,true,0.7194,,0.1262,0.1546,-0.0214,63.61,noncurrent_plus_current,0.72,63.63,net_income,0,No change
PFE,PFIZER INC,Health Care,2025-07-31,2024-12-31,8,9,true,0.7194,,0.1262,0.1546,-0.0214,63.61,noncurrent_plus_current,0.72,63.63,net_income,0,No change
PFE,PFIZER INC,Health Care,2025-08-31,2024-12-31,8,9,true,0.7194,,0.1262,0.1546,-0.0214,63.61,noncurrent_plus_current,0.72,63.63,net_income,0,No change
PFE,PFIZER INC,Health Care,2025-09-30,2024-12-31,8,9,true,0.7194,,0.1262,0.1546,-0.0214,63.61,noncurrent_plus_current,0.72,63.63,net_income,0,No change
PFE,PFIZER INC,Health Care,2025-10-31,2024-12-31,8,9,true,0.7194,,0.1262,0.1546,-0.0214,63.61,noncurrent_plus_current,0.72,63.63,net_income,0,No change
PFE,PFIZER INC,Health Care,2025-11-30,2024-12-31,8,9,true,0.7194,,0.1262,0.1546,-0.0214,63.61,noncurrent_plus_current,0.72,63.63,net_income,0,No change
PFE,PFIZER INC,Health Care,2025-12-31,2024-12-31,8,9,true,0.7194,,0.1262,0.1546,-0.0214,63.61,noncurrent_plus_current,0.72,63.63,net_income,0,No change
PFE,PFIZER INC,Health Care,2026-01-31,2024-12-31,8,9,true,0.7194,,0.1262,0.1546,-0.0214,63.61,noncurrent_plus_current,0.72,63.63,net_income,0,No change
PFE,PFIZER INC,Health Care,2026-02-28,2025-12-31,6,9,true,0.7433,,0.1242,0.145,-0.0187,64.64,noncurrent_plus_current,0.75,62.58,net_income,-2,New annual report
PFE,PFIZER INC,Health Care,2026-03-31,2025-12-31,6,9,true,0.7433,,0.1242,0.145,-0.0187,64.64,noncurrent_plus_current,0.75,62.58,net_income,0,No change
PFE,PFIZER INC,Health Care,2026-04-30,2025-12-31,6,9,true,0.7433,,0.1242,0.145,-0.0187,64.64,noncurrent_plus_current,0.75,62.58,net_income,0,No change
PFE,PFIZER INC,Health Care,2026-05-31,2025-12-31,6,9,true,0.7433,,0.1242,0.145,-0.0187,64.64,noncurrent_plus_current,0.75,62.58,net_income,0,No change
PFE,PFIZER INC,Health Care,2026-06-30,2025-12-31,6,9,true,0.7433,,0.1242,0.145,-0.0187,64.64,noncurrent_plus_current,0.75,62.58,net_income,0,No change
PFE,PFIZER INC,Health Care,2026-07-31,2025-12-31,6,9,true,0.7433,,0.1242,0.145,-0.0187,64.64,noncurrent_plus_current,0.75,62.58,net_income,0,No change
PFE,PFIZER INC,Health Care,2026-08-31,2025-12-31,6,9,true,0.7433,,0.1242,0.145,-0.0187,64.64,noncurrent_plus_current,0.75,62.58,net_income,0,No change
PFE,PFIZER INC,Health Care,2026-09-30,2025-12-31,6,9,true,0.7433,,0.1242,0.145,-0.0187,64.64,noncurrent_plus_current,0.75,62.58,net_income,0,No change
PG,The Procter & Gamble Company,Consumer Staples,2010-08-31,2010-06-30,9,9,true,0.5196,0.203,0.1613,0.1647,-0.0254,29.76,noncurrent_plus_current,,78.94,net_income,,No change
PG,The Procter & Gamble Company,Consumer Staples,2010-09-30,2010-06-30,9,9,true,0.5196,0.203,0.1613,0.1647,-0.0254,29.76,noncurrent_plus_current,,78.94,net_income,0,No change
PG,The Procter & Gamble Company,Consumer Staples,2010-10-31,2010-06-30,9,9,true,0.5196,0.203,0.1613,0.1647,-0.0254,29.76,noncurrent_plus_current,,78.94,net_income,0,No change
PG,The Procter & Gamble Company,Consumer Staples,2010-11-30,2010-06-30,9,9,true,0.5196,0.203,0.1613,0.1647,-0.0254,29.76,noncurrent_plus_current,,78.94,net_income,0,No change
PG,The Procter & Gamble Company,Consumer Staples,2010-12-31,2010-06-30,9,9,true,0.5196,0.203,0.1613,0.1647,-0.0254,29.76,noncurrent_plus_current,,78.94,net_income,0,No change
PG,The Procter & Gamble Company,Consumer Staples,2011-01-31,2010-06-30,9,9,true,0.5196,0.203,0.1613,0.1647,-0.0254,29.76,noncurrent_plus_current,,78.94,net_income,0,No change
PG,The Procter & Gamble Company,Consumer Staples,2011-02-28,2010-06-30,9,9,true,0.5196,0.203,0.1613,0.1647,-0.0254,29.76,noncurrent_plus_current,,78.94,net_income,0,No change
PG,The Procter & Gamble Company,Consumer Staples,2011-03-31,2010-06-30,9,9,true,0.5196,0.203,0.1613,0.1647,-0.0254,29.76,noncurrent_plus_current,,78.94,net_income,0,No change
PG,The Procter & Gamble Company,Consumer Staples,2011-04-30,2010-06-30,9,9,true,0.5196,0.203,0.1613,0.1647,-0.0254,29.76,noncurrent_plus_current,,78.94,net_income,0,No change
PG,The Procter & Gamble Company,Consumer Staples,2011-05-31,2010-06-30,9,9,true,0.5196,0.203,0.1613,0.1647,-0.0254,29.76,noncurrent_plus_current,,78.94,net_income,0,No change
PG,The Procter & Gamble Company,Consumer Staples,2011-06-30,2010-06-30,9,9,true,0.5196,0.203,0.1613,0.1647,-0.0254,29.76,noncurrent_plus_current,,78.94,net_income,0,No change
PG,The Procter & Gamble Company,Consumer Staples,2011-07-31,2010-06-30,9,9,true,0.5196,0.203,0.1613,0.1647,-0.0254,29.76,noncurrent_plus_current,,78.94,net_income,0,No change
PG,The Procter & Gamble Company,Consumer Staples,2011-08-31,2011-06-30,6,9,true,0.5062,0.1916,0.1429,0.1202,-0.0108,31.98,noncurrent_plus_current,,82.56,net_income,-3,New annual report
PG,The Procter & Gamble Company,Consumer Staples,2011-09-30,2011-06-30,6,9,true,0.5062,0.1916,0.1429,0.1202,-0.0108,31.98,noncurrent_plus_current,,82.56,net_income,0,No change
PG,The Procter & Gamble Company,Consumer Staples,2011-10-31,2011-06-30,6,9,true,0.5062,0.1916,0.1429,0.1202,-0.0108,31.98,noncurrent_plus_current,,82.56,net_income,0,No change
PG,The Procter & Gamble Company,Consumer Staples,2011-11-30,2011-06-30,6,9,true,0.5062,0.1916,0.1429,0.1202,-0.0108,31.98,noncurrent_plus_current,,82.56,net_income,0,No change
PG,The Procter & Gamble Company,Consumer Staples,2011-12-31,2011-06-30,6,9,true,0.5062,0.1916,0.1429,0.1202,-0.0108,31.98,noncurrent_plus_current,,82.56,net_income,0,No change
PG,The Procter & Gamble Company,Consumer Staples,2012-01-31,2011-06-30,6,9,true,0.5062,0.1916,0.1429,0.1202,-0.0108,31.98,noncurrent_plus_current,,82.56,net_income,0,No change
PG,The Procter & Gamble Company,Consumer Staples,2012-02-29,2011-06-30,6,9,true,0.5062,0.1916,0.1429,0.1202,-0.0108,31.98,noncurrent_plus_current,,82.56,net_income,0,No change
PG,The Procter & Gamble Company,Consumer Staples,2012-03-31,2011-06-30,6,9,true,0.5062,0.1916,0.1429,0.1202,-0.0108,31.98,noncurrent_plus_current,,82.56,net_income,0,No change
PG,The Procter & Gamble Company,Consumer Staples,2012-04-30,2011-06-30,6,9,true,0.5062,0.1916,0.1429,0.1202,-0.0108,31.98,noncurrent_plus_current,,82.56,net_income,0,No change
PG,The Procter & Gamble Company,Consumer Staples,2012-05-31,2011-06-30,6,9,true,0.5062,0.1916,0.1429,0.1202,-0.0108,31.98,noncurrent_plus_current,,82.56,net_income,0,No change
PG,The Procter & Gamble Company,Consumer Staples,2012-06-30,2011-06-30,6,9,true,0.5062,0.1916,0.1429,0.1202,-0.0108,31.98,noncurrent_plus_current,,82.56,net_income,0,No change
PG,The Procter & Gamble Company,Consumer Staples,2012-07-31,2011-06-30,6,9,true,0.5062,0.1916,0.1429,0.1202,-0.0108,31.98,noncurrent_plus_current,,82.56,net_income,0,No change
PG,The Procter & Gamble Company,Consumer Staples,2012-08-31,2012-06-30,6,9,true,0.4934,0.1588,0.1285,0.1114,-0.0187,32.52,long_term_debt_incl_current,,83.68,net_income,0,No change
PG,The Procter & Gamble Company,Consumer Staples,2012-09-30,2012-06-30,6,9,true,0.4934,0.1588,0.1285,0.1114,-0.0187,32.52,long_term_debt_incl_current,,83.68,net_income,0,No change
PG,The Procter & Gamble Company,Consumer Staples,2012-10-31,2012-06-30,6,9,true,0.4934,0.1588,0.1285,0.1114,-0.0187,32.52,long_term_debt_incl_current,,83.68,net_income,0,No change
PG,The Procter & Gamble Company,Consumer Staples,2012-11-30,2012-06-30,6,9,true,0.4934,0.1588,0.1285,0.1114,-0.0187,32.52,long_term_debt_incl_current,,83.68,net_income,0,No change
PG,The Procter & Gamble Company,Consumer Staples,2012-12-31,2012-06-30,6,9,true,0.4934,0.1588,0.1285,0.1114,-0.0187,32.52,long_term_debt_incl_current,,83.68,net_income,0,No change
PG,The Procter & Gamble Company,Consumer Staples,2013-01-31,2012-06-30,6,9,true,0.4934,0.1588,0.1285,0.1114,-0.0187,32.52,long_term_debt_incl_current,,83.68,net_income,0,No change
PG,The Procter & Gamble Company,Consumer Staples,2013-02-28,2012-06-30,6,9,true,0.4934,0.1588,0.1285,0.1114,-0.0187,32.52,long_term_debt_incl_current,,83.68,net_income,0,No change
PG,The Procter & Gamble Company,Consumer Staples,2013-03-31,2012-06-30,6,9,true,0.4934,0.1588,0.1285,0.1114,-0.0187,32.52,long_term_debt_incl_current,,83.68,net_income,0,No change
PG,The Procter & Gamble Company,Consumer Staples,2013-04-30,2012-06-30,6,9,true,0.4934,0.1588,0.1285,0.1114,-0.0187,32.52,long_term_debt_incl_current,,83.68,net_income,0,No change
PG,The Procter & Gamble Company,Consumer Staples,2013-05-31,2012-06-30,6,9,true,0.4934,0.1588,0.1285,0.1114,-0.0187,32.52,long_term_debt_incl_current,,83.68,net_income,0,No change
PG,The Procter & Gamble Company,Consumer Staples,2013-06-30,2012-06-30,6,9,true,0.4934,0.1588,0.1285,0.1114,-0.0187,32.52,long_term_debt_incl_current,,83.68,net_income,0,No change
PG,The Procter & Gamble Company,Consumer Staples,2013-07-31,2012-06-30,6,9,true,0.4934,0.1588,0.1285,0.1114,-0.0187,32.52,long_term_debt_incl_current,,83.68,net_income,0,No change
PG,The Procter & Gamble Company,Consumer Staples,2013-08-31,2013-06-30,7,8,false,0.4959,0.1721,0.1344,0.1291,-0.0262,31.26,noncurrent_plus_current,,84.17,net_income,1,New annual report
PG,The Procter & Gamble Company,Consumer Staples,2013-09-30,2013-06-30,7,8,false,0.4959,0.1721,0.1344,0.1291,-0.0262,31.26,noncurrent_plus_current,,84.17,net_income,0,No change
PG,The Procter & Gamble Company,Consumer Staples,2013-10-31,2013-06-30,7,8,false,0.4959,0.1721,0.1344,0.1291,-0.0262,31.26,noncurrent_plus_current,,84.17,net_income,0,No change
PG,The Procter & Gamble Company,Consumer Staples,2013-11-30,2013-06-30,7,8,false,0.4959,0.1721,0.1344,0.1291,-0.0262,31.26,noncurrent_plus_current,,84.17,net_income,0,No change
PG,The Procter & Gamble Company,Consumer Staples,2013-12-31,2013-06-30,7,8,false,0.4959,0.1721,0.1344,0.1291,-0.0262,31.26,noncurrent_plus_current,,84.17,net_income,0,No change
PG,The Procter & Gamble Company,Consumer Staples,2014-01-31,2013-06-30,7,8,false,0.4959,0.1721,0.1344,0.1291,-0.0262,31.26,noncurrent_plus_current,,84.17,net_income,0,No change
PG,The Procter & Gamble Company,Consumer Staples,2014-02-28,2013-06-30,7,8,false,0.4959,0.1721,0.1344,0.1291,-0.0262,31.26,noncurrent_plus_current,,84.17,net_income,0,No change
PG,The Procter & Gamble Company,Consumer Staples,2014-03-31,2013-06-30,7,8,false,0.4959,0.1721,0.1344,0.1291,-0.0262,31.26,noncurrent_plus_current,,84.17,net_income,0,No change
PG,The Procter & Gamble Company,Consumer Staples,2014-04-30,2013-06-30,7,8,false,0.4959,0.1721,0.1344,0.1291,-0.0262,31.26,noncurrent_plus_current,,84.17,net_income,0,No change
PG,The Procter & Gamble Company,Consumer Staples,2014-05-31,2013-06-30,7,8,false,0.4959,0.1721,0.1344,0.1291,-0.0262,31.26,noncurrent_plus_current,,84.17,net_income,0,No change
PG,The Procter & Gamble Company,Consumer Staples,2014-06-30,2013-06-30,7,8,false,0.4959,0.1721,0.1344,0.1291,-0.0262,31.26,noncurrent_plus_current,,84.17,net_income,0,No change
PG,The Procter & Gamble Company,Consumer Staples,2014-07-31,2013-06-30,7,8,false,0.4959,0.1721,0.1344,0.1291,-0.0262,31.26,noncurrent_plus_current,,84.17,net_income,0,No change
PG,The Procter & Gamble Company,Consumer Staples,2014-08-31,2014-06-30,5,9,true,-0.4442,0.52,0.396,0.3439,-0.0163,34.94,noncurrent_plus_current,,29.4,net_income,-2,New annual report
PG,The Procter & Gamble Company,Consumer Staples,2014-09-30,2014-06-30,5,9,true,-0.4442,0.52,0.396,0.3439,-0.0163,34.94,noncurrent_plus_current,,29.4,net_income,0,No change
PG,The Procter & Gamble Company,Consumer Staples,2014-10-31,2014-06-30,5,9,true,-0.4442,0.52,0.396,0.3439,-0.0163,34.94,noncurrent_plus_current,,29.4,net_income,0,No change
PG,The Procter & Gamble Company,Consumer Staples,2014-11-30,2014-06-30,5,9,true,-0.4442,0.52,0.396,0.3439,-0.0163,34.94,noncurrent_plus_current,,29.4,net_income,0,No change
PG,The Procter & Gamble Company,Consumer Staples,2014-12-31,2014-06-30,5,9,true,-0.4442,0.52,0.396,0.3439,-0.0163,34.94,noncurrent_plus_current,,29.4,net_income,0,No change
PG,The Procter & Gamble Company,Consumer Staples,2015-01-31,2014-06-30,5,9,true,-0.4442,0.52,0.396,0.3439,-0.0163,34.94,noncurrent_plus_current,,29.4,net_income,0,No change
PG,The Procter & Gamble Company,Consumer Staples,2015-02-28,2014-06-30,5,9,true,-0.4442,0.52,0.396,0.3439,-0.0163,34.94,noncurrent_plus_current,,29.4,net_income,0,No change
PG,The Procter & Gamble Company,Consumer Staples,2015-03-31,2014-06-30,5,9,true,-0.4442,0.52,0.396,0.3439,-0.0163,34.94,noncurrent_plus_current,,29.4,net_income,0,No change
PG,The Procter & Gamble Company,Consumer Staples,2015-04-30,2014-06-30,5,9,true,-0.4442,0.52,0.396,0.3439,-0.0163,34.94,noncurrent_plus_current,,29.4,net_income,0,No change
PG,The Procter & Gamble Company,Consumer Staples,2015-05-31,2014-06-30,5,9,true,-0.4442,0.52,0.396,0.3439,-0.0163,34.94,noncurrent_plus_current,,29.4,net_income,0,No change
PG,The Procter & Gamble Company,Consumer Staples,2015-06-30,2014-06-30,5,9,true,-0.4442,0.52,0.396,0.3439,-0.0163,34.94,noncurrent_plus_current,,29.4,net_income,0,No change
PG,The Procter & Gamble Company,Consumer Staples,2015-07-31,2014-06-30,5,9,true,-0.4442,0.52,0.396,0.3439,-0.0163,34.94,noncurrent_plus_current,,29.4,net_income,0,No change
PG,The Procter & Gamble Company,Consumer Staples,2015-08-31,2015-06-30,6,9,true,0.4903,0.1546,0.0922,0.1425,-0.0553,31.94,long_term_debt_incl_current,,76.28,net_income,1,New annual report
PG,The Procter & Gamble Company,Consumer Staples,2015-09-30,2015-06-30,6,9,true,0.4903,0.1546,0.0922,0.1425,-0.0553,31.94,long_term_debt_incl_current,,76.28,net_income,0,No change
PG,The Procter & Gamble Company,Consumer Staples,2015-10-31,2015-06-30,6,9,true,0.4903,0.1546,0.0922,0.1425,-0.0553,31.94,long_term_debt_incl_current,,76.28,net_income,0,No change
PG,The Procter & Gamble Company,Consumer Staples,2015-11-30,2015-06-30,6,9,true,0.4903,0.1546,0.0922,0.1425,-0.0553,31.94,long_term_debt_incl_current,,76.28,net_income,0,No change
PG,The Procter & Gamble Company,Consumer Staples,2015-12-31,2015-06-30,6,9,true,0.4903,0.1546,0.0922,0.1425,-0.0553,31.94,long_term_debt_incl_current,,76.28,net_income,0,No change
PG,The Procter & Gamble Company,Consumer Staples,2016-01-31,2015-06-30,6,9,true,0.4903,0.1546,0.0922,0.1425,-0.0553,31.94,long_term_debt_incl_current,,76.28,net_income,0,No change
PG,The Procter & Gamble Company,Consumer Staples,2016-02-29,2015-06-30,6,9,true,0.4903,0.1546,0.0922,0.1425,-0.0553,31.94,long_term_debt_incl_current,,76.28,net_income,0,No change
PG,The Procter & Gamble Company,Consumer Staples,2016-03-31,2015-06-30,6,9,true,0.4903,0.1546,0.0922,0.1425,-0.0553,31.94,long_term_debt_incl_current,,76.28,net_income,0,No change
PG,The Procter & Gamble Company,Consumer Staples,2016-04-30,2015-06-30,6,9,true,0.4903,0.1546,0.0922,0.1425,-0.0553,31.94,long_term_debt_incl_current,,76.28,net_income,0,No change
PG,The Procter & Gamble Company,Consumer Staples,2016-05-31,2015-06-30,6,9,true,0.4903,0.1546,0.0922,0.1425,-0.0553,31.94,long_term_debt_incl_current,,76.28,net_income,0,No change
PG,The Procter & Gamble Company,Consumer Staples,2016-06-30,2015-06-30,6,9,true,0.4903,0.1546,0.0922,0.1425,-0.0553,31.94,long_term_debt_incl_current,,76.28,net_income,0,No change
PG,The Procter & Gamble Company,Consumer Staples,2016-07-31,2015-06-30,6,9,true,0.4903,0.1546,0.0922,0.1425,-0.0553,31.94,long_term_debt_incl_current,,76.28,net_income,0,No change
PG,The Procter & Gamble Company,Consumer Staples,2016-08-31,2016-06-30,8,8,false,0.496,0.2058,0.1609,0.1856,-0.0384,30.4,noncurrent_plus_current,,65.3,net_income,2,New annual report
PG,The Procter & Gamble Company,Consumer Staples,2016-09-30,2016-06-30,8,8,false,0.496,0.2058,0.1609,0.1856,-0.0384,30.4,noncurrent_plus_current,,65.3,net_income,0,No change
PG,The Procter & Gamble Company,Consumer Staples,2016-10-31,2016-06-30,8,8,false,0.496,0.2058,0.1609,0.1856,-0.0384,30.4,noncurrent_plus_current,,65.3,net_income,0,No change
PG,The Procter & Gamble Company,Consumer Staples,2016-11-30,2016-06-30,8,8,false,0.496,0.2058,0.1609,0.1856,-0.0384,30.4,noncurrent_plus_current,,65.3,net_income,0,No change
PG,The Procter & Gamble Company,Consumer Staples,2016-12-31,2016-06-30,8,8,false,0.496,0.2058,0.1609,0.1856,-0.0384,30.4,noncurrent_plus_current,,65.3,net_income,0,No change
PG,The Procter & Gamble Company,Consumer Staples,2017-01-31,2016-06-30,8,8,false,0.496,0.2058,0.1609,0.1856,-0.0384,30.4,noncurrent_plus_current,,65.3,net_income,0,No change
PG,The Procter & Gamble Company,Consumer Staples,2017-02-28,2016-06-30,8,8,false,0.496,0.2058,0.1609,0.1856,-0.0384,30.4,noncurrent_plus_current,,65.3,net_income,0,No change
PG,The Procter & Gamble Company,Consumer Staples,2017-03-31,2016-06-30,8,8,false,0.496,0.2058,0.1609,0.1856,-0.0384,30.4,noncurrent_plus_current,,65.3,net_income,0,No change
PG,The Procter & Gamble Company,Consumer Staples,2017-04-30,2016-06-30,8,8,false,0.496,0.2058,0.1609,0.1856,-0.0384,30.4,noncurrent_plus_current,,65.3,net_income,0,No change
PG,The Procter & Gamble Company,Consumer Staples,2017-05-31,2016-06-30,8,8,false,0.496,0.2058,0.1609,0.1856,-0.0384,30.4,noncurrent_plus_current,,65.3,net_income,0,No change
PG,The Procter & Gamble Company,Consumer Staples,2017-06-30,2016-06-30,8,8,false,0.496,0.2058,0.1609,0.1856,-0.0384,30.4,noncurrent_plus_current,,65.3,net_income,0,No change
PG,The Procter & Gamble Company,Consumer Staples,2017-07-31,2016-06-30,8,8,false,0.496,0.2058,0.1609,0.1856,-0.0384,30.4,noncurrent_plus_current,,65.3,net_income,0,No change
PG,The Procter & Gamble Company,Consumer Staples,2017-08-31,2017-06-30,6,9,true,0.4999,0.2145,0.2356,0.144,0.0208,31.42,noncurrent_plus_current,,65.06,net_income,-2,New annual report
PG,The Procter & Gamble Company,Consumer Staples,2017-09-30,2017-06-30,6,9,true,0.4999,0.2145,0.2356,0.144,0.0208,31.42,noncurrent_plus_current,,65.06,net_income,0,No change
PG,The Procter & Gamble Company,Consumer Staples,2017-10-31,2017-06-30,6,9,true,0.4999,0.2145,0.2356,0.144,0.0208,31.42,noncurrent_plus_current,,65.06,net_income,0,No change
PG,The Procter & Gamble Company,Consumer Staples,2017-11-30,2017-06-30,6,9,true,0.4999,0.2145,0.2356,0.144,0.0208,31.42,noncurrent_plus_current,,65.06,net_income,0,No change
PG,The Procter & Gamble Company,Consumer Staples,2017-12-31,2017-06-30,6,9,true,0.4999,0.2145,0.2356,0.144,0.0208,31.42,noncurrent_plus_current,,65.06,net_income,0,No change
PG,The Procter & Gamble Company,Consumer Staples,2018-01-31,2017-06-30,6,9,true,0.4999,0.2145,0.2356,0.144,0.0208,31.42,noncurrent_plus_current,,65.06,net_income,0,No change
PG,The Procter & Gamble Company,Consumer Staples,2018-02-28,2017-06-30,6,9,true,0.4999,0.2145,0.2356,0.144,0.0208,31.42,noncurrent_plus_current,,65.06,net_income,0,No change
PG,The Procter & Gamble Company,Consumer Staples,2018-03-31,2017-06-30,6,9,true,0.4999,0.2145,0.2356,0.144,0.0208,31.42,noncurrent_plus_current,,65.06,net_income,0,No change
PG,The Procter & Gamble Company,Consumer Staples,2018-04-30,2017-06-30,6,9,true,0.4999,0.2145,0.2356,0.144,0.0208,31.42,noncurrent_plus_current,,65.06,net_income,0,No change
PG,The Procter & Gamble Company,Consumer Staples,2018-05-31,2017-06-30,6,9,true,0.4999,0.2145,0.2356,0.144,0.0208,31.42,noncurrent_plus_current,,65.06,net_income,0,No change
PG,The Procter & Gamble Company,Consumer Staples,2018-06-30,2017-06-30,6,9,true,0.4999,0.2145,0.2356,0.144,0.0208,31.42,noncurrent_plus_current,,65.06,net_income,0,No change
PG,The Procter & Gamble Company,Consumer Staples,2018-07-31,2017-06-30,6,9,true,0.4999,0.2145,0.2356,0.144,0.0208,31.42,noncurrent_plus_current,,65.06,net_income,0,No change
PG,The Procter & Gamble Company,Consumer Staples,2018-08-31,2018-06-30,5,9,true,0.4873,0.2052,0.1459,0.1668,-0.0429,30.4,noncurrent_plus_current,,66.83,net_income,-1,New annual report
PG,The Procter & Gamble Company,Consumer Staples,2018-09-30,2018-06-30,5,9,true,0.4873,0.2052,0.1459,0.1668,-0.0429,30.4,noncurrent_plus_current,,66.83,net_income,0,No change
PG,The Procter & Gamble Company,Consumer Staples,2018-10-31,2018-06-30,5,9,true,0.4873,0.2052,0.1459,0.1668,-0.0429,30.4,noncurrent_plus_current,,66.83,net_income,0,No change
PG,The Procter & Gamble Company,Consumer Staples,2018-11-30,2018-06-30,5,9,true,0.4873,0.2052,0.1459,0.1668,-0.0429,30.4,noncurrent_plus_current,,66.83,net_income,0,No change
PG,The Procter & Gamble Company,Consumer Staples,2018-12-31,2018-06-30,5,9,true,0.4873,0.2052,0.1459,0.1668,-0.0429,30.4,noncurrent_plus_current,,66.83,net_income,0,No change
PG,The Procter & Gamble Company,Consumer Staples,2019-01-31,2018-06-30,5,9,true,0.4873,0.2052,0.1459,0.1668,-0.0429,30.4,noncurrent_plus_current,,66.83,net_income,0,No change
PG,The Procter & Gamble Company,Consumer Staples,2019-02-28,2018-06-30,5,9,true,0.4873,0.2052,0.1459,0.1668,-0.0429,30.4,noncurrent_plus_current,,66.83,net_income,0,No change
PG,The Procter & Gamble Company,Consumer Staples,2019-03-31,2018-06-30,5,9,true,0.4873,0.2052,0.1459,0.1668,-0.0429,30.4,noncurrent_plus_current,,66.83,net_income,0,No change
PG,The Procter & Gamble Company,Consumer Staples,2019-04-30,2018-06-30,5,9,true,0.4873,0.2052,0.1459,0.1668,-0.0429,30.4,noncurrent_plus_current,,66.83,net_income,0,No change
PG,The Procter & Gamble Company,Consumer Staples,2019-05-31,2018-06-30,5,9,true,0.4873,0.2052,0.1459,0.1668,-0.0429,30.4,noncurrent_plus_current,,66.83,net_income,0,No change
PG,The Procter & Gamble Company,Consumer Staples,2019-06-30,2018-06-30,5,9,true,0.4873,0.2052,0.1459,0.1668,-0.0429,30.4,noncurrent_plus_current,,66.83,net_income,0,No change
PG,The Procter & Gamble Company,Consumer Staples,2019-07-31,2018-06-30,5,9,true,0.4873,0.2052,0.1459,0.1668,-0.0429,30.4,noncurrent_plus_current,,66.83,net_income,0,No change
PG,The Procter & Gamble Company,Consumer Staples,2019-08-31,2019-06-30,6,9,true,0.4863,0.0811,0.0576,0.1757,-0.0972,29.97,noncurrent_plus_current,,67.68,net_income,1,New annual report
PG,The Procter & Gamble Company,Consumer Staples,2019-09-30,2019-06-30,6,9,true,0.4863,0.0811,0.0576,0.1757,-0.0972,29.97,noncurrent_plus_current,,67.68,net_income,0,No change
PG,The Procter & Gamble Company,Consumer Staples,2019-10-31,2019-06-30,6,9,true,0.4863,0.0811,0.0576,0.1757,-0.0972,29.97,noncurrent_plus_current,,67.68,net_income,0,No change
PG,The Procter & Gamble Company,Consumer Staples,2019-11-30,2019-06-30,6,9,true,0.4863,0.0811,0.0576,0.1757,-0.0972,29.97,noncurrent_plus_current,,67.68,net_income,0,No change
PG,The Procter & Gamble Company,Consumer Staples,2019-12-31,2019-06-30,6,9,true,0.4863,0.0811,0.0576,0.1757,-0.0972,29.97,noncurrent_plus_current,,67.68,net_income,0,No change
PG,The Procter & Gamble Company,Consumer Staples,2020-01-31,2019-06-30,6,9,true,0.4863,0.0811,0.0576,0.1757,-0.0972,29.97,noncurrent_plus_current,,67.68,net_income,0,No change
PG,The Procter & Gamble Company,Consumer Staples,2020-02-29,2019-06-30,6,9,true,0.4863,0.0811,0.0576,0.1757,-0.0972,29.97,noncurrent_plus_current,,67.68,net_income,0,No change
PG,The Procter & Gamble Company,Consumer Staples,2020-03-31,2019-06-30,6,9,true,0.4863,0.0811,0.0576,0.1757,-0.0972,29.97,noncurrent_plus_current,,67.68,net_income,0,No change
PG,The Procter & Gamble Company,Consumer Staples,2020-04-30,2019-06-30,6,9,true,0.4863,0.0811,0.0576,0.1757,-0.0972,29.97,noncurrent_plus_current,,67.68,net_income,0,No change
PG,The Procter & Gamble Company,Consumer Staples,2020-05-31,2019-06-30,6,9,true,0.4863,0.0811,0.0576,0.1757,-0.0972,29.97,noncurrent_plus_current,,67.68,net_income,0,No change
PG,The Procter & Gamble Company,Consumer Staples,2020-06-30,2019-06-30,6,9,true,0.4863,0.0811,0.0576,0.1757,-0.0972,29.97,noncurrent_plus_current,,67.68,net_income,0,No change
PG,The Procter & Gamble Company,Consumer Staples,2020-07-31,2019-06-30,6,9,true,0.4863,0.0811,0.0576,0.1757,-0.0972,29.97,noncurrent_plus_current,,67.68,net_income,0,No change
PG,The Procter & Gamble Company,Consumer Staples,2020-08-31,2020-06-30,7,9,true,0.5032,0.2214,0.1836,0.202,-0.0371,34.59,noncurrent_plus_current,,70.95,net_income,1,New annual report
PG,The Procter & Gamble Company,Consumer Staples,2020-09-30,2020-06-30,7,9,true,0.5032,0.2214,0.1836,0.202,-0.0371,34.59,noncurrent_plus_current,,70.95,net_income,0,No change
PG,The Procter & Gamble Company,Consumer Staples,2020-10-31,2020-06-30,7,9,true,0.5032,0.2214,0.1836,0.202,-0.0371,34.59,noncurrent_plus_current,,70.95,net_income,0,No change
PG,The Procter & Gamble Company,Consumer Staples,2020-11-30,2020-06-30,7,9,true,0.5032,0.2214,0.1836,0.202,-0.0371,34.59,noncurrent_plus_current,,70.95,net_income,0,No change
PG,The Procter & Gamble Company,Consumer Staples,2020-12-31,2020-06-30,7,9,true,0.5032,0.2214,0.1836,0.202,-0.0371,34.59,noncurrent_plus_current,,70.95,net_income,0,No change
PG,The Procter & Gamble Company,Consumer Staples,2021-01-31,2020-06-30,7,9,true,0.5032,0.2214,0.1836,0.202,-0.0371,34.59,noncurrent_plus_current,,70.95,net_income,0,No change
PG,The Procter & Gamble Company,Consumer Staples,2021-02-28,2020-06-30,7,9,true,0.5032,0.2214,0.1836,0.202,-0.0371,34.59,noncurrent_plus_current,,70.95,net_income,0,No change
PG,The Procter & Gamble Company,Consumer Staples,2021-03-31,2020-06-30,7,9,true,0.5032,0.2214,0.1836,0.202,-0.0371,34.59,noncurrent_plus_current,,70.95,net_income,0,No change
PG,The Procter & Gamble Company,Consumer Staples,2021-04-30,2020-06-30,7,9,true,0.5032,0.2214,0.1836,0.202,-0.0371,34.59,noncurrent_plus_current,,70.95,net_income,0,No change
PG,The Procter & Gamble Company,Consumer Staples,2021-05-31,2020-06-30,7,9,true,0.5032,0.2214,0.1836,0.202,-0.0371,34.59,noncurrent_plus_current,,70.95,net_income,0,No change
PG,The Procter & Gamble Company,Consumer Staples,2021-06-30,2020-06-30,7,9,true,0.5032,0.2214,0.1836,0.202,-0.0371,34.59,noncurrent_plus_current,,70.95,net_income,0,No change
PG,The Procter & Gamble Company,Consumer Staples,2021-07-31,2020-06-30,7,9,true,0.5032,0.2214,0.1836,0.202,-0.0371,34.59,noncurrent_plus_current,,70.95,net_income,0,No change
PG,The Procter & Gamble Company,Consumer Staples,2021-08-31,2021-06-30,8,9,true,0.5125,0.2363,0.1879,0.2047,-0.0339,31.89,noncurrent_plus_current,,76.12,net_income,1,New annual report
PG,The Procter & Gamble Company,Consumer Staples,2021-09-30,2021-06-30,8,9,true,0.5125,0.2363,0.1879,0.2047,-0.0339,31.89,noncurrent_plus_current,,76.12,net_income,0,No change
PG,The Procter & Gamble Company,Consumer Staples,2021-10-31,2021-06-30,8,9,true,0.5125,0.2363,0.1879,0.2047,-0.0339,31.89,noncurrent_plus_current,,76.12,net_income,0,No change
PG,The Procter & Gamble Company,Consumer Staples,2021-11-30,2021-06-30,8,9,true,0.5125,0.2363,0.1879,0.2047,-0.0339,31.89,noncurrent_plus_current,,76.12,net_income,0,No change
PG,The Procter & Gamble Company,Consumer Staples,2021-12-31,2021-06-30,8,9,true,0.5125,0.2363,0.1879,0.2047,-0.0339,31.89,noncurrent_plus_current,,76.12,net_income,0,No change
PG,The Procter & Gamble Company,Consumer Staples,2022-01-31,2021-06-30,8,9,true,0.5125,0.2363,0.1879,0.2047,-0.0339,31.89,noncurrent_plus_current,,76.12,net_income,0,No change
PG,The Procter & Gamble Company,Consumer Staples,2022-02-28,2021-06-30,8,9,true,0.5125,0.2363,0.1879,0.2047,-0.0339,31.89,noncurrent_plus_current,,76.12,net_income,0,No change
PG,The Procter & Gamble Company,Consumer Staples,2022-03-31,2021-06-30,8,9,true,0.5125,0.2363,0.1879,0.2047,-0.0339,31.89,noncurrent_plus_current,,76.12,net_income,0,No change
PG,The Procter & Gamble Company,Consumer Staples,2022-04-30,2021-06-30,8,9,true,0.5125,0.2363,0.1879,0.2047,-0.0339,31.89,noncurrent_plus_current,,76.12,net_income,0,No change
PG,The Procter & Gamble Company,Consumer Staples,2022-05-31,2021-06-30,8,9,true,0.5125,0.2363,0.1879,0.2047,-0.0339,31.89,noncurrent_plus_current,,76.12,net_income,0,No change
PG,The Procter & Gamble Company,Consumer Staples,2022-06-30,2021-06-30,8,9,true,0.5125,0.2363,0.1879,0.2047,-0.0339,31.89,noncurrent_plus_current,,76.12,net_income,0,No change
PG,The Procter & Gamble Company,Consumer Staples,2022-07-31,2021-06-30,8,9,true,0.5125,0.2363,0.1879,0.2047,-0.0339,31.89,noncurrent_plus_current,,76.12,net_income,0,No change
PG,The Procter & Gamble Company,Consumer Staples,2022-08-31,2022-06-30,7,9,true,0.4743,0.2221,0.1838,0.1692,-0.0168,31.3,noncurrent_plus_current,,80.19,net_income,-1,New annual report
PG,The Procter & Gamble Company,Consumer Staples,2022-09-30,2022-06-30,7,9,true,0.4743,0.2221,0.1838,0.1692,-0.0168,31.3,noncurrent_plus_current,,80.19,net_income,0,No change
PG,The Procter & Gamble Company,Consumer Staples,2022-10-31,2022-06-30,7,9,true,0.4743,0.2221,0.1838,0.1692,-0.0168,31.3,noncurrent_plus_current,,80.19,net_income,0,No change
PG,The Procter & Gamble Company,Consumer Staples,2022-11-30,2022-06-30,7,9,true,0.4743,0.2221,0.1838,0.1692,-0.0168,31.3,noncurrent_plus_current,,80.19,net_income,0,No change
PG,The Procter & Gamble Company,Consumer Staples,2022-12-31,2022-06-30,7,9,true,0.4743,0.2221,0.1838,0.1692,-0.0168,31.3,noncurrent_plus_current,,80.19,net_income,0,No change
PG,The Procter & Gamble Company,Consumer Staples,2023-01-31,2022-06-30,7,9,true,0.4743,0.2221,0.1838,0.1692,-0.0168,31.3,noncurrent_plus_current,,80.19,net_income,0,No change
PG,The Procter & Gamble Company,Consumer Staples,2023-02-28,2022-06-30,7,9,true,0.4743,0.2221,0.1838,0.1692,-0.0168,31.3,noncurrent_plus_current,,80.19,net_income,0,No change
PG,The Procter & Gamble Company,Consumer Staples,2023-03-31,2022-06-30,7,9,true,0.4743,0.2221,0.1838,0.1692,-0.0168,31.3,noncurrent_plus_current,,80.19,net_income,0,No change
PG,The Procter & Gamble Company,Consumer Staples,2023-04-30,2022-06-30,7,9,true,0.4743,0.2221,0.1838,0.1692,-0.0168,31.3,noncurrent_plus_current,,80.19,net_income,0,No change
PG,The Procter & Gamble Company,Consumer Staples,2023-05-31,2022-06-30,7,9,true,0.4743,0.2221,0.1838,0.1692,-0.0168,31.3,noncurrent_plus_current,,80.19,net_income,0,No change
PG,The Procter & Gamble Company,Consumer Staples,2023-06-30,2022-06-30,7,9,true,0.4743,0.2221,0.1838,0.1692,-0.0168,31.3,noncurrent_plus_current,,80.19,net_income,0,No change
PG,The Procter & Gamble Company,Consumer Staples,2023-07-31,2022-06-30,7,9,true,0.4743,0.2221,0.1838,0.1692,-0.0168,31.3,noncurrent_plus_current,,80.19,net_income,0,No change
PG,The Procter & Gamble Company,Consumer Staples,2023-08-31,2023-06-30,7,9,true,0.4786,0.2211,0.1787,0.1681,-0.0184,34.57,noncurrent_plus_current,,82.01,net_income,0,No change
PG,The Procter & Gamble Company,Consumer Staples,2023-09-30,2023-06-30,7,9,true,0.4786,0.2211,0.1787,0.1681,-0.0184,34.57,noncurrent_plus_current,,82.01,net_income,0,No change
PG,The Procter & Gamble Company,Consumer Staples,2023-10-31,2023-06-30,7,9,true,0.4786,0.2211,0.1787,0.1681,-0.0184,34.57,noncurrent_plus_current,,82.01,net_income,0,No change
PG,The Procter & Gamble Company,Consumer Staples,2023-11-30,2023-06-30,7,9,true,0.4786,0.2211,0.1787,0.1681,-0.0184,34.57,noncurrent_plus_current,,82.01,net_income,0,No change
PG,The Procter & Gamble Company,Consumer Staples,2023-12-31,2023-06-30,7,9,true,0.4786,0.2211,0.1787,0.1681,-0.0184,34.57,noncurrent_plus_current,,82.01,net_income,0,No change
PG,The Procter & Gamble Company,Consumer Staples,2024-01-31,2023-06-30,7,9,true,0.4786,0.2211,0.1787,0.1681,-0.0184,34.57,noncurrent_plus_current,,82.01,net_income,0,No change
PG,The Procter & Gamble Company,Consumer Staples,2024-02-29,2023-06-30,7,9,true,0.4786,0.2211,0.1787,0.1681,-0.0184,34.57,noncurrent_plus_current,,82.01,net_income,0,No change
PG,The Procter & Gamble Company,Consumer Staples,2024-03-31,2023-06-30,7,9,true,0.4786,0.2211,0.1787,0.1681,-0.0184,34.57,noncurrent_plus_current,,82.01,net_income,0,No change
PG,The Procter & Gamble Company,Consumer Staples,2024-04-30,2023-06-30,7,9,true,0.4786,0.2211,0.1787,0.1681,-0.0184,34.57,noncurrent_plus_current,,82.01,net_income,0,No change
PG,The Procter & Gamble Company,Consumer Staples,2024-05-31,2023-06-30,7,9,true,0.4786,0.2211,0.1787,0.1681,-0.0184,34.57,noncurrent_plus_current,,82.01,net_income,0,No change
PG,The Procter & Gamble Company,Consumer Staples,2024-06-30,2023-06-30,7,9,true,0.4786,0.2211,0.1787,0.1681,-0.0184,34.57,noncurrent_plus_current,,82.01,net_income,0,No change
PG,The Procter & Gamble Company,Consumer Staples,2024-07-31,2023-06-30,7,9,true,0.4786,0.2211,0.1787,0.1681,-0.0184,34.57,noncurrent_plus_current,,82.01,net_income,0,No change
PG,The Procter & Gamble Company,Consumer Staples,2024-08-31,2024-06-30,7,9,true,0.5139,0.2207,0.177,0.1966,-0.0408,32.43,noncurrent_plus_current,,84.04,net_income,0,No change
PG,The Procter & Gamble Company,Consumer Staples,2024-09-30,2024-06-30,7,9,true,0.5139,0.2207,0.177,0.1966,-0.0408,32.43,noncurrent_plus_current,,84.04,net_income,0,No change
PG,The Procter & Gamble Company,Consumer Staples,2024-10-31,2024-06-30,7,9,true,0.5139,0.2207,0.177,0.1966,-0.0408,32.43,noncurrent_plus_current,,84.04,net_income,0,No change
PG,The Procter & Gamble Company,Consumer Staples,2024-11-30,2024-06-30,7,9,true,0.5139,0.2207,0.177,0.1966,-0.0408,32.43,noncurrent_plus_current,,84.04,net_income,0,No change
PG,The Procter & Gamble Company,Consumer Staples,2024-12-31,2024-06-30,7,9,true,0.5139,0.2207,0.177,0.1966,-0.0408,32.43,noncurrent_plus_current,,84.04,net_income,0,No change
PG,The Procter & Gamble Company,Consumer Staples,2025-01-31,2024-06-30,7,9,true,0.5139,0.2207,0.177,0.1966,-0.0408,32.43,noncurrent_plus_current,,84.04,net_income,0,No change
PG,The Procter & Gamble Company,Consumer Staples,2025-02-28,2024-06-30,7,9,true,0.5139,0.2207,0.177,0.1966,-0.0408,32.43,noncurrent_plus_current,,84.04,net_income,0,No change
PG,The Procter & Gamble Company,Consumer Staples,2025-03-31,2024-06-30,7,9,true,0.5139,0.2207,0.177,0.1966,-0.0408,32.43,noncurrent_plus_current,,84.04,net_income,0,No change
PG,The Procter & Gamble Company,Consumer Staples,2025-04-30,2024-06-30,7,9,true,0.5139,0.2207,0.177,0.1966,-0.0408,32.43,noncurrent_plus_current,,84.04,net_income,0,No change
PG,The Procter & Gamble Company,Consumer Staples,2025-05-31,2024-06-30,7,9,true,0.5139,0.2207,0.177,0.1966,-0.0408,32.43,noncurrent_plus_current,,84.04,net_income,0,No change
PG,The Procter & Gamble Company,Consumer Staples,2025-06-30,2024-06-30,7,9,true,0.5139,0.2207,0.177,0.1966,-0.0408,32.43,noncurrent_plus_current,,84.04,net_income,0,No change
PG,The Procter & Gamble Company,Consumer Staples,2025-07-31,2024-06-30,7,9,true,0.5139,0.2207,0.177,0.1966,-0.0408,32.43,noncurrent_plus_current,,84.04,net_income,0,No change
PG,The Procter & Gamble Company,Consumer Staples,2025-08-31,2025-06-30,5,9,true,0.5116,0.2426,0.1895,0.1666,-0.0149,34.48,noncurrent_plus_current,,84.28,net_income,-2,New annual report
PG,The Procter & Gamble Company,Consumer Staples,2025-09-30,2025-06-30,5,9,true,0.5116,0.2426,0.1895,0.1666,-0.0149,34.48,noncurrent_plus_current,,84.28,net_income,0,No change
PG,The Procter & Gamble Company,Consumer Staples,2025-10-31,2025-06-30,5,9,true,0.5116,0.2426,0.1895,0.1666,-0.0149,34.48,noncurrent_plus_current,,84.28,net_income,0,No change
PG,The Procter & Gamble Company,Consumer Staples,2025-11-30,2025-06-30,5,9,true,0.5116,0.2426,0.1895,0.1666,-0.0149,34.48,noncurrent_plus_current,,84.28,net_income,0,No change
PG,The Procter & Gamble Company,Consumer Staples,2025-12-31,2025-06-30,5,9,true,0.5116,0.2426,0.1895,0.1666,-0.0149,34.48,noncurrent_plus_current,,84.28,net_income,0,No change
PG,The Procter & Gamble Company,Consumer Staples,2026-01-31,2025-06-30,5,9,true,0.5116,0.2426,0.1895,0.1666,-0.0149,34.48,noncurrent_plus_current,,84.28,net_income,0,No change
PG,The Procter & Gamble Company,Consumer Staples,2026-02-28,2025-06-30,5,9,true,0.5116,0.2426,0.1895,0.1666,-0.0149,34.48,noncurrent_plus_current,,84.28,net_income,0,No change
PG,The Procter & Gamble Company,Consumer Staples,2026-03-31,2025-06-30,5,9,true,0.5116,0.2426,0.1895,0.1666,-0.0149,34.48,noncurrent_plus_current,,84.28,net_income,0,No change
PG,The Procter & Gamble Company,Consumer Staples,2026-04-30,2025-06-30,5,9,true,0.5116,0.2426,0.1895,0.1666,-0.0149,34.48,noncurrent_plus_current,,84.28,net_income,0,No change
PG,The Procter & Gamble Company,Consumer Staples,2026-05-31,2025-06-30,5,9,true,0.5116,0.2426,0.1895,0.1666,-0.0149,34.48,noncurrent_plus_current,,84.28,net_income,0,No change
PG,The Procter & Gamble Company,Consumer Staples,2026-06-30,2025-06-30,5,9,true,0.5116,0.2426,0.1895,0.1666,-0.0149,34.48,noncurrent_plus_current,,84.28,net_income,0,No change
PG,The Procter & Gamble Company,Consumer Staples,2026-07-31,2025-06-30,5,9,true,0.5116,0.2426,0.1895,0.1666,-0.0149,34.48,noncurrent_plus_current,,84.28,net_income,0,No change
PG,The Procter & Gamble Company,Consumer Staples,2026-08-31,2026-06-30,6,9,true,0.5018,0.2269,0.1844,0.174,-0.0279,34.14,noncurrent_plus_current,,87.03,net_income,1,New annual report
PG,The Procter & Gamble Company,Consumer Staples,2026-09-30,2026-06-30,6,9,true,0.5018,0.2269,0.1844,0.174,-0.0279,34.14,noncurrent_plus_current,,87.03,net_income,0,No change
UNH,UnitedHealth Group Incorporated,Health Care,2010-02-28,2009-12-31,5,6,false,0.9797,0.073,0.0439,0.0561,-0.0314,11.17,noncurrent_plus_current,0.47,87.14,net_income,,No change
UNH,UnitedHealth Group Incorporated,Health Care,2010-03-31,2009-12-31,5,6,false,0.9797,0.073,0.0439,0.0561,-0.0314,11.17,noncurrent_plus_current,0.47,87.14,net_income,0,No change
UNH,UnitedHealth Group Incorporated,Health Care,2010-04-30,2009-12-31,5,6,false,0.9797,0.073,0.0439,0.0561,-0.0314,11.17,noncurrent_plus_current,0.47,87.14,net_income,0,No change
UNH,UnitedHealth Group Incorporated,Health Care,2010-05-31,2009-12-31,5,6,false,0.9797,0.073,0.0439,0.0561,-0.0314,11.17,noncurrent_plus_current,0.47,87.14,net_income,0,No change
UNH,UnitedHealth Group Incorporated,Health Care,2010-06-30,2009-12-31,5,6,false,0.9797,0.073,0.0439,0.0561,-0.0314,11.17,noncurrent_plus_current,0.47,87.14,net_income,0,No change
UNH,UnitedHealth Group Incorporated,Health Care,2010-07-31,2009-12-31,5,6,false,0.9797,0.073,0.0439,0.0561,-0.0314,11.17,noncurrent_plus_current,0.47,87.14,net_income,0,No change
UNH,UnitedHealth Group Incorporated,Health Care,2010-08-31,2009-12-31,5,6,false,0.9797,0.073,0.0439,0.0561,-0.0314,11.17,noncurrent_plus_current,0.47,87.14,net_income,0,No change
UNH,UnitedHealth Group Incorporated,Health Care,2010-09-30,2009-12-31,5,6,false,0.9797,0.073,0.0439,0.0561,-0.0314,11.17,noncurrent_plus_current,0.47,87.14,net_income,0,No change
UNH,UnitedHealth Group Incorporated,Health Care,2010-10-31,2009-12-31,5,6,false,0.9797,0.073,0.0439,0.0561,-0.0314,11.17,noncurrent_plus_current,0.47,87.14,net_income,0,No change
UNH,UnitedHealth Group Incorporated,Health Care,2010-11-30,2009-12-31,5,6,false,0.9797,0.073,0.0439,0.0561,-0.0314,11.17,noncurrent_plus_current,0.47,87.14,net_income,0,No change
UNH,UnitedHealth Group Incorporated,Health Care,2010-12-31,2009-12-31,5,6,false,0.9797,0.073,0.0439,0.0561,-0.0314,11.17,noncurrent_plus_current,0.47,87.14,net_income,0,No change
UNH,UnitedHealth Group Incorporated,Health Care,2011-01-31,2009-12-31,5,6,false,0.9797,0.073,0.0439,0.0561,-0.0314,11.17,noncurrent_plus_current,0.47,87.14,net_income,0,No change
UNH,UnitedHealth Group Incorporated,Health Care,2011-02-28,2010-12-31,7,9,true,0.9775,0.0835,0.0492,0.0573,-0.0268,11.14,noncurrent_plus_current,0.43,94.16,net_income,2,New annual report
UNH,UnitedHealth Group Incorporated,Health Care,2011-03-31,2010-12-31,7,9,true,0.9775,0.0835,0.0492,0.0573,-0.0268,11.14,noncurrent_plus_current,0.43,94.16,net_income,0,No change
UNH,UnitedHealth Group Incorporated,Health Care,2011-04-30,2010-12-31,7,9,true,0.9775,0.0835,0.0492,0.0573,-0.0268,11.14,noncurrent_plus_current,0.43,94.16,net_income,0,No change
UNH,UnitedHealth Group Incorporated,Health Care,2011-05-31,2010-12-31,7,9,true,0.9775,0.0835,0.0492,0.0573,-0.0268,11.14,noncurrent_plus_current,0.43,94.16,net_income,0,No change
UNH,UnitedHealth Group Incorporated,Health Care,2011-06-30,2010-12-31,7,9,true,0.9775,0.0835,0.0492,0.0573,-0.0268,11.14,noncurrent_plus_current,0.43,94.16,net_income,0,No change
UNH,UnitedHealth Group Incorporated,Health Care,2011-07-31,2010-12-31,7,9,true,0.9775,0.0835,0.0492,0.0573,-0.0268,11.14,noncurrent_plus_current,0.43,94.16,net_income,0,No change
UNH,UnitedHealth Group Incorporated,Health Care,2011-08-31,2010-12-31,7,9,true,0.9775,0.0835,0.0492,0.0573,-0.0268,11.14,noncurrent_plus_current,0.43,94.16,net_income,0,No change
UNH,UnitedHealth Group Incorporated,Health Care,2011-09-30,2010-12-31,7,9,true,0.9775,0.0835,0.0492,0.0573,-0.0268,11.14,noncurrent_plus_current,0.43,94.16,net_income,0,No change
UNH,UnitedHealth Group Incorporated,Health Care,2011-10-31,2010-12-31,7,9,true,0.9775,0.0835,0.0492,0.0573,-0.0268,11.14,noncurrent_plus_current,0.43,94.16,net_income,0,No change
UNH,UnitedHealth Group Incorporated,Health Care,2011-11-30,2010-12-31,7,9,true,0.9775,0.0835,0.0492,0.0573,-0.0268,11.14,noncurrent_plus_current,0.43,94.16,net_income,0,No change
UNH,UnitedHealth Group Incorporated,Health Care,2011-12-31,2010-12-31,7,9,true,0.9775,0.0835,0.0492,0.0573,-0.0268,11.14,noncurrent_plus_current,0.43,94.16,net_income,0,No change
UNH,UnitedHealth Group Incorporated,Health Care,2012-01-31,2010-12-31,7,9,true,0.9775,0.0835,0.0492,0.0573,-0.0268,11.14,noncurrent_plus_current,0.43,94.16,net_income,0,No change
UNH,UnitedHealth Group Incorporated,Health Care,2012-02-29,2011-12-31,8,9,true,0.9766,0.0831,0.0505,0.0579,-0.0279,11.64,noncurrent_plus_current,0.41,101.86,net_income,1,New annual report
UNH,UnitedHealth Group Incorporated,Health Care,2012-03-31,2011-12-31,8,9,true,0.9766,0.0831,0.0505,0.0579,-0.0279,11.64,noncurrent_plus_current,0.41,101.86,net_income,0,No change
UNH,UnitedHealth Group Incorporated,Health Care,2012-04-30,2011-12-31,8,9,true,0.9766,0.0831,0.0505,0.0579,-0.0279,11.64,noncurrent_plus_current,0.41,101.86,net_income,0,No change
UNH,UnitedHealth Group Incorporated,Health Care,2012-05-31,2011-12-31,8,9,true,0.9766,0.0831,0.0505,0.0579,-0.0279,11.64,noncurrent_plus_current,0.41,101.86,net_income,0,No change
UNH,UnitedHealth Group Incorporated,Health Care,2012-06-30,2011-12-31,8,9,true,0.9766,0.0831,0.0505,0.0579,-0.0279,11.64,noncurrent_plus_current,0.41,101.86,net_income,0,No change
UNH,UnitedHealth Group Incorporated,Health Care,2012-07-31,2011-12-31,8,9,true,0.9766,0.0831,0.0505,0.0579,-0.0279,11.64,noncurrent_plus_current,0.41,101.86,net_income,0,No change
UNH,UnitedHealth Group Incorporated,Health Care,2012-08-31,2011-12-31,8,9,true,0.9766,0.0831,0.0505,0.0579,-0.0279,11.64,noncurrent_plus_current,0.41,101.86,net_income,0,No change
UNH,UnitedHealth Group Incorporated,Health Care,2012-09-30,2011-12-31,8,9,true,0.9766,0.0831,0.0505,0.0579,-0.0279,11.64,noncurrent_plus_current,0.41,101.86,net_income,0,No change
UNH,UnitedHealth Group Incorporated,Health Care,2012-10-31,2011-12-31,8,9,true,0.9766,0.0831,0.0505,0.0579,-0.0279,11.64,noncurrent_plus_current,0.41,101.86,net_income,0,No change
UNH,UnitedHealth Group Incorporated,Health Care,2012-11-30,2011-12-31,8,9,true,0.9766,0.0831,0.0505,0.0579,-0.0279,11.64,noncurrent_plus_current,0.41,101.86,net_income,0,No change
UNH,UnitedHealth Group Incorporated,Health Care,2012-12-31,2011-12-31,8,9,true,0.9766,0.0831,0.0505,0.0579,-0.0279,11.64,noncurrent_plus_current,0.41,101.86,net_income,0,No change
UNH,UnitedHealth Group Incorporated,Health Care,2013-01-31,2011-12-31,8,9,true,0.9766,0.0831,0.0505,0.0579,-0.0279,11.64,noncurrent_plus_current,0.41,101.86,net_income,0,No change
UNH,UnitedHealth Group Incorporated,Health Care,2013-02-28,2012-12-31,6,9,true,0.9772,0.0837,0.05,0.055,-0.0219,16.75,noncurrent_plus_current,0.54,110.62,net_income,-2,New annual report
UNH,UnitedHealth Group Incorporated,Health Care,2013-03-31,2012-12-31,6,9,true,0.9772,0.0837,0.05,0.055,-0.0219,16.75,noncurrent_plus_current,0.54,110.62,net_income,0,No change
UNH,UnitedHealth Group Incorporated,Health Care,2013-04-30,2012-12-31,6,9,true,0.9772,0.0837,0.05,0.055,-0.0219,16.75,noncurrent_plus_current,0.54,110.62,net_income,0,No change
UNH,UnitedHealth Group Incorporated,Health Care,2013-05-31,2012-12-31,6,9,true,0.9772,0.0837,0.05,0.055,-0.0219,16.75,noncurrent_plus_current,0.54,110.62,net_income,0,No change
UNH,UnitedHealth Group Incorporated,Health Care,2013-06-30,2012-12-31,6,9,true,0.9772,0.0837,0.05,0.055,-0.0219,16.75,noncurrent_plus_current,0.54,110.62,net_income,0,No change
UNH,UnitedHealth Group Incorporated,Health Care,2013-07-31,2012-12-31,6,9,true,0.9772,0.0837,0.05,0.055,-0.0219,16.75,noncurrent_plus_current,0.54,110.62,net_income,0,No change
UNH,UnitedHealth Group Incorporated,Health Care,2013-08-31,2012-12-31,6,9,true,0.9772,0.0837,0.05,0.055,-0.0219,16.75,noncurrent_plus_current,0.54,110.62,net_income,0,No change
UNH,UnitedHealth Group Incorporated,Health Care,2013-09-30,2012-12-31,6,9,true,0.9772,0.0837,0.05,0.055,-0.0219,16.75,noncurrent_plus_current,0.54,110.62,net_income,0,No change
UNH,UnitedHealth Group Incorporated,Health Care,2013-10-31,2012-12-31,6,9,true,0.9772,0.0837,0.05,0.055,-0.0219,16.75,noncurrent_plus_current,0.54,110.62,net_income,0,No change
UNH,UnitedHealth Group Incorporated,Health Care,2013-11-30,2012-12-31,6,9,true,0.9772,0.0837,0.05,0.055,-0.0219,16.75,noncurrent_plus_current,0.54,110.62,net_income,0,No change
UNH,UnitedHealth Group Incorporated,Health Care,2013-12-31,2012-12-31,6,9,true,0.9772,0.0837,0.05,0.055,-0.0219,16.75,noncurrent_plus_current,0.54,110.62,net_income,0,No change
UNH,UnitedHealth Group Incorporated,Health Care,2014-01-31,2012-12-31,6,9,true,0.9772,0.0837,0.05,0.055,-0.0219,16.75,noncurrent_plus_current,0.54,110.62,net_income,0,No change
UNH,UnitedHealth Group Incorporated,Health Care,2014-02-28,2013-12-31,5,9,true,0.9768,0.0786,0.0459,0.0464,-0.0168,16.86,noncurrent_plus_current,0.52,122.49,net_income,-1,New annual report
UNH,UnitedHealth Group Incorporated,Health Care,2014-03-31,2013-12-31,5,9,true,0.9768,0.0786,0.0459,0.0464,-0.0168,16.86,noncurrent_plus_current,0.52,122.49,net_income,0,No change
UNH,UnitedHealth Group Incorporated,Health Care,2014-04-30,2013-12-31,5,9,true,0.9768,0.0786,0.0459,0.0464,-0.0168,16.86,noncurrent_plus_current,0.52,122.49,net_income,0,No change
UNH,UnitedHealth Group Incorporated,Health Care,2014-05-31,2013-12-31,5,9,true,0.9768,0.0786,0.0459,0.0464,-0.0168,16.86,noncurrent_plus_current,0.52,122.49,net_income,0,No change
UNH,UnitedHealth Group Incorporated,Health Care,2014-06-30,2013-12-31,5,9,true,0.9768,0.0786,0.0459,0.0464,-0.0168,16.86,noncurrent_plus_current,0.52,122.49,net_income,0,No change
UNH,UnitedHealth Group Incorporated,Health Care,2014-07-31,2013-12-31,5,9,true,0.9768,0.0786,0.0459,0.0464,-0.0168,16.86,noncurrent_plus_current,0.52,122.49,net_income,0,No change
UNH,UnitedHealth Group Incorporated,Health Care,2014-08-31,2013-12-31,5,9,true,0.9768,0.0786,0.0459,0.0464,-0.0168,16.86,noncurrent_plus_current,0.52,122.49,net_income,0,No change
UNH,UnitedHealth Group Incorporated,Health Care,2014-09-30,2013-12-31,5,9,true,0.9768,0.0786,0.0459,0.0464,-0.0168,16.86,noncurrent_plus_current,0.52,122.49,net_income,0,No change
UNH,UnitedHealth Group Incorporated,Health Care,2014-10-31,2013-12-31,5,9,true,0.9768,0.0786,0.0459,0.0464,-0.0168,16.86,noncurrent_plus_current,0.52,122.49,net_income,0,No change
UNH,UnitedHealth Group Incorporated,Health Care,2014-11-30,2013-12-31,5,9,true,0.9768,0.0786,0.0459,0.0464,-0.0168,16.86,noncurrent_plus_current,0.52,122.49,net_income,0,No change
UNH,UnitedHealth Group Incorporated,Health Care,2014-12-31,2013-12-31,5,9,true,0.9768,0.0786,0.0459,0.0464,-0.0168,16.86,noncurrent_plus_current,0.52,122.49,net_income,0,No change
UNH,UnitedHealth Group Incorporated,Health Care,2015-01-31,2013-12-31,5,9,true,0.9768,0.0786,0.0459,0.0464,-0.0168,16.86,noncurrent_plus_current,0.52,122.49,net_income,0,No change
UNH,UnitedHealth Group Incorporated,Health Care,2015-02-28,2014-12-31,7,9,true,0.971,0.0787,0.0431,0.05,-0.0289,17.41,noncurrent_plus_current,0.54,130.47,net_income,2,New annual report
UNH,UnitedHealth Group Incorporated,Health Care,2015-03-31,2014-12-31,7,9,true,0.971,0.0787,0.0431,0.05,-0.0289,17.41,noncurrent_plus_current,0.54,130.47,net_income,0,No change
UNH,UnitedHealth Group Incorporated,Health Care,2015-04-30,2014-12-31,7,9,true,0.971,0.0787,0.0431,0.05,-0.0289,17.41,noncurrent_plus_current,0.54,130.47,net_income,0,No change
UNH,UnitedHealth Group Incorporated,Health Care,2015-05-31,2014-12-31,7,9,true,0.971,0.0787,0.0431,0.05,-0.0289,17.41,noncurrent_plus_current,0.54,130.47,net_income,0,No change
UNH,UnitedHealth Group Incorporated,Health Care,2015-06-30,2014-12-31,7,9,true,0.971,0.0787,0.0431,0.05,-0.0289,17.41,noncurrent_plus_current,0.54,130.47,net_income,0,No change
UNH,UnitedHealth Group Incorporated,Health Care,2015-07-31,2014-12-31,7,9,true,0.971,0.0787,0.0431,0.05,-0.0289,17.41,noncurrent_plus_current,0.54,130.47,net_income,0,No change
UNH,UnitedHealth Group Incorporated,Health Care,2015-08-31,2014-12-31,7,9,true,0.971,0.0787,0.0431,0.05,-0.0289,17.41,noncurrent_plus_current,0.54,130.47,net_income,0,No change
UNH,UnitedHealth Group Incorporated,Health Care,2015-09-30,2014-12-31,7,9,true,0.971,0.0787,0.0431,0.05,-0.0289,17.41,noncurrent_plus_current,0.54,130.47,net_income,0,No change
UNH,UnitedHealth Group Incorporated,Health Care,2015-10-31,2014-12-31,7,9,true,0.971,0.0787,0.0431,0.05,-0.0289,17.41,noncurrent_plus_current,0.54,130.47,net_income,0,No change
UNH,UnitedHealth Group Incorporated,Health Care,2015-11-30,2014-12-31,7,9,true,0.971,0.0787,0.0431,0.05,-0.0289,17.41,noncurrent_plus_current,0.54,130.47,net_income,0,No change
UNH,UnitedHealth Group Incorporated,Health Care,2015-12-31,2014-12-31,7,9,true,0.971,0.0787,0.0431,0.05,-0.0289,17.41,noncurrent_plus_current,0.54,130.47,net_income,0,No change
UNH,UnitedHealth Group Incorporated,Health Care,2016-01-31,2014-12-31,7,9,true,0.971,0.0787,0.0431,0.05,-0.0289,17.41,noncurrent_plus_current,0.54,130.47,net_income,0,No change
UNH,UnitedHealth Group Incorporated,Health Care,2016-02-29,2015-12-31,5,9,true,0.8968,0.0701,0.037,0.0521,-0.0397,32.09,noncurrent_plus_current,,157.11,net_income,-2,New annual report
UNH,UnitedHealth Group Incorporated,Health Care,2016-03-31,2015-12-31,5,9,true,0.8968,0.0701,0.037,0.0521,-0.0397,32.09,noncurrent_plus_current,,157.11,net_income,0,No change
UNH,UnitedHealth Group Incorporated,Health Care,2016-04-30,2015-12-31,5,9,true,0.8968,0.0701,0.037,0.0521,-0.0397,32.09,noncurrent_plus_current,,157.11,net_income,0,No change
UNH,UnitedHealth Group Incorporated,Health Care,2016-05-31,2015-12-31,5,9,true,0.8968,0.0701,0.037,0.0521,-0.0397,31.97,noncurrent_plus_current,,157.11,net_income,0,No change
UNH,UnitedHealth Group Incorporated,Health Care,2016-06-30,2015-12-31,5,9,true,0.8968,0.0701,0.037,0.0521,-0.0397,31.97,noncurrent_plus_current,,157.11,net_income,0,No change
UNH,UnitedHealth Group Incorporated,Health Care,2016-07-31,2015-12-31,5,9,true,0.8968,0.0701,0.037,0.0521,-0.0397,31.97,noncurrent_plus_current,,157.11,net_income,0,No change
UNH,UnitedHealth Group Incorporated,Health Care,2016-08-31,2015-12-31,5,9,true,0.8968,0.0701,0.037,0.0521,-0.0397,31.97,noncurrent_plus_current,,157.11,net_income,0,No change
UNH,UnitedHealth Group Incorporated,Health Care,2016-09-30,2015-12-31,5,9,true,0.8968,0.0701,0.037,0.0521,-0.0397,31.97,noncurrent_plus_current,,157.11,net_income,0,No change
UNH,UnitedHealth Group Incorporated,Health Care,2016-10-31,2015-12-31,5,9,true,0.8968,0.0701,0.037,0.0521,-0.0397,31.97,noncurrent_plus_current,,157.11,net_income,0,No change
UNH,UnitedHealth Group Incorporated,Health Care,2016-11-30,2015-12-31,5,9,true,0.8968,0.0701,0.037,0.0521,-0.0397,31.97,noncurrent_plus_current,,157.11,net_income,0,No change
UNH,UnitedHealth Group Incorporated,Health Care,2016-12-31,2015-12-31,5,9,true,0.8968,0.0701,0.037,0.0521,-0.0397,31.97,noncurrent_plus_current,,157.11,net_income,0,No change
UNH,UnitedHealth Group Incorporated,Health Care,2017-01-31,2015-12-31,5,9,true,0.8968,0.0701,0.037,0.0521,-0.0397,31.97,noncurrent_plus_current,,157.11,net_income,0,No change
UNH,UnitedHealth Group Incorporated,Health Care,2017-02-28,2016-12-31,4,9,true,0.8679,0.07,0.038,0.0438,-0.0237,32.97,noncurrent_plus_current,,184.84,net_income,-1,New annual report
UNH,UnitedHealth Group Incorporated,Health Care,2017-03-31,2016-12-31,4,9,true,0.8679,0.07,0.038,0.0438,-0.0237,32.97,noncurrent_plus_current,,184.84,net_income,0,No change
UNH,UnitedHealth Group Incorporated,Health Care,2017-04-30,2016-12-31,4,9,true,0.8679,0.07,0.038,0.0438,-0.0237,32.97,noncurrent_plus_current,,184.84,net_income,0,No change
UNH,UnitedHealth Group Incorporated,Health Care,2017-05-31,2016-12-31,4,9,true,0.8679,0.07,0.038,0.0438,-0.0237,32.97,noncurrent_plus_current,,184.84,net_income,0,No change
UNH,UnitedHealth Group Incorporated,Health Care,2017-06-30,2016-12-31,4,9,true,0.8679,0.07,0.038,0.0438,-0.0237,32.97,noncurrent_plus_current,,184.84,net_income,0,No change
UNH,UnitedHealth Group Incorporated,Health Care,2017-07-31,2016-12-31,4,9,true,0.8679,0.07,0.038,0.0438,-0.0237,32.97,noncurrent_plus_current,,184.84,net_income,0,No change
UNH,UnitedHealth Group Incorporated,Health Care,2017-08-31,2016-12-31,4,9,true,0.8679,0.07,0.038,0.0438,-0.0237,32.97,noncurrent_plus_current,,184.84,net_income,0,No change
UNH,UnitedHealth Group Incorporated,Health Care,2017-09-30,2016-12-31,4,9,true,0.8679,0.07,0.038,0.0438,-0.0237,32.97,noncurrent_plus_current,,184.84,net_income,0,No change
UNH,UnitedHealth Group Incorporated,Health Care,2017-10-31,2016-12-31,4,9,true,0.8679,0.07,0.038,0.0438,-0.0237,32.97,noncurrent_plus_current,,184.84,net_income,0,No change
UNH,UnitedHealth Group Incorporated,Health Care,2017-11-30,2016-12-31,4,9,true,0.8679,0.07,0.038,0.0438,-0.0237,32.97,noncurrent_plus_current,,184.84,net_income,0,No change
UNH,UnitedHealth Group Incorporated,Health Care,2017-12-31,2016-12-31,4,9,true,0.8679,0.07,0.038,0.0438,-0.0237,32.97,noncurrent_plus_current,,184.84,net_income,0,No change
UNH,UnitedHealth Group Incorporated,Health Care,2018-01-31,2016-12-31,4,9,true,0.8679,0.07,0.038,0.0438,-0.0237,32.97,noncurrent_plus_current,,184.84,net_income,0,No change
UNH,UnitedHealth Group Incorporated,Health Care,2018-02-28,2017-12-31,7,9,true,0.8801,0.0756,0.0525,0.0575,-0.0232,31.69,noncurrent_plus_current,,201.16,net_income,3,New annual report
UNH,UnitedHealth Group Incorporated,Health Care,2018-03-31,2017-12-31,7,9,true,0.8801,0.0756,0.0525,0.0575,-0.0232,31.69,noncurrent_plus_current,,201.16,net_income,0,No change
UNH,UnitedHealth Group Incorporated,Health Care,2018-04-30,2017-12-31,7,9,true,0.8801,0.0756,0.0525,0.0575,-0.0232,31.69,noncurrent_plus_current,,201.16,net_income,0,No change
UNH,UnitedHealth Group Incorporated,Health Care,2018-05-31,2017-12-31,7,9,true,0.8801,0.0756,0.0525,0.0575,-0.0232,31.69,noncurrent_plus_current,,201.16,net_income,0,No change
UNH,UnitedHealth Group Incorporated,Health Care,2018-06-30,2017-12-31,7,9,true,0.8801,0.0756,0.0525,0.0575,-0.0232,31.69,noncurrent_plus_current,,201.16,net_income,0,No change
UNH,UnitedHealth Group Incorporated,Health Care,2018-07-31,2017-12-31,7,9,true,0.8801,0.0756,0.0525,0.0575,-0.0232,31.69,noncurrent_plus_current,,201.16,net_income,0,No change
UNH,UnitedHealth Group Incorporated,Health Care,2018-08-31,2017-12-31,7,9,true,0.8801,0.0756,0.0525,0.0575,-0.0232,31.69,noncurrent_plus_current,,201.16,net_income,0,No change
UNH,UnitedHealth Group Incorporated,Health Care,2018-09-30,2017-12-31,7,9,true,0.8801,0.0756,0.0525,0.0575,-0.0232,31.69,noncurrent_plus_current,,201.16,net_income,0,No change
UNH,UnitedHealth Group Incorporated,Health Care,2018-10-31,2017-12-31,7,9,true,0.8801,0.0756,0.0525,0.0575,-0.0232,31.69,noncurrent_plus_current,,201.16,net_income,0,No change
UNH,UnitedHealth Group Incorporated,Health Care,2018-11-30,2017-12-31,7,9,true,0.8801,0.0756,0.0525,0.0575,-0.0232,31.69,noncurrent_plus_current,,201.16,net_income,0,No change
UNH,UnitedHealth Group Incorporated,Health Care,2018-12-31,2017-12-31,7,9,true,0.8801,0.0756,0.0525,0.0575,-0.0232,31.69,noncurrent_plus_current,,201.16,net_income,0,No change
UNH,UnitedHealth Group Incorporated,Health Care,2019-01-31,2017-12-31,7,9,true,0.8801,0.0756,0.0525,0.0575,-0.0232,31.69,noncurrent_plus_current,,201.16,net_income,0,No change
UNH,UnitedHealth Group Incorporated,Health Care,2019-02-28,2018-12-31,6,9,true,0.8807,0.0767,0.053,0.0603,-0.0256,36.55,noncurrent_plus_current,,226.25,net_income,-1,New annual report
UNH,UnitedHealth Group Incorporated,Health Care,2019-03-31,2018-12-31,6,9,true,0.8807,0.0767,0.053,0.0603,-0.0256,36.55,noncurrent_plus_current,,226.25,net_income,0,No change
UNH,UnitedHealth Group Incorporated,Health Care,2019-04-30,2018-12-31,6,9,true,0.8807,0.0767,0.053,0.0603,-0.0256,36.55,noncurrent_plus_current,,226.25,net_income,0,No change
UNH,UnitedHealth Group Incorporated,Health Care,2019-05-31,2018-12-31,6,9,true,0.8807,0.0767,0.053,0.0603,-0.0256,36.55,noncurrent_plus_current,,226.25,net_income,0,No change
UNH,UnitedHealth Group Incorporated,Health Care,2019-06-30,2018-12-31,6,9,true,0.8807,0.0767,0.053,0.0603,-0.0256,36.55,noncurrent_plus_current,,226.25,net_income,0,No change
UNH,UnitedHealth Group Incorporated,Health Care,2019-07-31,2018-12-31,6,9,true,0.8807,0.0767,0.053,0.0603,-0.0256,36.55,noncurrent_plus_current,,226.25,net_income,0,No change
UNH,UnitedHealth Group Incorporated,Health Care,2019-08-31,2018-12-31,6,9,true,0.8807,0.0767,0.053,0.0603,-0.0256,36.55,noncurrent_plus_current,,226.25,net_income,0,No change
UNH,UnitedHealth Group Incorporated,Health Care,2019-09-30,2018-12-31,6,9,true,0.8807,0.0767,0.053,0.0603,-0.0256,36.55,noncurrent_plus_current,,226.25,net_income,0,No change
UNH,UnitedHealth Group Incorporated,Health Care,2019-10-31,2018-12-31,6,9,true,0.8807,0.0767,0.053,0.0603,-0.0256,36.55,noncurrent_plus_current,,226.25,net_income,0,No change
UNH,UnitedHealth Group Incorporated,Health Care,2019-11-30,2018-12-31,6,9,true,0.8807,0.0767,0.053,0.0603,-0.0256,36.55,noncurrent_plus_current,,226.25,net_income,0,No change
UNH,UnitedHealth Group Incorporated,Health Care,2019-12-31,2018-12-31,6,9,true,0.8807,0.0767,0.053,0.0603,-0.0256,36.55,noncurrent_plus_current,,226.25,net_income,0,No change
UNH,UnitedHealth Group Incorporated,Health Care,2020-01-31,2018-12-31,6,9,true,0.8807,0.0767,0.053,0.0603,-0.0256,36.55,noncurrent_plus_current,,226.25,net_income,0,No change
UNH,UnitedHealth Group Incorporated,Health Care,2020-02-29,2019-12-31,7,9,true,0.8839,0.0813,0.0571,0.0677,-0.0284,40.68,noncurrent_plus_current,,242.16,net_income,1,New annual report
UNH,UnitedHealth Group Incorporated,Health Care,2020-03-31,2019-12-31,7,9,true,0.8839,0.0813,0.0571,0.0677,-0.0284,40.68,noncurrent_plus_current,,242.16,net_income,0,No change
UNH,UnitedHealth Group Incorporated,Health Care,2020-04-30,2019-12-31,7,9,true,0.8839,0.0813,0.0571,0.0677,-0.0284,40.68,noncurrent_plus_current,,242.16,net_income,0,No change
UNH,UnitedHealth Group Incorporated,Health Care,2020-05-31,2019-12-31,7,9,true,0.8839,0.0813,0.0571,0.0677,-0.0284,40.68,noncurrent_plus_current,,242.16,net_income,0,No change
UNH,UnitedHealth Group Incorporated,Health Care,2020-06-30,2019-12-31,7,9,true,0.8839,0.0813,0.0571,0.0677,-0.0284,40.68,noncurrent_plus_current,,242.16,net_income,0,No change
UNH,UnitedHealth Group Incorporated,Health Care,2020-07-31,2019-12-31,7,9,true,0.8839,0.0813,0.0571,0.0677,-0.0284,40.68,noncurrent_plus_current,,242.16,net_income,0,No change
UNH,UnitedHealth Group Incorporated,Health Care,2020-08-31,2019-12-31,7,9,true,0.8839,0.0813,0.0571,0.0677,-0.0284,40.68,noncurrent_plus_current,,242.16,net_income,0,No change
UNH,UnitedHealth Group Incorporated,Health Care,2020-09-30,2019-12-31,7,9,true,0.8839,0.0813,0.0571,0.0677,-0.0284,40.68,noncurrent_plus_current,,242.16,net_income,0,No change
UNH,UnitedHealth Group Incorporated,Health Care,2020-10-31,2019-12-31,7,9,true,0.8839,0.0813,0.0571,0.0677,-0.0284,40.68,noncurrent_plus_current,,242.16,net_income,0,No change
UNH,UnitedHealth Group Incorporated,Health Care,2020-11-30,2019-12-31,7,9,true,0.8839,0.0813,0.0571,0.0677,-0.0284,40.68,noncurrent_plus_current,,242.16,net_income,0,No change
UNH,UnitedHealth Group Incorporated,Health Care,2020-12-31,2019-12-31,7,9,true,0.8839,0.0813,0.0571,0.0677,-0.0284,40.68,noncurrent_plus_current,,242.16,net_income,0,No change
UNH,UnitedHealth Group Incorporated,Health Care,2021-01-31,2019-12-31,7,9,true,0.8839,0.0813,0.0571,0.0677,-0.0284,40.68,noncurrent_plus_current,,242.16,net_income,0,No change
UNH,UnitedHealth Group Incorporated,Health Care,2021-02-28,2019-12-31,7,9,true,0.8839,0.0813,0.0571,0.0677,-0.0284,40.68,noncurrent_plus_current,,242.16,net_income,0,No change
UNH,UnitedHealth Group Incorporated,Health Care,2021-03-31,2020-12-31,6,9,true,0.8804,0.0871,0.0599,0.0783,-0.0365,43.47,noncurrent_plus_current,,257.14,net_income,-1,New annual report
UNH,UnitedHealth Group Incorporated,Health Care,2021-04-30,2020-12-31,6,9,true,0.8804,0.0871,0.0599,0.0783,-0.0365,43.47,noncurrent_plus_current,,257.14,net_income,0,No change
UNH,UnitedHealth Group Incorporated,Health Care,2021-05-31,2020-12-31,6,9,true,0.8804,0.0871,0.0599,0.0783,-0.0365,43.47,noncurrent_plus_current,,257.14,net_income,0,No change
UNH,UnitedHealth Group Incorporated,Health Care,2021-06-30,2020-12-31,6,9,true,0.8804,0.0871,0.0599,0.0783,-0.0365,43.47,noncurrent_plus_current,,257.14,net_income,0,No change
UNH,UnitedHealth Group Incorporated,Health Care,2021-07-31,2020-12-31,6,9,true,0.8804,0.0871,0.0599,0.0783,-0.0365,43.47,noncurrent_plus_current,,257.14,net_income,0,No change
UNH,UnitedHealth Group Incorporated,Health Care,2021-08-31,2020-12-31,6,9,true,0.8804,0.0871,0.0599,0.0783,-0.0365,43.47,noncurrent_plus_current,,257.14,net_income,0,No change
UNH,UnitedHealth Group Incorporated,Health Care,2021-09-30,2020-12-31,6,9,true,0.8804,0.0871,0.0599,0.0783,-0.0365,43.47,noncurrent_plus_current,,257.14,net_income,0,No change
UNH,UnitedHealth Group Incorporated,Health Care,2021-10-31,2020-12-31,6,9,true,0.8804,0.0871,0.0599,0.0783,-0.0365,43.47,noncurrent_plus_current,,257.14,net_income,0,No change
UNH,UnitedHealth Group Incorporated,Health Care,2021-11-30,2020-12-31,6,9,true,0.8804,0.0871,0.0599,0.0783,-0.0365,43.47,noncurrent_plus_current,,257.14,net_income,0,No change
UNH,UnitedHealth Group Incorporated,Health Care,2021-12-31,2020-12-31,6,9,true,0.8804,0.0871,0.0599,0.0783,-0.0365,43.47,noncurrent_plus_current,,257.14,net_income,0,No change
UNH,UnitedHealth Group Incorporated,Health Care,2022-01-31,2020-12-31,6,9,true,0.8804,0.0871,0.0599,0.0783,-0.0365,43.47,noncurrent_plus_current,,257.14,net_income,0,No change
UNH,UnitedHealth Group Incorporated,Health Care,2022-02-28,2021-12-31,7,9,true,0.8921,0.0833,0.0601,0.0692,-0.0247,46.0,noncurrent_plus_current,,287.6,net_income,1,New annual report
UNH,UnitedHealth Group Incorporated,Health Care,2022-03-31,2021-12-31,7,9,true,0.8921,0.0833,0.0601,0.0692,-0.0247,46.0,noncurrent_plus_current,,287.6,net_income,0,No change
UNH,UnitedHealth Group Incorporated,Health Care,2022-04-30,2021-12-31,7,9,true,0.8921,0.0833,0.0601,0.0692,-0.0247,46.0,noncurrent_plus_current,,287.6,net_income,0,No change
UNH,UnitedHealth Group Incorporated,Health Care,2022-05-31,2021-12-31,7,9,true,0.8921,0.0833,0.0601,0.0692,-0.0247,46.0,noncurrent_plus_current,,287.6,net_income,0,No change
UNH,UnitedHealth Group Incorporated,Health Care,2022-06-30,2021-12-31,7,9,true,0.8921,0.0833,0.0601,0.0692,-0.0247,46.0,noncurrent_plus_current,,287.6,net_income,0,No change
UNH,UnitedHealth Group Incorporated,Health Care,2022-07-31,2021-12-31,7,9,true,0.8921,0.0833,0.0601,0.0692,-0.0247,46.0,noncurrent_plus_current,,287.6,net_income,0,No change
UNH,UnitedHealth Group Incorporated,Health Care,2022-08-31,2021-12-31,7,9,true,0.8921,0.0833,0.0601,0.0692,-0.0247,46.0,noncurrent_plus_current,,287.6,net_income,0,No change
UNH,UnitedHealth Group Incorporated,Health Care,2022-09-30,2021-12-31,7,9,true,0.8921,0.0833,0.0601,0.0692,-0.0247,46.0,noncurrent_plus_current,,287.6,net_income,0,No change
UNH,UnitedHealth Group Incorporated,Health Care,2022-10-31,2021-12-31,7,9,true,0.8921,0.0833,0.0601,0.0692,-0.0247,46.0,noncurrent_plus_current,,287.6,net_income,0,No change
UNH,UnitedHealth Group Incorporated,Health Care,2022-11-30,2021-12-31,7,9,true,0.8921,0.0833,0.0601,0.0692,-0.0247,46.0,noncurrent_plus_current,,287.6,net_income,0,No change
UNH,UnitedHealth Group Incorporated,Health Care,2022-12-31,2021-12-31,7,9,true,0.8921,0.0833,0.0601,0.0692,-0.0247,46.0,noncurrent_plus_current,,287.6,net_income,0,No change
UNH,UnitedHealth Group Incorporated,Health Care,2023-01-31,2021-12-31,7,9,true,0.8921,0.0833,0.0601,0.0692,-0.0247,46.0,noncurrent_plus_current,,287.6,net_income,0,No change
UNH,UnitedHealth Group Incorporated,Health Care,2023-02-28,2022-12-31,7,9,true,0.896,0.0877,0.0621,0.0722,-0.0266,54.51,noncurrent_plus_current,,324.16,net_income,0,No change
UNH,UnitedHealth Group Incorporated,Health Care,2023-03-31,2022-12-31,7,9,true,0.896,0.0877,0.0621,0.0722,-0.0266,54.51,noncurrent_plus_current,,324.16,net_income,0,No change
UNH,UnitedHealth Group Incorporated,Health Care,2023-04-30,2022-12-31,7,9,true,0.896,0.0877,0.0621,0.0722,-0.0266,54.51,noncurrent_plus_current,,324.16,net_income,0,No change
UNH,UnitedHealth Group Incorporated,Health Care,2023-05-31,2022-12-31,7,9,true,0.896,0.0877,0.0621,0.0722,-0.0266,54.51,noncurrent_plus_current,,324.16,net_income,0,No change
UNH,UnitedHealth Group Incorporated,Health Care,2023-06-30,2022-12-31,7,9,true,0.896,0.0877,0.0621,0.0722,-0.0266,54.51,noncurrent_plus_current,,324.16,net_income,0,No change
UNH,UnitedHealth Group Incorporated,Health Care,2023-07-31,2022-12-31,7,9,true,0.896,0.0877,0.0621,0.0722,-0.0266,54.51,noncurrent_plus_current,,324.16,net_income,0,No change
UNH,UnitedHealth Group Incorporated,Health Care,2023-08-31,2022-12-31,7,9,true,0.896,0.0877,0.0621,0.0722,-0.0266,54.51,noncurrent_plus_current,,324.16,net_income,0,No change
UNH,UnitedHealth Group Incorporated,Health Care,2023-09-30,2022-12-31,7,9,true,0.896,0.0877,0.0621,0.0722,-0.0266,54.51,noncurrent_plus_current,,324.16,net_income,0,No change
UNH,UnitedHealth Group Incorporated,Health Care,2023-10-31,2022-12-31,7,9,true,0.896,0.0877,0.0621,0.0722,-0.0266,54.51,noncurrent_plus_current,,324.16,net_income,0,No change
UNH,UnitedHealth Group Incorporated,Health Care,2023-11-30,2022-12-31,7,9,true,0.896,0.0877,0.0621,0.0722,-0.0266,54.51,noncurrent_plus_current,,324.16,net_income,0,No change
UNH,UnitedHealth Group Incorporated,Health Care,2023-12-31,2022-12-31,7,9,true,0.896,0.0877,0.0621,0.0722,-0.0266,54.51,noncurrent_plus_current,,324.16,net_income,0,No change
UNH,UnitedHealth Group Incorporated,Health Care,2024-01-31,2022-12-31,7,9,true,0.896,0.0877,0.0621,0.0722,-0.0266,54.51,noncurrent_plus_current,,324.16,net_income,0,No change
UNH,UnitedHealth Group Incorporated,Health Care,2024-02-29,2023-12-31,6,9,true,0.8957,0.0871,0.0602,0.0691,-0.0257,58.26,noncurrent_plus_current,,371.62,net_income,-1,New annual report
UNH,UnitedHealth Group Incorporated,Health Care,2024-03-31,2023-12-31,6,9,true,0.8957,0.0871,0.0602,0.0691,-0.0257,58.26,noncurrent_plus_current,,371.62,net_income,0,No change
UNH,UnitedHealth Group Incorporated,Health Care,2024-04-30,2023-12-31,6,9,true,0.8957,0.0871,0.0602,0.0691,-0.0257,58.26,noncurrent_plus_current,,371.62,net_income,0,No change
UNH,UnitedHealth Group Incorporated,Health Care,2024-05-31,2023-12-31,6,9,true,0.8957,0.0871,0.0602,0.0691,-0.0257,58.26,noncurrent_plus_current,,371.62,net_income,0,No change
UNH,UnitedHealth Group Incorporated,Health Care,2024-06-30,2023-12-31,6,9,true,0.8957,0.0871,0.0602,0.0691,-0.0257,58.26,noncurrent_plus_current,,371.62,net_income,0,No change
UNH,UnitedHealth Group Incorporated,Health Care,2024-07-31,2023-12-31,6,9,true,0.8957,0.0871,0.0602,0.0691,-0.0257,58.26,noncurrent_plus_current,,371.62,net_income,0,No change
UNH,UnitedHealth Group Incorporated,Health Care,2024-08-31,2023-12-31,6,9,true,0.8957,0.0871,0.0602,0.0691,-0.0257,58.26,noncurrent_plus_current,,371.62,net_income,0,No change
UNH,UnitedHealth Group Incorporated,Health Care,2024-09-30,2023-12-31,6,9,true,0.8957,0.0871,0.0602,0.0691,-0.0257,58.26,noncurrent_plus_current,,371.62,net_income,0,No change
UNH,UnitedHealth Group Incorporated,Health Care,2024-10-31,2023-12-31,6,9,true,0.8957,0.0871,0.0602,0.0691,-0.0257,58.26,noncurrent_plus_current,,371.62,net_income,0,No change
UNH,UnitedHealth Group Incorporated,Health Care,2024-11-30,2023-12-31,6,9,true,0.8957,0.0871,0.0602,0.0691,-0.0257,58.26,noncurrent_plus_current,,371.62,net_income,0,No change
UNH,UnitedHealth Group Incorporated,Health Care,2024-12-31,2023-12-31,6,9,true,0.8957,0.0871,0.0602,0.0691,-0.0257,58.26,noncurrent_plus_current,,371.62,net_income,0,No change
UNH,UnitedHealth Group Incorporated,Health Care,2025-01-31,2023-12-31,6,9,true,0.8957,0.0871,0.0602,0.0691,-0.0257,58.26,noncurrent_plus_current,,371.62,net_income,0,No change
UNH,UnitedHealth Group Incorporated,Health Care,2025-02-28,2024-12-31,5,9,true,0.8833,0.0807,0.036,0.0517,-0.0343,72.36,noncurrent_plus_current,,400.28,net_income,-1,New annual report
UNH,UnitedHealth Group Incorporated,Health Care,2025-03-31,2024-12-31,5,9,true,0.8833,0.0807,0.036,0.0517,-0.0343,72.36,noncurrent_plus_current,,400.28,net_income,0,No change
UNH,UnitedHealth Group Incorporated,Health Care,2025-04-30,2024-12-31,5,9,true,0.8833,0.0807,0.036,0.0517,-0.0343,72.36,noncurrent_plus_current,,400.28,net_income,0,No change
UNH,UnitedHealth Group Incorporated,Health Care,2025-05-31,2024-12-31,5,9,true,0.8833,0.0807,0.036,0.0517,-0.0343,72.36,noncurrent_plus_current,,400.28,net_income,0,No change
UNH,UnitedHealth Group Incorporated,Health Care,2025-06-30,2024-12-31,5,9,true,0.8833,0.0807,0.036,0.0517,-0.0343,72.36,noncurrent_plus_current,,400.28,net_income,0,No change
UNH,UnitedHealth Group Incorporated,Health Care,2025-07-31,2024-12-31,5,9,true,0.8833,0.0807,0.036,0.0517,-0.0343,72.36,noncurrent_plus_current,,400.28,net_income,0,No change
UNH,UnitedHealth Group Incorporated,Health Care,2025-08-31,2024-12-31,5,9,true,0.8833,0.0807,0.036,0.0517,-0.0343,72.36,noncurrent_plus_current,,400.28,net_income,0,No change
UNH,UnitedHealth Group Incorporated,Health Care,2025-09-30,2024-12-31,5,9,true,0.8833,0.0807,0.036,0.0517,-0.0343,72.36,noncurrent_plus_current,,400.28,net_income,0,No change
UNH,UnitedHealth Group Incorporated,Health Care,2025-10-31,2024-12-31,5,9,true,0.8833,0.0807,0.036,0.0517,-0.0343,72.36,noncurrent_plus_current,,400.28,net_income,0,No change
UNH,UnitedHealth Group Incorporated,Health Care,2025-11-30,2024-12-31,5,9,true,0.8833,0.0807,0.036,0.0517,-0.0343,72.36,noncurrent_plus_current,,400.28,net_income,0,No change
UNH,UnitedHealth Group Incorporated,Health Care,2025-12-31,2024-12-31,5,9,true,0.8833,0.0807,0.036,0.0517,-0.0343,72.36,noncurrent_plus_current,,400.28,net_income,0,No change
UNH,UnitedHealth Group Incorporated,Health Care,2026-01-31,2024-12-31,5,9,true,0.8833,0.0807,0.036,0.0517,-0.0343,72.36,noncurrent_plus_current,,400.28,net_income,0,No change
UNH,UnitedHealth Group Incorporated,Health Care,2026-02-28,2024-12-31,5,9,true,0.8833,0.0807,0.036,0.0517,-0.0343,72.36,noncurrent_plus_current,,400.28,net_income,0,No change
UNH,UnitedHealth Group Incorporated,Health Care,2026-03-31,2025-12-31,7,9,true,0.8868,0.0424,0.0269,0.0359,-0.0251,72.32,noncurrent_plus_current,,447.57,net_income,2,New annual report
UNH,UnitedHealth Group Incorporated,Health Care,2026-04-30,2025-12-31,7,9,true,0.8868,0.0424,0.0269,0.0359,-0.0251,72.32,noncurrent_plus_current,,447.57,net_income,0,No change
UNH,UnitedHealth Group Incorporated,Health Care,2026-05-31,2025-12-31,7,9,true,0.8868,0.0424,0.0269,0.0359,-0.0251,72.32,noncurrent_plus_current,,447.57,net_income,0,No change
UNH,UnitedHealth Group Incorporated,Health Care,2026-06-30,2025-12-31,7,9,true,0.8868,0.0424,0.0269,0.0359,-0.0251,72.32,noncurrent_plus_current,,447.57,net_income,0,No change
UNH,UnitedHealth Group Incorporated,Health Care,2026-07-31,2025-12-31,7,9,true,0.8868,0.0424,0.0269,0.0359,-0.0251,72.32,noncurrent_plus_current,,447.57,net_income,0,No change
UNH,UnitedHealth Group Incorporated,Health Care,2026-08-31,2025-12-31,7,9,true,0.8868,0.0424,0.0269,0.0359,-0.0251,72.32,noncurrent_plus_current,,447.57,net_income,0,No change
UNH,UnitedHealth Group Incorporated,Health Care,2026-09-30,2025-12-31,7,9,true,0.8868,0.0424,0.0269,0.0359,-0.0251,72.32,noncurrent_plus_current,,447.57,net_income,0,No change
VZ,VERIZON COMMUNICATIONS INC,Communication Services,2010-02-28,2009-12-31,4,6,false,0.5891,0.1301,0.0339,,-0.13,,,,107.81,net_income,,No change
VZ,VERIZON COMMUNICATIONS INC,Communication Services,2010-03-31,2009-12-31,4,6,false,0.5891,0.1301,0.0339,,-0.13,,,,107.81,net_income,0,No change
VZ,VERIZON COMMUNICATIONS INC,Communication Services,2010-04-30,2009-12-31,4,6,false,0.5891,0.1301,0.0339,,-0.13,,,,107.81,net_income,0,No change
VZ,VERIZON COMMUNICATIONS INC,Communication Services,2010-05-31,2009-12-31,4,6,false,0.5891,0.1301,0.0339,,-0.13,,,,107.81,net_income,0,No change
VZ,VERIZON COMMUNICATIONS INC,Communication Services,2010-06-30,2009-12-31,4,6,false,0.5891,0.1301,0.0339,,-0.13,,,,107.81,net_income,0,No change
VZ,VERIZON COMMUNICATIONS INC,Communication Services,2010-07-31,2009-12-31,4,6,false,0.5891,0.1301,0.0339,,-0.13,,,,107.81,net_income,0,No change
VZ,VERIZON COMMUNICATIONS INC,Communication Services,2010-08-31,2009-12-31,4,6,false,0.5891,0.1301,0.0339,,-0.13,,,,107.81,net_income,0,No change
VZ,VERIZON COMMUNICATIONS INC,Communication Services,2010-09-30,2009-12-31,4,6,false,0.5891,0.1301,0.0339,,-0.13,,,,107.81,net_income,0,No change
VZ,VERIZON COMMUNICATIONS INC,Communication Services,2010-10-31,2009-12-31,4,6,false,0.5891,0.1301,0.0339,,-0.13,,,,107.81,net_income,0,No change
VZ,VERIZON COMMUNICATIONS INC,Communication Services,2010-11-30,2009-12-31,4,6,false,0.5891,0.1301,0.0339,,-0.13,,,,107.81,net_income,0,No change
VZ,VERIZON COMMUNICATIONS INC,Communication Services,2010-12-31,2009-12-31,4,6,false,0.5891,0.1301,0.0339,,-0.13,,,,107.81,net_income,0,No change
VZ,VERIZON COMMUNICATIONS INC,Communication Services,2011-01-31,2009-12-31,4,6,false,0.5891,0.1301,0.0339,,-0.13,,,,107.81,net_income,0,No change
VZ,VERIZON COMMUNICATIONS INC,Communication Services,2011-02-28,2009-12-31,4,6,false,0.5891,0.1301,0.0339,,-0.13,,,,107.81,net_income,0,No change
VZ,VERIZON COMMUNICATIONS INC,Communication Services,2011-03-31,2010-12-31,5,9,true,0.5857,0.1374,0.0239,,-0.1379,52.79,long_term_debt_incl_current,,106.57,net_income,1,New annual report
VZ,VERIZON COMMUNICATIONS INC,Communication Services,2011-04-30,2010-12-31,5,9,true,0.5857,0.1374,0.0239,,-0.1379,52.79,long_term_debt_incl_current,,106.57,net_income,0,No change
VZ,VERIZON COMMUNICATIONS INC,Communication Services,2011-05-31,2010-12-31,5,9,true,0.5857,0.1374,0.0239,,-0.1379,52.79,long_term_debt_incl_current,,106.57,net_income,0,No change
VZ,VERIZON COMMUNICATIONS INC,Communication Services,2011-06-30,2010-12-31,5,9,true,0.5857,0.1374,0.0239,,-0.1379,52.79,long_term_debt_incl_current,,106.57,net_income,0,No change
VZ,VERIZON COMMUNICATIONS INC,Communication Services,2011-07-31,2010-12-31,5,9,true,0.5857,0.1374,0.0239,,-0.1379,52.79,long_term_debt_incl_current,,106.57,net_income,0,No change
VZ,VERIZON COMMUNICATIONS INC,Communication Services,2011-08-31,2010-12-31,5,9,true,0.5857,0.1374,0.0239,,-0.1379,52.79,long_term_debt_incl_current,,106.57,net_income,0,No change
VZ,VERIZON COMMUNICATIONS INC,Communication Services,2011-09-30,2010-12-31,5,9,true,0.5857,0.1374,0.0239,,-0.1379,52.79,long_term_debt_incl_current,,106.57,net_income,0,No change
VZ,VERIZON COMMUNICATIONS INC,Communication Services,2011-10-31,2010-12-31,5,9,true,0.5857,0.1374,0.0239,,-0.1379,52.79,long_term_debt_incl_current,,106.57,net_income,0,No change
VZ,VERIZON COMMUNICATIONS INC,Communication Services,2011-11-30,2010-12-31,5,9,true,0.5857,0.1374,0.0239,,-0.1379,52.79,long_term_debt_incl_current,,106.57,net_income,0,No change
VZ,VERIZON COMMUNICATIONS INC,Communication Services,2011-12-31,2010-12-31,5,9,true,0.5857,0.1374,0.0239,,-0.1379,52.79,long_term_debt_incl_current,,106.57,net_income,0,No change
VZ,VERIZON COMMUNICATIONS INC,Communication Services,2012-01-31,2010-12-31,5,9,true,0.5857,0.1374,0.0239,,-0.1379,52.79,long_term_debt_incl_current,,106.57,net_income,0,No change
VZ,VERIZON COMMUNICATIONS INC,Communication Services,2012-02-29,2011-12-31,6,9,true,0.5862,0.1162,0.0217,,-0.1215,55.15,long_term_debt_incl_current,,110.88,net_income,1,New annual report
VZ,VERIZON COMMUNICATIONS INC,Communication Services,2012-03-31,2011-12-31,6,9,true,0.5862,0.1162,0.0217,,-0.1215,55.15,long_term_debt_incl_current,,110.88,net_income,0,No change
VZ,VERIZON COMMUNICATIONS INC,Communication Services,2012-04-30,2011-12-31,6,9,true,0.5862,0.1162,0.0217,,-0.1215,55.15,long_term_debt_incl_current,,110.88,net_income,0,No change
VZ,VERIZON COMMUNICATIONS INC,Communication Services,2012-05-31,2011-12-31,6,9,true,0.5862,0.1162,0.0217,,-0.1215,55.15,long_term_debt_incl_current,,110.88,net_income,0,No change
VZ,VERIZON COMMUNICATIONS INC,Communication Services,2012-06-30,2011-12-31,6,9,true,0.5862,0.1162,0.0217,,-0.1215,55.15,long_term_debt_incl_current,,110.88,net_income,0,No change
VZ,VERIZON COMMUNICATIONS INC,Communication Services,2012-07-31,2011-12-31,6,9,true,0.5862,0.1162,0.0217,,-0.1215,55.15,long_term_debt_incl_current,,110.88,net_income,0,No change
VZ,VERIZON COMMUNICATIONS INC,Communication Services,2012-08-31,2011-12-31,6,9,true,0.5862,0.1162,0.0217,,-0.1215,55.15,long_term_debt_incl_current,,110.88,net_income,0,No change
VZ,VERIZON COMMUNICATIONS INC,Communication Services,2012-09-30,2011-12-31,6,9,true,0.5862,0.1162,0.0217,,-0.1215,55.15,long_term_debt_incl_current,,110.88,net_income,0,No change
VZ,VERIZON COMMUNICATIONS INC,Communication Services,2012-10-31,2011-12-31,6,9,true,0.5862,0.1162,0.0217,,-0.1215,55.15,long_term_debt_incl_current,,110.88,net_income,0,No change
VZ,VERIZON COMMUNICATIONS INC,Communication Services,2012-11-30,2011-12-31,6,9,true,0.5862,0.1162,0.0217,,-0.1215,55.15,long_term_debt_incl_current,,110.88,net_income,0,No change
VZ,VERIZON COMMUNICATIONS INC,Communication Services,2012-12-31,2011-12-31,6,9,true,0.5862,0.1162,0.0217,,-0.1215,55.15,long_term_debt_incl_current,,110.88,net_income,0,No change
VZ,VERIZON COMMUNICATIONS INC,Communication Services,2013-01-31,2011-12-31,6,9,true,0.5862,0.1162,0.0217,,-0.1215,55.15,long_term_debt_incl_current,,110.88,net_income,0,No change
VZ,VERIZON COMMUNICATIONS INC,Communication Services,2013-02-28,2012-12-31,5,9,true,0.6005,0.1136,0.0076,,-0.1344,51.99,long_term_debt_incl_current,,115.85,net_income,-1,New annual report
VZ,VERIZON COMMUNICATIONS INC,Communication Services,2013-03-31,2012-12-31,5,9,true,0.6005,0.1136,0.0076,,-0.1344,51.99,long_term_debt_incl_current,,115.85,net_income,0,No change
VZ,VERIZON COMMUNICATIONS INC,Communication Services,2013-04-30,2012-12-31,5,9,true,0.6005,0.1136,0.0076,,-0.1344,51.99,long_term_debt_incl_current,,115.85,net_income,0,No change
VZ,VERIZON COMMUNICATIONS INC,Communication Services,2013-05-31,2012-12-31,5,9,true,0.6005,0.1136,0.0076,,-0.1344,51.99,long_term_debt_incl_current,,115.85,net_income,0,No change
VZ,VERIZON COMMUNICATIONS INC,Communication Services,2013-06-30,2012-12-31,5,9,true,0.6005,0.1136,0.0076,,-0.1344,51.99,long_term_debt_incl_current,,115.85,net_income,0,No change
VZ,VERIZON COMMUNICATIONS INC,Communication Services,2013-07-31,2012-12-31,5,9,true,0.6005,0.1136,0.0076,,-0.1344,51.99,long_term_debt_incl_current,,115.85,net_income,0,No change
VZ,VERIZON COMMUNICATIONS INC,Communication Services,2013-08-31,2012-12-31,5,9,true,0.6005,0.1136,0.0076,,-0.1344,51.99,long_term_debt_incl_current,,115.85,net_income,0,No change
VZ,VERIZON COMMUNICATIONS INC,Communication Services,2013-09-30,2012-12-31,5,9,true,0.6005,0.1136,0.0076,,-0.1344,51.99,long_term_debt_incl_current,,115.85,net_income,0,No change
VZ,VERIZON COMMUNICATIONS INC,Communication Services,2013-10-31,2012-12-31,5,9,true,0.6005,0.1136,0.0076,,-0.1344,51.99,long_term_debt_incl_current,,115.85,net_income,0,No change
VZ,VERIZON COMMUNICATIONS INC,Communication Services,2013-11-30,2012-12-31,5,9,true,0.6005,0.1136,0.0076,,-0.1344,51.99,long_term_debt_incl_current,,115.85,net_income,0,No change
VZ,VERIZON COMMUNICATIONS INC,Communication Services,2013-12-31,2012-12-31,5,9,true,0.6005,0.1136,0.0076,,-0.1344,51.99,long_term_debt_incl_current,,115.85,net_income,0,No change
VZ,VERIZON COMMUNICATIONS INC,Communication Services,2014-01-31,2012-12-31,5,9,true,0.6005,0.1136,0.0076,,-0.1344,51.99,long_term_debt_incl_current,,115.85,net_income,0,No change
VZ,VERIZON COMMUNICATIONS INC,Communication Services,2014-02-28,2013-12-31,7,9,true,0.6276,0.2652,0.0954,,-0.1094,93.59,long_term_debt_incl_current,,120.55,net_income,2,New annual report
VZ,VERIZON COMMUNICATIONS INC,Communication Services,2014-03-31,2013-12-31,7,9,true,0.6276,0.2652,0.0954,,-0.1094,93.59,long_term_debt_incl_current,,120.55,net_income,0,No change
VZ,VERIZON COMMUNICATIONS INC,Communication Services,2014-04-30,2013-12-31,7,9,true,0.6276,0.2652,0.0954,,-0.1094,93.59,long_term_debt_incl_current,,120.55,net_income,0,No change
VZ,VERIZON COMMUNICATIONS INC,Communication Services,2014-05-31,2013-12-31,7,9,true,0.6276,0.2652,0.0954,,-0.1094,93.59,long_term_debt_incl_current,,120.55,net_income,0,No change
VZ,VERIZON COMMUNICATIONS INC,Communication Services,2014-06-30,2013-12-31,7,9,true,0.6276,0.2652,0.0954,,-0.1094,93.59,long_term_debt_incl_current,,120.55,net_income,0,No change
VZ,VERIZON COMMUNICATIONS INC,Communication Services,2014-07-31,2013-12-31,7,9,true,0.6276,0.2652,0.0954,,-0.1094,93.59,long_term_debt_incl_current,,120.55,net_income,0,No change
VZ,VERIZON COMMUNICATIONS INC,Communication Services,2014-08-31,2013-12-31,7,9,true,0.6276,0.2652,0.0954,,-0.1094,93.59,long_term_debt_incl_current,,120.55,net_income,0,No change
VZ,VERIZON COMMUNICATIONS INC,Communication Services,2014-09-30,2013-12-31,7,9,true,0.6276,0.2652,0.0954,,-0.1094,93.59,long_term_debt_incl_current,,120.55,net_income,0,No change
VZ,VERIZON COMMUNICATIONS INC,Communication Services,2014-10-31,2013-12-31,7,9,true,0.6276,0.2652,0.0954,,-0.1094,93.59,long_term_debt_incl_current,,120.55,net_income,0,No change
VZ,VERIZON COMMUNICATIONS INC,Communication Services,2014-11-30,2013-12-31,7,9,true,0.6276,0.2652,0.0954,,-0.1094,93.59,long_term_debt_incl_current,,120.55,net_income,0,No change
VZ,VERIZON COMMUNICATIONS INC,Communication Services,2014-12-31,2013-12-31,7,9,true,0.6276,0.2652,0.0954,,-0.1094,93.59,long_term_debt_incl_current,,120.55,net_income,0,No change
VZ,VERIZON COMMUNICATIONS INC,Communication Services,2015-01-31,2013-12-31,7,9,true,0.6276,0.2652,0.0954,,-0.1094,93.59,long_term_debt_incl_current,,120.55,net_income,0,No change
VZ,VERIZON COMMUNICATIONS INC,Communication Services,2015-02-28,2014-12-31,3,8,false,0.6071,0.1542,0.0757,,-0.0829,112.95,incl_finance_leases,,127.08,net_income,-4,New annual report
VZ,VERIZON COMMUNICATIONS INC,Communication Services,2015-03-31,2014-12-31,3,8,false,0.6071,0.1542,0.0757,,-0.0829,112.95,incl_finance_leases,,127.08,net_income,0,No change
VZ,VERIZON COMMUNICATIONS INC,Communication Services,2015-04-30,2014-12-31,3,8,false,0.6071,0.1542,0.0757,,-0.0829,112.95,incl_finance_leases,,127.08,net_income,0,No change
VZ,VERIZON COMMUNICATIONS INC,Communication Services,2015-05-31,2014-12-31,3,8,false,0.6071,0.1542,0.0757,,-0.0829,112.95,incl_finance_leases,,127.08,net_income,0,No change
VZ,VERIZON COMMUNICATIONS INC,Communication Services,2015-06-30,2014-12-31,3,8,false,0.6071,0.1542,0.0757,,-0.0829,112.95,incl_finance_leases,,127.08,net_income,0,No change
VZ,VERIZON COMMUNICATIONS INC,Communication Services,2015-07-31,2014-12-31,3,8,false,0.6071,0.1542,0.0757,,-0.0829,112.95,incl_finance_leases,,127.08,net_income,0,No change
VZ,VERIZON COMMUNICATIONS INC,Communication Services,2015-08-31,2014-12-31,3,8,false,0.6071,0.1542,0.0757,,-0.0829,112.95,incl_finance_leases,,127.08,net_income,0,No change
VZ,VERIZON COMMUNICATIONS INC,Communication Services,2015-09-30,2014-12-31,3,8,false,0.6071,0.1542,0.0757,,-0.0829,112.95,incl_finance_leases,,127.08,net_income,0,No change
VZ,VERIZON COMMUNICATIONS INC,Communication Services,2015-10-31,2014-12-31,3,8,false,0.6071,0.1542,0.0757,,-0.0829,112.95,incl_finance_leases,,127.08,net_income,0,No change
VZ,VERIZON COMMUNICATIONS INC,Communication Services,2015-11-30,2014-12-31,3,8,false,0.6071,0.1542,0.0757,,-0.0829,112.95,incl_finance_leases,,127.08,net_income,0,No change
VZ,VERIZON COMMUNICATIONS INC,Communication Services,2015-12-31,2014-12-31,3,8,false,0.6071,0.1542,0.0757,,-0.0829,112.95,incl_finance_leases,,127.08,net_income,0,No change
VZ,VERIZON COMMUNICATIONS INC,Communication Services,2016-01-31,2014-12-31,3,8,false,0.6071,0.1542,0.0757,,-0.0829,112.95,incl_finance_leases,,127.08,net_income,0,No change
VZ,VERIZON COMMUNICATIONS INC,Communication Services,2016-02-29,2015-12-31,5,9,true,0.8244,0.2512,0.1358,,-0.0882,110.04,incl_finance_leases,,131.62,net_income,2,New annual report
VZ,VERIZON COMMUNICATIONS INC,Communication Services,2016-03-31,2015-12-31,5,9,true,0.8244,0.2512,0.1358,,-0.0882,110.04,incl_finance_leases,,131.62,net_income,0,No change
VZ,VERIZON COMMUNICATIONS INC,Communication Services,2016-04-30,2015-12-31,5,9,true,0.8244,0.2512,0.1358,,-0.0883,110.04,incl_finance_leases,,131.62,net_income,0,No change
VZ,VERIZON COMMUNICATIONS INC,Communication Services,2016-05-31,2015-12-31,5,9,true,0.8244,0.2512,0.1358,,-0.0883,110.04,incl_finance_leases,,131.62,net_income,0,No change
VZ,VERIZON COMMUNICATIONS INC,Communication Services,2016-06-30,2015-12-31,5,9,true,0.8244,0.2512,0.1358,,-0.0883,110.04,incl_finance_leases,,131.62,net_income,0,No change
VZ,VERIZON COMMUNICATIONS INC,Communication Services,2016-07-31,2015-12-31,5,9,true,0.8244,0.2512,0.1358,,-0.0883,110.04,incl_finance_leases,,131.62,net_income,0,No change
VZ,VERIZON COMMUNICATIONS INC,Communication Services,2016-08-31,2015-12-31,5,9,true,0.8244,0.2512,0.1358,,-0.0883,110.04,incl_finance_leases,,131.62,net_income,0,No change
VZ,VERIZON COMMUNICATIONS INC,Communication Services,2016-09-30,2015-12-31,5,9,true,0.8244,0.2512,0.1358,,-0.0883,110.04,incl_finance_leases,,131.62,net_income,0,No change
VZ,VERIZON COMMUNICATIONS INC,Communication Services,2016-10-31,2015-12-31,5,9,true,0.8244,0.2512,0.1358,,-0.0883,110.04,incl_finance_leases,,131.62,net_income,0,No change
VZ,VERIZON COMMUNICATIONS INC,Communication Services,2016-11-30,2015-12-31,5,9,true,0.8244,0.2512,0.1358,,-0.0883,110.04,incl_finance_leases,,131.62,net_income,0,No change
VZ,VERIZON COMMUNICATIONS INC,Communication Services,2016-12-31,2015-12-31,5,9,true,0.8244,0.2512,0.1358,,-0.0883,110.04,incl_finance_leases,,131.62,net_income,0,No change
VZ,VERIZON COMMUNICATIONS INC,Communication Services,2017-01-31,2015-12-31,5,9,true,0.8244,0.2512,0.1358,,-0.0883,110.04,incl_finance_leases,,131.62,net_income,0,No change
VZ,VERIZON COMMUNICATIONS INC,Communication Services,2017-02-28,2016-12-31,6,9,true,0.8235,0.2148,0.1042,,-0.0393,107.91,incl_finance_leases,,125.98,net_income,1,New annual report
VZ,VERIZON COMMUNICATIONS INC,Communication Services,2017-03-31,2016-12-31,6,9,true,0.8235,0.2148,0.1042,,-0.0393,107.91,incl_finance_leases,,125.98,net_income,0,No change
VZ,VERIZON COMMUNICATIONS INC,Communication Services,2017-04-30,2016-12-31,6,9,true,0.8235,0.2148,0.1042,,-0.0393,107.91,incl_finance_leases,,125.98,net_income,0,No change
VZ,VERIZON COMMUNICATIONS INC,Communication Services,2017-05-31,2016-12-31,6,9,true,0.8235,0.2148,0.1042,,-0.0393,107.91,incl_finance_leases,,125.98,net_income,0,No change
VZ,VERIZON COMMUNICATIONS INC,Communication Services,2017-06-30,2016-12-31,6,9,true,0.8235,0.2148,0.1042,,-0.0393,107.91,incl_finance_leases,,125.98,net_income,0,No change
VZ,VERIZON COMMUNICATIONS INC,Communication Services,2017-07-31,2016-12-31,6,9,true,0.8235,0.2148,0.1042,,-0.0393,107.91,incl_finance_leases,,125.98,net_income,0,No change
VZ,VERIZON COMMUNICATIONS INC,Communication Services,2017-08-31,2016-12-31,6,9,true,0.8235,0.2148,0.1042,,-0.0393,107.91,incl_finance_leases,,125.98,net_income,0,No change
VZ,VERIZON COMMUNICATIONS INC,Communication Services,2017-09-30,2016-12-31,6,9,true,0.8235,0.2148,0.1042,,-0.0393,107.91,incl_finance_leases,,125.98,net_income,0,No change
VZ,VERIZON COMMUNICATIONS INC,Communication Services,2017-10-31,2016-12-31,6,9,true,0.8235,0.2148,0.1042,,-0.0393,107.91,incl_finance_leases,,125.98,net_income,0,No change
VZ,VERIZON COMMUNICATIONS INC,Communication Services,2017-11-30,2016-12-31,6,9,true,0.8235,0.2148,0.1042,,-0.0393,107.91,incl_finance_leases,,125.98,net_income,0,No change
VZ,VERIZON COMMUNICATIONS INC,Communication Services,2017-12-31,2016-12-31,6,9,true,0.8235,0.2148,0.1042,,-0.0393,107.91,incl_finance_leases,,125.98,net_income,0,No change
VZ,VERIZON COMMUNICATIONS INC,Communication Services,2018-01-31,2016-12-31,6,9,true,0.8235,0.2148,0.1042,,-0.0393,107.91,incl_finance_leases,,125.98,net_income,0,No change
VZ,VERIZON COMMUNICATIONS INC,Communication Services,2018-02-28,2017-12-31,6,9,true,0.8243,0.2175,0.2388,,0.0191,116.95,incl_finance_leases,,126.03,net_income,0,No change
VZ,VERIZON COMMUNICATIONS INC,Communication Services,2018-03-31,2017-12-31,6,9,true,0.8243,0.2175,0.2388,,0.0191,116.95,incl_finance_leases,,126.03,net_income,0,No change
VZ,VERIZON COMMUNICATIONS INC,Communication Services,2018-04-30,2017-12-31,6,9,true,0.8243,0.2175,0.2388,,0.0191,116.95,incl_finance_leases,,126.03,net_income,0,No change
VZ,VERIZON COMMUNICATIONS INC,Communication Services,2018-05-31,2017-12-31,6,9,true,0.8243,0.2175,0.2388,,0.0191,116.95,incl_finance_leases,,126.03,net_income,0,No change
VZ,VERIZON COMMUNICATIONS INC,Communication Services,2018-06-30,2017-12-31,6,9,true,0.8243,0.2175,0.2388,,0.0191,116.95,incl_finance_leases,,126.03,net_income,0,No change
VZ,VERIZON COMMUNICATIONS INC,Communication Services,2018-07-31,2017-12-31,6,9,true,0.8243,0.2175,0.2388,,0.0191,116.95,incl_finance_leases,,126.03,net_income,0,No change
VZ,VERIZON COMMUNICATIONS INC,Communication Services,2018-08-31,2017-12-31,6,9,true,0.8243,0.2175,0.2388,,0.0191,116.95,incl_finance_leases,,126.03,net_income,0,No change
VZ,VERIZON COMMUNICATIONS INC,Communication Services,2018-09-30,2017-12-31,6,9,true,0.8243,0.2175,0.2388,,0.0191,116.95,incl_finance_leases,,126.03,net_income,0,No change
VZ,VERIZON COMMUNICATIONS INC,Communication Services,2018-10-31,2017-12-31,6,9,true,0.8243,0.2175,0.2388,,0.0191,116.95,incl_finance_leases,,126.03,net_income,0,No change
VZ,VERIZON COMMUNICATIONS INC,Communication Services,2018-11-30,2017-12-31,6,9,true,0.8243,0.2175,0.2388,,0.0191,116.95,incl_finance_leases,,126.03,net_income,0,No change
VZ,VERIZON COMMUNICATIONS INC,Communication Services,2018-12-31,2017-12-31,6,9,true,0.8243,0.2175,0.2388,,0.0191,116.95,incl_finance_leases,,126.03,net_income,0,No change
VZ,VERIZON COMMUNICATIONS INC,Communication Services,2019-01-31,2017-12-31,6,9,true,0.8243,0.2175,0.2388,,0.0191,116.95,incl_finance_leases,,126.03,net_income,0,No change
VZ,VERIZON COMMUNICATIONS INC,Communication Services,2019-02-28,2018-12-31,5,8,false,,0.1702,0.1187,,-0.0721,113.06,company_reported_total,,130.86,net_income,-1,New annual report
VZ,VERIZON COMMUNICATIONS INC,Communication Services,2019-03-31,2018-12-31,5,8,false,,0.1702,0.1187,,-0.0721,113.06,company_reported_total,,130.86,net_income,0,No change
VZ,VERIZON COMMUNICATIONS INC,Communication Services,2019-04-30,2018-12-31,5,8,false,,0.1702,0.1187,,-0.0721,113.06,company_reported_total,,130.86,net_income,0,No change
VZ,VERIZON COMMUNICATIONS INC,Communication Services,2019-05-31,2018-12-31,5,8,false,,0.1702,0.1187,,-0.0721,113.06,company_reported_total,,130.86,net_income,0,No change
VZ,VERIZON COMMUNICATIONS INC,Communication Services,2019-06-30,2018-12-31,5,8,false,,0.1702,0.1187,,-0.0721,113.06,company_reported_total,,130.86,net_income,0,No change
VZ,VERIZON COMMUNICATIONS INC,Communication Services,2019-07-31,2018-12-31,5,8,false,,0.1702,0.1187,,-0.0721,113.06,company_reported_total,,130.86,net_income,0,No change
VZ,VERIZON COMMUNICATIONS INC,Communication Services,2019-08-31,2018-12-31,5,8,false,,0.1702,0.1187,,-0.0721,113.06,company_reported_total,,130.86,net_income,0,No change
VZ,VERIZON COMMUNICATIONS INC,Communication Services,2019-09-30,2018-12-31,5,8,false,,0.1702,0.1187,,-0.0721,113.06,company_reported_total,,130.86,net_income,0,No change
VZ,VERIZON COMMUNICATIONS INC,Communication Services,2019-10-31,2018-12-31,5,8,false,,0.1702,0.1187,,-0.0721,113.06,company_reported_total,,130.86,net_income,0,No change
VZ,VERIZON COMMUNICATIONS INC,Communication Services,2019-11-30,2018-12-31,5,8,false,,0.1702,0.1187,,-0.0721,113.06,company_reported_total,,130.86,net_income,0,No change
VZ,VERIZON COMMUNICATIONS INC,Communication Services,2019-12-31,2018-12-31,5,8,false,,0.1702,0.1187,,-0.0721,113.06,company_reported_total,,130.86,net_income,0,No change
VZ,VERIZON COMMUNICATIONS INC,Communication Services,2020-01-31,2018-12-31,5,8,false,,0.1702,0.1187,,-0.0721,113.06,company_reported_total,,130.86,net_income,0,No change
VZ,VERIZON COMMUNICATIONS INC,Communication Services,2020-02-29,2019-12-31,5,8,false,,0.2304,0.1461,,-0.0592,111.49,company_reported_total,,131.87,net_income,0,No change
VZ,VERIZON COMMUNICATIONS INC,Communication Services,2020-03-31,2019-12-31,5,8,false,,0.2304,0.1461,,-0.0592,111.49,company_reported_total,,131.87,net_income,0,No change
VZ,VERIZON COMMUNICATIONS INC,Communication Services,2020-04-30,2019-12-31,5,8,false,,0.2304,0.1461,,-0.0592,111.49,company_reported_total,,131.87,net_income,0,No change
VZ,VERIZON COMMUNICATIONS INC,Communication Services,2020-05-31,2019-12-31,5,8,false,,0.2304,0.1461,,-0.0592,111.49,company_reported_total,,131.87,net_income,0,No change
VZ,VERIZON COMMUNICATIONS INC,Communication Services,2020-06-30,2019-12-31,5,8,false,,0.2304,0.1461,,-0.0592,111.49,company_reported_total,,131.87,net_income,0,No change
VZ,VERIZON COMMUNICATIONS INC,Communication Services,2020-07-31,2019-12-31,5,8,false,,0.2304,0.1461,,-0.0592,111.49,company_reported_total,,131.87,net_income,0,No change
VZ,VERIZON COMMUNICATIONS INC,Communication Services,2020-08-31,2019-12-31,5,8,false,,0.2304,0.1461,,-0.0592,111.49,company_reported_total,,131.87,net_income,0,No change
VZ,VERIZON COMMUNICATIONS INC,Communication Services,2020-09-30,2019-12-31,5,8,false,,0.2304,0.1461,,-0.0592,111.49,company_reported_total,,131.87,net_income,0,No change
VZ,VERIZON COMMUNICATIONS INC,Communication Services,2020-10-31,2019-12-31,5,8,false,,0.2304,0.1461,,-0.0592,111.49,company_reported_total,,131.87,net_income,0,No change
VZ,VERIZON COMMUNICATIONS INC,Communication Services,2020-11-30,2019-12-31,5,8,false,,0.2304,0.1461,,-0.0592,111.49,company_reported_total,,131.87,net_income,0,No change
VZ,VERIZON COMMUNICATIONS INC,Communication Services,2020-12-31,2019-12-31,5,8,false,,0.2304,0.1461,,-0.0592,111.49,company_reported_total,,131.87,net_income,0,No change
VZ,VERIZON COMMUNICATIONS INC,Communication Services,2021-01-31,2019-12-31,5,8,false,,0.2304,0.1461,,-0.0592,111.49,company_reported_total,,131.87,net_income,0,No change
VZ,VERIZON COMMUNICATIONS INC,Communication Services,2021-02-28,2020-12-31,4,8,false,,0.2245,0.1388,,-0.0788,129.06,company_reported_total,,128.29,net_income,-1,New annual report
VZ,VERIZON COMMUNICATIONS INC,Communication Services,2021-03-31,2020-12-31,4,8,false,,0.2245,0.1388,,-0.0788,129.06,company_reported_total,,128.29,net_income,0,No change
VZ,VERIZON COMMUNICATIONS INC,Communication Services,2021-04-30,2020-12-31,4,8,false,,0.2245,0.1388,,-0.0788,129.06,company_reported_total,,128.29,net_income,0,No change
VZ,VERIZON COMMUNICATIONS INC,Communication Services,2021-05-31,2020-12-31,4,8,false,,0.2245,0.1388,,-0.0788,129.06,company_reported_total,,128.29,net_income,0,No change
VZ,VERIZON COMMUNICATIONS INC,Communication Services,2021-06-30,2020-12-31,4,8,false,,0.2245,0.1388,,-0.0788,129.06,company_reported_total,,128.29,net_income,0,No change
VZ,VERIZON COMMUNICATIONS INC,Communication Services,2021-07-31,2020-12-31,4,8,false,,0.2245,0.1388,,-0.0788,129.06,company_reported_total,,128.29,net_income,0,No change
VZ,VERIZON COMMUNICATIONS INC,Communication Services,2021-08-31,2020-12-31,4,8,false,,0.2245,0.1388,,-0.0788,129.06,company_reported_total,,128.29,net_income,0,No change
VZ,VERIZON COMMUNICATIONS INC,Communication Services,2021-09-30,2020-12-31,4,8,false,,0.2245,0.1388,,-0.0788,129.06,company_reported_total,,128.29,net_income,0,No change
VZ,VERIZON COMMUNICATIONS INC,Communication Services,2021-10-31,2020-12-31,4,8,false,,0.2245,0.1388,,-0.0788,129.06,company_reported_total,,128.29,net_income,0,No change
VZ,VERIZON COMMUNICATIONS INC,Communication Services,2021-11-30,2020-12-31,4,8,false,,0.2245,0.1388,,-0.0788,129.06,company_reported_total,,128.29,net_income,0,No change
VZ,VERIZON COMMUNICATIONS INC,Communication Services,2021-12-31,2020-12-31,4,8,false,,0.2245,0.1388,,-0.0788,129.06,company_reported_total,,128.29,net_income,0,No change
VZ,VERIZON COMMUNICATIONS INC,Communication Services,2022-01-31,2020-12-31,4,8,false,,0.2245,0.1388,,-0.0788,129.06,company_reported_total,,128.29,net_income,0,No change
VZ,VERIZON COMMUNICATIONS INC,Communication Services,2022-02-28,2021-12-31,4,8,false,,0.2429,0.1651,,-0.0512,150.87,company_reported_total,,133.61,net_income,0,No change
VZ,VERIZON COMMUNICATIONS INC,Communication Services,2022-03-31,2021-12-31,4,8,false,,0.2429,0.1651,,-0.0512,150.87,company_reported_total,,133.61,net_income,0,No change
VZ,VERIZON COMMUNICATIONS INC,Communication Services,2022-04-30,2021-12-31,4,8,false,,0.2429,0.1651,,-0.0512,150.87,company_reported_total,,133.61,net_income,0,No change
VZ,VERIZON COMMUNICATIONS INC,Communication Services,2022-05-31,2021-12-31,4,8,false,,0.2429,0.1651,,-0.0512,150.87,company_reported_total,,133.61,net_income,0,No change
VZ,VERIZON COMMUNICATIONS INC,Communication Services,2022-06-30,2021-12-31,4,8,false,,0.2429,0.1651,,-0.0512,150.87,company_reported_total,,133.61,net_income,0,No change
VZ,VERIZON COMMUNICATIONS INC,Communication Services,2022-07-31,2021-12-31,4,8,false,,0.2429,0.1651,,-0.0512,150.87,company_reported_total,,133.61,net_income,0,No change
VZ,VERIZON COMMUNICATIONS INC,Communication Services,2022-08-31,2021-12-31,4,8,false,,0.2429,0.1651,,-0.0512,150.87,company_reported_total,,133.61,net_income,0,No change
VZ,VERIZON COMMUNICATIONS INC,Communication Services,2022-09-30,2021-12-31,4,8,false,,0.2429,0.1651,,-0.0512,150.87,company_reported_total,,133.61,net_income,0,No change
VZ,VERIZON COMMUNICATIONS INC,Communication Services,2022-10-31,2021-12-31,4,8,false,,0.2429,0.1651,,-0.0512,150.87,company_reported_total,,133.61,net_income,0,No change
VZ,VERIZON COMMUNICATIONS INC,Communication Services,2022-11-30,2021-12-31,4,8,false,,0.2429,0.1651,,-0.0512,150.87,company_reported_total,,133.61,net_income,0,No change
VZ,VERIZON COMMUNICATIONS INC,Communication Services,2022-12-31,2021-12-31,4,8,false,,0.2429,0.1651,,-0.0512,150.87,company_reported_total,,133.61,net_income,0,No change
VZ,VERIZON COMMUNICATIONS INC,Communication Services,2023-01-31,2021-12-31,4,8,false,,0.2429,0.1651,,-0.0512,150.87,company_reported_total,,133.61,net_income,0,No change
VZ,VERIZON COMMUNICATIONS INC,Communication Services,2023-02-28,2022-12-31,4,8,false,,0.2227,0.1553,,-0.0426,150.64,company_reported_total,,136.84,net_income,0,No change
VZ,VERIZON COMMUNICATIONS INC,Communication Services,2023-03-31,2022-12-31,4,8,false,,0.2227,0.1553,,-0.0426,150.64,company_reported_total,,136.84,net_income,0,No change
VZ,VERIZON COMMUNICATIONS INC,Communication Services,2023-04-30,2022-12-31,4,8,false,,0.2227,0.1553,,-0.0426,150.64,company_reported_total,,136.84,net_income,0,No change
VZ,VERIZON COMMUNICATIONS INC,Communication Services,2023-05-31,2022-12-31,4,8,false,,0.2227,0.1553,,-0.0426,150.64,company_reported_total,,136.84,net_income,0,No change
VZ,VERIZON COMMUNICATIONS INC,Communication Services,2023-06-30,2022-12-31,4,8,false,,0.2227,0.1553,,-0.0426,150.64,company_reported_total,,136.84,net_income,0,No change
VZ,VERIZON COMMUNICATIONS INC,Communication Services,2023-07-31,2022-12-31,4,8,false,,0.2227,0.1553,,-0.0426,150.64,company_reported_total,,136.84,net_income,0,No change
VZ,VERIZON COMMUNICATIONS INC,Communication Services,2023-08-31,2022-12-31,4,8,false,,0.2227,0.1553,,-0.0426,150.64,company_reported_total,,136.84,net_income,0,No change
VZ,VERIZON COMMUNICATIONS INC,Communication Services,2023-09-30,2022-12-31,4,8,false,,0.2227,0.1553,,-0.0426,150.64,company_reported_total,,136.84,net_income,0,No change
VZ,VERIZON COMMUNICATIONS INC,Communication Services,2023-10-31,2022-12-31,4,8,false,,0.2227,0.1553,,-0.0426,150.64,company_reported_total,,136.84,net_income,0,No change
VZ,VERIZON COMMUNICATIONS INC,Communication Services,2023-11-30,2022-12-31,4,8,false,,0.2227,0.1553,,-0.0426,150.64,company_reported_total,,136.84,net_income,0,No change
VZ,VERIZON COMMUNICATIONS INC,Communication Services,2023-12-31,2022-12-31,4,8,false,,0.2227,0.1553,,-0.0426,150.64,company_reported_total,,136.84,net_income,0,No change
VZ,VERIZON COMMUNICATIONS INC,Communication Services,2024-01-31,2022-12-31,4,8,false,,0.2227,0.1553,,-0.0426,150.64,company_reported_total,,136.84,net_income,0,No change
VZ,VERIZON COMMUNICATIONS INC,Communication Services,2024-02-29,2023-12-31,4,8,false,,0.1708,0.0867,,-0.0681,150.67,company_reported_total,,133.97,net_income,0,No change
VZ,VERIZON COMMUNICATIONS INC,Communication Services,2024-03-31,2023-12-31,4,8,false,,0.1708,0.0867,,-0.0681,150.67,company_reported_total,,133.97,net_income,0,No change
VZ,VERIZON COMMUNICATIONS INC,Communication Services,2024-04-30,2023-12-31,4,8,false,,0.1708,0.0867,,-0.0681,150.67,company_reported_total,,133.97,net_income,0,No change
VZ,VERIZON COMMUNICATIONS INC,Communication Services,2024-05-31,2023-12-31,4,8,false,,0.1708,0.0867,,-0.0681,150.67,company_reported_total,,133.97,net_income,0,No change
VZ,VERIZON COMMUNICATIONS INC,Communication Services,2024-06-30,2023-12-31,4,8,false,,0.1708,0.0867,,-0.0681,150.67,company_reported_total,,133.97,net_income,0,No change
VZ,VERIZON COMMUNICATIONS INC,Communication Services,2024-07-31,2023-12-31,4,8,false,,0.1708,0.0867,,-0.0681,150.67,company_reported_total,,133.97,net_income,0,No change
VZ,VERIZON COMMUNICATIONS INC,Communication Services,2024-08-31,2023-12-31,4,8,false,,0.1708,0.0867,,-0.0681,150.67,company_reported_total,,133.97,net_income,0,No change
VZ,VERIZON COMMUNICATIONS INC,Communication Services,2024-09-30,2023-12-31,4,8,false,,0.1708,0.0867,,-0.0681,150.67,company_reported_total,,133.97,net_income,0,No change
VZ,VERIZON COMMUNICATIONS INC,Communication Services,2024-10-31,2023-12-31,4,8,false,,0.1708,0.0867,,-0.0681,150.67,company_reported_total,,133.97,net_income,0,No change
VZ,VERIZON COMMUNICATIONS INC,Communication Services,2024-11-30,2023-12-31,4,8,false,,0.1708,0.0867,,-0.0681,150.67,company_reported_total,,133.97,net_income,0,No change
VZ,VERIZON COMMUNICATIONS INC,Communication Services,2024-12-31,2023-12-31,4,8,false,,0.1708,0.0867,,-0.0681,150.67,company_reported_total,,133.97,net_income,0,No change
VZ,VERIZON COMMUNICATIONS INC,Communication Services,2025-01-31,2023-12-31,4,8,false,,0.1708,0.0867,,-0.0681,150.67,company_reported_total,,133.97,net_income,0,No change
VZ,VERIZON COMMUNICATIONS INC,Communication Services,2025-02-28,2024-12-31,6,8,false,,0.2128,0.1299,,-0.0507,144.01,company_reported_total,,134.79,net_income,2,New annual report
VZ,VERIZON COMMUNICATIONS INC,Communication Services,2025-03-31,2024-12-31,6,8,false,,0.2128,0.1299,,-0.0507,144.01,company_reported_total,,134.79,net_income,0,No change
VZ,VERIZON COMMUNICATIONS INC,Communication Services,2025-04-30,2024-12-31,6,8,false,,0.2128,0.1299,,-0.0507,144.01,company_reported_total,,134.79,net_income,0,No change
VZ,VERIZON COMMUNICATIONS INC,Communication Services,2025-05-31,2024-12-31,6,8,false,,0.2128,0.1299,,-0.0507,144.01,company_reported_total,,134.79,net_income,0,No change
VZ,VERIZON COMMUNICATIONS INC,Communication Services,2025-06-30,2024-12-31,6,8,false,,0.2128,0.1299,,-0.0507,144.01,company_reported_total,,134.79,net_income,0,No change
VZ,VERIZON COMMUNICATIONS INC,Communication Services,2025-07-31,2024-12-31,6,8,false,,0.2128,0.1299,,-0.0507,144.01,company_reported_total,,134.79,net_income,0,No change
VZ,VERIZON COMMUNICATIONS INC,Communication Services,2025-08-31,2024-12-31,6,8,false,,0.2128,0.1299,,-0.0507,144.01,company_reported_total,,134.79,net_income,0,No change
VZ,VERIZON COMMUNICATIONS INC,Communication Services,2025-09-30,2024-12-31,6,8,false,,0.2128,0.1299,,-0.0507,144.01,company_reported_total,,134.79,net_income,0,No change
VZ,VERIZON COMMUNICATIONS INC,Communication Services,2025-10-31,2024-12-31,6,8,false,,0.2128,0.1299,,-0.0507,144.01,company_reported_total,,134.79,net_income,0,No change
VZ,VERIZON COMMUNICATIONS INC,Communication Services,2025-11-30,2024-12-31,6,8,false,,0.2128,0.1299,,-0.0507,144.01,company_reported_total,,134.79,net_income,0,No change
VZ,VERIZON COMMUNICATIONS INC,Communication Services,2025-12-31,2024-12-31,6,8,false,,0.2128,0.1299,,-0.0507,144.01,company_reported_total,,134.79,net_income,0,No change
VZ,VERIZON COMMUNICATIONS INC,Communication Services,2026-01-31,2024-12-31,6,8,false,,0.2128,0.1299,,-0.0507,144.01,company_reported_total,,134.79,net_income,0,No change
VZ,VERIZON COMMUNICATIONS INC,Communication Services,2026-02-28,2025-12-31,5,8,false,,0.2117,0.1243,,-0.0506,158.15,company_reported_total,,138.19,net_income,-1,New annual report
VZ,VERIZON COMMUNICATIONS INC,Communication Services,2026-03-31,2025-12-31,5,8,false,,0.2117,0.1243,,-0.0506,158.15,company_reported_total,,138.19,net_income,0,No change
VZ,VERIZON COMMUNICATIONS INC,Communication Services,2026-04-30,2025-12-31,5,8,false,,0.2117,0.1243,,-0.0506,158.15,company_reported_total,,138.19,net_income,0,No change
VZ,VERIZON COMMUNICATIONS INC,Communication Services,2026-05-31,2025-12-31,5,8,false,,0.2117,0.1243,,-0.0506,158.15,company_reported_total,,138.19,net_income,0,No change
VZ,VERIZON COMMUNICATIONS INC,Communication Services,2026-06-30,2025-12-31,5,8,false,,0.2117,0.1243,,-0.0506,158.15,company_reported_total,,138.19,net_income,0,No change
VZ,VERIZON COMMUNICATIONS INC,Communication Services,2026-07-31,2025-12-31,5,8,false,,0.2117,0.1243,,-0.0506,158.15,company_reported_total,,138.19,net_income,0,No change
VZ,VERIZON COMMUNICATIONS INC,Communication Services,2026-08-31,2025-12-31,5,8,false,,0.2117,0.1243,,-0.0506,158.15,company_reported_total,,138.19,net_income,0,No change
VZ,VERIZON COMMUNICATIONS INC,Communication Services,2026-09-30,2025-12-31,5,8,false,,0.2117,0.1243,,-0.0506,158.15,company_reported_total,,138.19,net_income,0,No change
WMT,WALMART INC.,Consumer Staples,2010-03-31,2010-01-31,5,6,false,0.2537,0.0587,0.0351,0.0345,-0.0713,37.8,noncurrent_plus_current,0.53,408.21,net_income,,No change
WMT,WALMART INC.,Consumer Staples,2010-04-30,2010-01-31,5,6,false,0.2537,0.0587,0.0351,0.0345,-0.0713,37.8,noncurrent_plus_current,0.53,408.21,net_income,0,No change
WMT,WALMART INC.,Consumer Staples,2010-05-31,2010-01-31,5,6,false,0.2537,0.0587,0.0351,0.0345,-0.0713,37.8,noncurrent_plus_current,0.53,408.21,net_income,0,No change
WMT,WALMART INC.,Consumer Staples,2010-06-30,2010-01-31,5,6,false,0.2537,0.0587,0.0351,0.0345,-0.0713,37.8,noncurrent_plus_current,0.53,408.21,net_income,0,No change
WMT,WALMART INC.,Consumer Staples,2010-07-31,2010-01-31,5,6,false,0.2537,0.0587,0.0351,0.0345,-0.0713,37.8,noncurrent_plus_current,0.53,408.21,net_income,0,No change
WMT,WALMART INC.,Consumer Staples,2010-08-31,2010-01-31,5,6,false,0.2537,0.0587,0.0351,0.0345,-0.0713,37.8,noncurrent_plus_current,0.53,408.21,net_income,0,No change
WMT,WALMART INC.,Consumer Staples,2010-09-30,2010-01-31,5,6,false,0.2537,0.0587,0.0351,0.0345,-0.0714,37.8,long_term_debt_incl_current,0.54,408.21,net_income,0,No change
WMT,WALMART INC.,Consumer Staples,2010-10-31,2010-01-31,5,6,false,0.2537,0.0587,0.0351,0.0345,-0.0714,37.8,long_term_debt_incl_current,0.54,408.21,net_income,0,No change
WMT,WALMART INC.,Consumer Staples,2010-11-30,2010-01-31,5,6,false,0.2537,0.0587,0.0351,0.0345,-0.0714,37.8,long_term_debt_incl_current,0.54,408.21,net_income,0,No change
WMT,WALMART INC.,Consumer Staples,2010-12-31,2010-01-31,5,6,false,0.2537,0.0587,0.0351,0.0345,-0.0714,37.8,long_term_debt_incl_current,0.54,408.21,net_income,0,No change
WMT,WALMART INC.,Consumer Staples,2011-01-31,2010-01-31,5,6,false,0.2537,0.0587,0.0351,0.0345,-0.0714,37.8,long_term_debt_incl_current,0.54,408.21,net_income,0,No change
WMT,WALMART INC.,Consumer Staples,2011-02-28,2010-01-31,5,6,false,0.2537,0.0587,0.0351,0.0345,-0.0714,37.8,long_term_debt_incl_current,0.54,408.21,net_income,0,No change
WMT,WALMART INC.,Consumer Staples,2011-03-31,2011-01-31,6,9,true,0.2526,0.0605,0.0389,0.0259,-0.0413,46.38,long_term_debt_incl_current,0.68,421.85,net_income,1,New annual report
WMT,WALMART INC.,Consumer Staples,2011-04-30,2011-01-31,6,9,true,0.2526,0.0605,0.0389,0.0259,-0.0413,46.38,long_term_debt_incl_current,0.68,421.85,net_income,0,No change
WMT,WALMART INC.,Consumer Staples,2011-05-31,2011-01-31,6,9,true,0.2526,0.0605,0.0389,0.0259,-0.0413,46.38,long_term_debt_incl_current,0.68,421.85,net_income,0,No change
WMT,WALMART INC.,Consumer Staples,2011-06-30,2011-01-31,6,9,true,0.2526,0.0605,0.0389,0.0259,-0.0413,46.38,long_term_debt_incl_current,0.68,421.85,net_income,0,No change
WMT,WALMART INC.,Consumer Staples,2011-07-31,2011-01-31,6,9,true,0.2526,0.0605,0.0389,0.0259,-0.0413,46.38,long_term_debt_incl_current,0.68,421.85,net_income,0,No change
WMT,WALMART INC.,Consumer Staples,2011-08-31,2011-01-31,6,9,true,0.2526,0.0605,0.0389,0.0259,-0.0413,46.38,long_term_debt_incl_current,0.68,421.85,net_income,0,No change
WMT,WALMART INC.,Consumer Staples,2011-09-30,2011-01-31,6,9,true,0.2526,0.0605,0.0389,0.0259,-0.0413,46.38,long_term_debt_incl_current,0.68,421.85,net_income,0,No change
WMT,WALMART INC.,Consumer Staples,2011-10-31,2011-01-31,6,9,true,0.2526,0.0605,0.0389,0.0259,-0.0413,46.38,long_term_debt_incl_current,0.68,421.85,net_income,0,No change
WMT,WALMART INC.,Consumer Staples,2011-11-30,2011-01-31,6,9,true,0.2526,0.0605,0.0389,0.0259,-0.0413,46.38,long_term_debt_incl_current,0.68,421.85,net_income,0,No change
WMT,WALMART INC.,Consumer Staples,2011-12-31,2011-01-31,6,9,true,0.2526,0.0605,0.0389,0.0259,-0.0413,46.38,long_term_debt_incl_current,0.68,421.85,net_income,0,No change
WMT,WALMART INC.,Consumer Staples,2012-01-31,2011-01-31,6,9,true,0.2526,0.0605,0.0389,0.0259,-0.0413,46.38,long_term_debt_incl_current,0.68,421.85,net_income,0,No change
WMT,WALMART INC.,Consumer Staples,2012-02-29,2011-01-31,6,9,true,0.2526,0.0605,0.0389,0.0259,-0.0413,46.38,long_term_debt_incl_current,0.68,421.85,net_income,0,No change
WMT,WALMART INC.,Consumer Staples,2012-03-31,2012-01-31,4,9,true,0.2502,0.0594,0.0351,0.024,-0.0457,50.09,long_term_debt_incl_current,0.7,446.95,net_income,-2,New annual report
WMT,WALMART INC.,Consumer Staples,2012-04-30,2012-01-31,4,9,true,0.2502,0.0594,0.0351,0.024,-0.0457,50.09,long_term_debt_incl_current,0.7,446.95,net_income,0,No change
WMT,WALMART INC.,Consumer Staples,2012-05-31,2012-01-31,4,9,true,0.2502,0.0594,0.0351,0.024,-0.0457,50.09,long_term_debt_incl_current,0.7,446.95,net_income,0,No change
WMT,WALMART INC.,Consumer Staples,2012-06-30,2012-01-31,4,9,true,0.2502,0.0594,0.0351,0.024,-0.0457,50.09,long_term_debt_incl_current,0.7,446.95,net_income,0,No change
WMT,WALMART INC.,Consumer Staples,2012-07-31,2012-01-31,4,9,true,0.2502,0.0594,0.0351,0.024,-0.0457,50.09,long_term_debt_incl_current,0.7,446.95,net_income,0,No change
WMT,WALMART INC.,Consumer Staples,2012-08-31,2012-01-31,4,9,true,0.2502,0.0594,0.0351,0.024,-0.0457,50.09,long_term_debt_incl_current,0.7,446.95,net_income,0,No change
WMT,WALMART INC.,Consumer Staples,2012-09-30,2012-01-31,4,9,true,0.2502,0.0594,0.0351,0.024,-0.0457,50.09,long_term_debt_incl_current,0.7,446.95,net_income,0,No change
WMT,WALMART INC.,Consumer Staples,2012-10-31,2012-01-31,4,9,true,0.2502,0.0594,0.0351,0.024,-0.0457,50.09,long_term_debt_incl_current,0.7,446.95,net_income,0,No change
WMT,WALMART INC.,Consumer Staples,2012-11-30,2012-01-31,4,9,true,0.2502,0.0594,0.0351,0.024,-0.0457,50.09,long_term_debt_incl_current,0.7,446.95,net_income,0,No change
WMT,WALMART INC.,Consumer Staples,2012-12-31,2012-01-31,4,9,true,0.2502,0.0594,0.0351,0.024,-0.0457,50.09,long_term_debt_incl_current,0.7,446.95,net_income,0,No change
WMT,WALMART INC.,Consumer Staples,2013-01-31,2012-01-31,4,9,true,0.2502,0.0594,0.0351,0.024,-0.0457,50.09,long_term_debt_incl_current,0.7,446.95,net_income,0,No change
WMT,WALMART INC.,Consumer Staples,2013-02-28,2012-01-31,4,9,true,0.2502,0.0594,0.0351,0.024,-0.0457,50.09,long_term_debt_incl_current,0.7,446.95,net_income,0,No change
WMT,WALMART INC.,Consumer Staples,2013-03-31,2013-01-31,6,9,true,0.2487,0.0593,0.0362,0.0271,-0.0433,50.79,long_term_debt_incl_current,0.67,469.16,net_income,2,New annual report
WMT,WALMART INC.,Consumer Staples,2013-04-30,2013-01-31,6,9,true,0.2487,0.0593,0.0362,0.0271,-0.0433,50.79,long_term_debt_incl_current,0.67,469.16,net_income,0,No change
WMT,WALMART INC.,Consumer Staples,2013-05-31,2013-01-31,6,9,true,0.2487,0.0593,0.0362,0.0271,-0.0433,50.79,long_term_debt_incl_current,0.67,469.16,net_income,0,No change
WMT,WALMART INC.,Consumer Staples,2013-06-30,2013-01-31,6,9,true,0.2487,0.0593,0.0362,0.0271,-0.0433,50.79,long_term_debt_incl_current,0.67,469.16,net_income,0,No change
WMT,WALMART INC.,Consumer Staples,2013-07-31,2013-01-31,6,9,true,0.2487,0.0593,0.0362,0.0271,-0.0433,50.79,long_term_debt_incl_current,0.67,469.16,net_income,0,No change
WMT,WALMART INC.,Consumer Staples,2013-08-31,2013-01-31,6,9,true,0.2487,0.0593,0.0362,0.0271,-0.0433,50.79,long_term_debt_incl_current,0.67,469.16,net_income,0,No change
WMT,WALMART INC.,Consumer Staples,2013-09-30,2013-01-31,6,9,true,0.2487,0.0593,0.0362,0.0271,-0.0433,50.79,long_term_debt_incl_current,0.67,469.16,net_income,0,No change
WMT,WALMART INC.,Consumer Staples,2013-10-31,2013-01-31,6,9,true,0.2487,0.0593,0.0362,0.0271,-0.0433,50.79,long_term_debt_incl_current,0.67,469.16,net_income,0,No change
WMT,WALMART INC.,Consumer Staples,2013-11-30,2013-01-31,6,9,true,0.2487,0.0593,0.0362,0.0271,-0.0433,50.79,long_term_debt_incl_current,0.67,469.16,net_income,0,No change
WMT,WALMART INC.,Consumer Staples,2013-12-31,2013-01-31,6,9,true,0.2487,0.0593,0.0362,0.0271,-0.0433,50.79,long_term_debt_incl_current,0.67,469.16,net_income,0,No change
WMT,WALMART INC.,Consumer Staples,2014-01-31,2013-01-31,6,9,true,0.2487,0.0593,0.0362,0.0271,-0.0433,50.79,long_term_debt_incl_current,0.67,469.16,net_income,0,No change
WMT,WALMART INC.,Consumer Staples,2014-02-28,2013-01-31,6,9,true,0.2487,0.0593,0.0362,0.0271,-0.0433,50.79,long_term_debt_incl_current,0.67,469.16,net_income,0,No change
WMT,WALMART INC.,Consumer Staples,2014-03-31,2014-01-31,5,9,true,0.2482,0.0564,0.0336,0.0213,-0.0355,53.54,long_term_debt_incl_current,0.7,476.29,net_income,-1,New annual report
WMT,WALMART INC.,Consumer Staples,2014-04-30,2014-01-31,5,9,true,0.2482,0.0564,0.0336,0.0213,-0.0355,53.54,long_term_debt_incl_current,0.7,476.29,net_income,0,No change
WMT,WALMART INC.,Consumer Staples,2014-05-31,2014-01-31,5,9,true,0.2482,0.0564,0.0336,0.0213,-0.0355,53.54,long_term_debt_incl_current,0.7,476.29,net_income,0,No change
WMT,WALMART INC.,Consumer Staples,2014-06-30,2014-01-31,5,9,true,0.2482,0.0564,0.0336,0.0213,-0.0355,53.54,long_term_debt_incl_current,0.7,476.29,net_income,0,No change
WMT,WALMART INC.,Consumer Staples,2014-07-31,2014-01-31,5,9,true,0.2482,0.0564,0.0336,0.0213,-0.0355,53.54,long_term_debt_incl_current,0.7,476.29,net_income,0,No change
WMT,WALMART INC.,Consumer Staples,2014-08-31,2014-01-31,5,9,true,0.2482,0.0564,0.0336,0.0213,-0.0355,53.54,long_term_debt_incl_current,0.7,476.29,net_income,0,No change
WMT,WALMART INC.,Consumer Staples,2014-09-30,2014-01-31,5,9,true,0.2482,0.0564,0.0336,0.0213,-0.0355,53.54,long_term_debt_incl_current,0.7,476.29,net_income,0,No change
WMT,WALMART INC.,Consumer Staples,2014-10-31,2014-01-31,5,9,true,0.2482,0.0564,0.0336,0.0213,-0.0355,53.54,long_term_debt_incl_current,0.7,476.29,net_income,0,No change
WMT,WALMART INC.,Consumer Staples,2014-11-30,2014-01-31,5,9,true,0.2482,0.0564,0.0336,0.0213,-0.0355,53.54,long_term_debt_incl_current,0.7,476.29,net_income,0,No change
WMT,WALMART INC.,Consumer Staples,2014-12-31,2014-01-31,5,9,true,0.2482,0.0564,0.0336,0.0213,-0.0355,53.54,long_term_debt_incl_current,0.7,476.29,net_income,0,No change
WMT,WALMART INC.,Consumer Staples,2015-01-31,2014-01-31,5,9,true,0.2482,0.0564,0.0336,0.0213,-0.0355,53.54,long_term_debt_incl_current,0.7,476.29,net_income,0,No change
WMT,WALMART INC.,Consumer Staples,2015-02-28,2014-01-31,5,9,true,0.2482,0.0564,0.0336,0.0213,-0.0355,53.54,long_term_debt_incl_current,0.7,476.29,net_income,0,No change
WMT,WALMART INC.,Consumer Staples,2015-03-31,2014-01-31,5,9,true,0.2482,0.0564,0.0336,0.0213,-0.0355,53.54,long_term_debt_incl_current,0.7,476.29,net_income,0,No change
WMT,WALMART INC.,Consumer Staples,2015-04-30,2015-01-31,9,9,true,0.2483,0.0559,0.0337,0.0337,-0.0597,47.49,long_term_debt_incl_current,0.58,485.65,net_income,4,New annual report
WMT,WALMART INC.,Consumer Staples,2015-05-31,2015-01-31,9,9,true,0.2483,0.0559,0.0337,0.0337,-0.0597,47.49,long_term_debt_incl_current,0.58,485.65,net_income,0,No change
WMT,WALMART INC.,Consumer Staples,2015-06-30,2015-01-31,9,9,true,0.2483,0.0559,0.0337,0.0337,-0.0598,47.49,long_term_debt_incl_current,0.58,485.65,net_income,0,No change
WMT,WALMART INC.,Consumer Staples,2015-07-31,2015-01-31,9,9,true,0.2483,0.0559,0.0337,0.0337,-0.0598,47.49,long_term_debt_incl_current,0.58,485.65,net_income,0,No change
WMT,WALMART INC.,Consumer Staples,2015-08-31,2015-01-31,9,9,true,0.2483,0.0559,0.0337,0.0337,-0.0598,47.49,long_term_debt_incl_current,0.58,485.65,net_income,0,No change
WMT,WALMART INC.,Consumer Staples,2015-09-30,2015-01-31,9,9,true,0.2483,0.0559,0.0337,0.0337,-0.0598,47.49,long_term_debt_incl_current,0.58,485.65,net_income,0,No change
WMT,WALMART INC.,Consumer Staples,2015-10-31,2015-01-31,9,9,true,0.2483,0.0559,0.0337,0.0337,-0.0598,47.49,long_term_debt_incl_current,0.58,485.65,net_income,0,No change
WMT,WALMART INC.,Consumer Staples,2015-11-30,2015-01-31,9,9,true,0.2483,0.0559,0.0337,0.0337,-0.0598,47.49,long_term_debt_incl_current,0.58,485.65,net_income,0,No change
WMT,WALMART INC.,Consumer Staples,2015-12-31,2015-01-31,9,9,true,0.2483,0.0559,0.0337,0.0337,-0.0598,47.49,long_term_debt_incl_current,0.58,485.65,net_income,0,No change
WMT,WALMART INC.,Consumer Staples,2016-01-31,2015-01-31,9,9,true,0.2483,0.0559,0.0337,0.0337,-0.0598,47.49,long_term_debt_incl_current,0.58,485.65,net_income,0,No change
WMT,WALMART INC.,Consumer Staples,2016-02-29,2015-01-31,9,9,true,0.2483,0.0559,0.0337,0.0337,-0.0598,47.49,long_term_debt_incl_current,0.58,485.65,net_income,0,No change
WMT,WALMART INC.,Consumer Staples,2016-03-31,2016-01-31,6,9,true,0.2513,0.05,0.0305,0.033,-0.063,43.67,long_term_debt_incl_current,0.54,482.13,net_income,-3,New annual report
WMT,WALMART INC.,Consumer Staples,2016-04-30,2016-01-31,6,9,true,0.2513,0.05,0.0305,0.033,-0.063,43.67,long_term_debt_incl_current,0.54,482.13,net_income,0,No change
WMT,WALMART INC.,Consumer Staples,2016-05-31,2016-01-31,6,9,true,0.2513,0.05,0.0305,0.033,-0.063,43.67,long_term_debt_incl_current,0.54,482.13,net_income,0,No change
WMT,WALMART INC.,Consumer Staples,2016-06-30,2016-01-31,6,9,true,0.2513,0.05,0.0305,0.033,-0.063,43.67,long_term_debt_incl_current,0.54,482.13,net_income,0,No change
WMT,WALMART INC.,Consumer Staples,2016-07-31,2016-01-31,6,9,true,0.2513,0.05,0.0305,0.033,-0.063,43.67,long_term_debt_incl_current,0.54,482.13,net_income,0,No change
WMT,WALMART INC.,Consumer Staples,2016-08-31,2016-01-31,6,9,true,0.2513,0.05,0.0305,0.033,-0.063,43.67,long_term_debt_incl_current,0.54,482.13,net_income,0,No change
WMT,WALMART INC.,Consumer Staples,2016-09-30,2016-01-31,6,9,true,0.2513,0.05,0.0305,0.033,-0.063,43.67,long_term_debt_incl_current,0.54,482.13,net_income,0,No change
WMT,WALMART INC.,Consumer Staples,2016-10-31,2016-01-31,6,9,true,0.2513,0.05,0.0305,0.033,-0.063,43.67,long_term_debt_incl_current,0.54,482.13,net_income,0,No change
WMT,WALMART INC.,Consumer Staples,2016-11-30,2016-01-31,6,9,true,0.2513,0.05,0.0305,0.033,-0.063,43.67,long_term_debt_incl_current,0.54,482.13,net_income,0,No change
WMT,WALMART INC.,Consumer Staples,2016-12-31,2016-01-31,6,9,true,0.2513,0.05,0.0305,0.033,-0.063,43.67,long_term_debt_incl_current,0.54,482.13,net_income,0,No change
WMT,WALMART INC.,Consumer Staples,2017-01-31,2016-01-31,6,9,true,0.2513,0.05,0.0305,0.033,-0.063,43.67,long_term_debt_incl_current,0.54,482.13,net_income,0,No change
WMT,WALMART INC.,Consumer Staples,2017-02-28,2016-01-31,6,9,true,0.2513,0.05,0.0305,0.033,-0.063,43.67,long_term_debt_incl_current,0.54,482.13,net_income,0,No change
WMT,WALMART INC.,Consumer Staples,2017-03-31,2016-01-31,6,9,true,0.2513,0.05,0.0305,0.033,-0.063,43.67,long_term_debt_incl_current,0.54,482.13,net_income,0,No change
WMT,WALMART INC.,Consumer Staples,2017-04-30,2017-01-31,7,9,true,0.2565,0.0469,0.0281,0.043,-0.0898,39.37,long_term_debt_incl_current,0.51,485.87,net_income,1,New annual report
WMT,WALMART INC.,Consumer Staples,2017-05-31,2017-01-31,7,9,true,0.2565,0.0469,0.0281,0.043,-0.0898,39.37,long_term_debt_incl_current,0.51,485.87,net_income,0,No change
WMT,WALMART INC.,Consumer Staples,2017-06-30,2017-01-31,7,9,true,0.2565,0.0469,0.0281,0.043,-0.0898,39.37,long_term_debt_incl_current,0.51,485.87,net_income,0,No change
WMT,WALMART INC.,Consumer Staples,2017-07-31,2017-01-31,7,9,true,0.2565,0.0469,0.0281,0.043,-0.0898,39.37,long_term_debt_incl_current,0.51,485.87,net_income,0,No change
WMT,WALMART INC.,Consumer Staples,2017-08-31,2017-01-31,7,9,true,0.2565,0.0469,0.0281,0.043,-0.0898,39.37,long_term_debt_incl_current,0.51,485.87,net_income,0,No change
WMT,WALMART INC.,Consumer Staples,2017-09-30,2017-01-31,7,9,true,0.2565,0.0469,0.0281,0.043,-0.0898,39.37,long_term_debt_incl_current,0.51,485.87,net_income,0,No change
WMT,WALMART INC.,Consumer Staples,2017-10-31,2017-01-31,7,9,true,0.2565,0.0469,0.0281,0.043,-0.0898,39.37,long_term_debt_incl_current,0.51,485.87,net_income,0,No change
WMT,WALMART INC.,Consumer Staples,2017-11-30,2017-01-31,7,9,true,0.2565,0.0469,0.0281,0.043,-0.0898,39.37,long_term_debt_incl_current,0.51,485.87,net_income,0,No change
WMT,WALMART INC.,Consumer Staples,2017-12-31,2017-01-31,7,9,true,0.2565,0.0469,0.0281,0.043,-0.0898,39.37,long_term_debt_incl_current,0.51,485.87,net_income,0,No change
WMT,WALMART INC.,Consumer Staples,2018-01-31,2017-01-31,7,9,true,0.2565,0.0469,0.0281,0.043,-0.0898,39.37,long_term_debt_incl_current,0.51,485.87,net_income,0,No change
WMT,WALMART INC.,Consumer Staples,2018-02-28,2017-01-31,7,9,true,0.2565,0.0469,0.0281,0.043,-0.0898,39.37,long_term_debt_incl_current,0.51,485.87,net_income,0,No change
WMT,WALMART INC.,Consumer Staples,2018-03-31,2018-01-31,6,9,true,0.2537,0.0408,0.0197,0.0365,-0.0916,39.04,long_term_debt_incl_current,0.5,500.34,net_income,-1,New annual report
WMT,WALMART INC.,Consumer Staples,2018-04-30,2018-01-31,6,9,true,0.2537,0.0408,0.0197,0.0365,-0.0916,39.04,long_term_debt_incl_current,0.5,500.34,net_income,0,No change
WMT,WALMART INC.,Consumer Staples,2018-05-31,2018-01-31,6,9,true,0.2537,0.0408,0.0197,0.0365,-0.0916,39.04,long_term_debt_incl_current,0.5,500.34,net_income,0,No change
WMT,WALMART INC.,Consumer Staples,2018-06-30,2018-01-31,6,9,true,0.2537,0.0408,0.0197,0.0365,-0.0916,39.04,long_term_debt_incl_current,0.5,500.34,net_income,0,No change
WMT,WALMART INC.,Consumer Staples,2018-07-31,2018-01-31,6,9,true,0.2537,0.0408,0.0197,0.0365,-0.0916,39.04,long_term_debt_incl_current,0.5,500.34,net_income,0,No change
WMT,WALMART INC.,Consumer Staples,2018-08-31,2018-01-31,6,9,true,0.2537,0.0408,0.0197,0.0365,-0.0916,39.04,long_term_debt_incl_current,0.5,500.34,net_income,0,No change
WMT,WALMART INC.,Consumer Staples,2018-09-30,2018-01-31,6,9,true,0.2537,0.0408,0.0197,0.0365,-0.0916,39.04,long_term_debt_incl_current,0.5,500.34,net_income,0,No change
WMT,WALMART INC.,Consumer Staples,2018-10-31,2018-01-31,6,9,true,0.2537,0.0408,0.0197,0.0365,-0.0916,39.04,long_term_debt_incl_current,0.5,500.34,net_income,0,No change
WMT,WALMART INC.,Consumer Staples,2018-11-30,2018-01-31,6,9,true,0.2537,0.0408,0.0197,0.0365,-0.0916,39.04,long_term_debt_incl_current,0.5,500.34,net_income,0,No change
WMT,WALMART INC.,Consumer Staples,2018-12-31,2018-01-31,6,9,true,0.2537,0.0408,0.0197,0.0365,-0.0916,39.04,long_term_debt_incl_current,0.5,500.34,net_income,0,No change
WMT,WALMART INC.,Consumer Staples,2019-01-31,2018-01-31,6,9,true,0.2537,0.0408,0.0197,0.0365,-0.0916,39.04,long_term_debt_incl_current,0.5,500.34,net_income,0,No change
WMT,WALMART INC.,Consumer Staples,2019-02-28,2018-01-31,6,9,true,0.2537,0.0408,0.0197,0.0365,-0.0916,39.04,long_term_debt_incl_current,0.5,500.34,net_income,0,No change
WMT,WALMART INC.,Consumer Staples,2019-03-31,2019-01-31,6,9,true,0.245,0.043,0.0131,0.0341,-0.0995,50.62,long_term_debt_incl_current,0.7,510.33,net_income,0,No change
WMT,WALMART INC.,Consumer Staples,2019-04-30,2019-01-31,6,9,true,0.245,0.043,0.0131,0.0341,-0.0995,50.62,long_term_debt_incl_current,0.7,510.33,net_income,0,No change
WMT,WALMART INC.,Consumer Staples,2019-05-31,2019-01-31,6,9,true,0.245,0.043,0.0131,0.0341,-0.0995,50.62,long_term_debt_incl_current,0.7,510.33,net_income,0,No change
WMT,WALMART INC.,Consumer Staples,2019-06-30,2019-01-31,6,9,true,0.245,0.043,0.0131,0.0341,-0.0995,50.62,long_term_debt_incl_current,0.7,510.33,net_income,0,No change
WMT,WALMART INC.,Consumer Staples,2019-07-31,2019-01-31,6,9,true,0.245,0.043,0.0131,0.0341,-0.0995,50.62,long_term_debt_incl_current,0.7,510.33,net_income,0,No change
WMT,WALMART INC.,Consumer Staples,2019-08-31,2019-01-31,6,9,true,0.245,0.043,0.0131,0.0341,-0.0995,50.62,long_term_debt_incl_current,0.7,510.33,net_income,0,No change
WMT,WALMART INC.,Consumer Staples,2019-09-30,2019-01-31,6,9,true,0.245,0.043,0.0131,0.0341,-0.0995,50.62,long_term_debt_incl_current,0.7,510.33,net_income,0,No change
WMT,WALMART INC.,Consumer Staples,2019-10-31,2019-01-31,6,9,true,0.245,0.043,0.0131,0.0341,-0.0995,50.62,long_term_debt_incl_current,0.7,510.33,net_income,0,No change
WMT,WALMART INC.,Consumer Staples,2019-11-30,2019-01-31,6,9,true,0.245,0.043,0.0131,0.0341,-0.0995,50.62,long_term_debt_incl_current,0.7,510.33,net_income,0,No change
WMT,WALMART INC.,Consumer Staples,2019-12-31,2019-01-31,6,9,true,0.245,0.043,0.0131,0.0341,-0.0995,50.62,long_term_debt_incl_current,0.7,510.33,net_income,0,No change
WMT,WALMART INC.,Consumer Staples,2020-01-31,2019-01-31,6,9,true,0.245,0.043,0.0131,0.0341,-0.0995,50.62,long_term_debt_incl_current,0.7,510.33,net_income,0,No change
WMT,WALMART INC.,Consumer Staples,2020-02-29,2019-01-31,6,9,true,0.245,0.043,0.0131,0.0341,-0.0995,50.62,long_term_debt_incl_current,0.7,510.33,net_income,0,No change
WMT,WALMART INC.,Consumer Staples,2020-03-31,2020-01-31,6,9,true,0.241,0.0396,0.0286,0.028,-0.0455,49.65,long_term_debt_incl_current,0.66,519.93,net_income,0,No change
WMT,WALMART INC.,Consumer Staples,2020-04-30,2020-01-31,6,9,true,0.241,0.0396,0.0286,0.028,-0.0455,49.65,long_term_debt_incl_current,0.66,519.93,net_income,0,No change
WMT,WALMART INC.,Consumer Staples,2020-05-31,2020-01-31,6,9,true,0.241,0.0396,0.0286,0.028,-0.0455,49.65,long_term_debt_incl_current,0.66,519.93,net_income,0,No change
WMT,WALMART INC.,Consumer Staples,2020-06-30,2020-01-31,6,9,true,0.241,0.0396,0.0286,0.028,-0.0455,49.65,long_term_debt_incl_current,0.66,519.93,net_income,0,No change
WMT,WALMART INC.,Consumer Staples,2020-07-31,2020-01-31,6,9,true,0.241,0.0396,0.0286,0.028,-0.0455,49.65,long_term_debt_incl_current,0.66,519.93,net_income,0,No change
WMT,WALMART INC.,Consumer Staples,2020-08-31,2020-01-31,6,9,true,0.241,0.0396,0.0286,0.028,-0.0455,49.65,long_term_debt_incl_current,0.66,519.93,net_income,0,No change
WMT,WALMART INC.,Consumer Staples,2020-09-30,2020-01-31,6,9,true,0.241,0.0396,0.0286,0.028,-0.0455,49.65,long_term_debt_incl_current,0.66,519.93,net_income,0,No change
WMT,WALMART INC.,Consumer Staples,2020-10-31,2020-01-31,6,9,true,0.241,0.0396,0.0286,0.028,-0.0455,49.65,long_term_debt_incl_current,0.66,519.93,net_income,0,No change
WMT,WALMART INC.,Consumer Staples,2020-11-30,2020-01-31,6,9,true,0.241,0.0396,0.0286,0.028,-0.0455,49.65,long_term_debt_incl_current,0.66,519.93,net_income,0,No change
WMT,WALMART INC.,Consumer Staples,2020-12-31,2020-01-31,6,9,true,0.241,0.0396,0.0286,0.028,-0.0455,49.65,long_term_debt_incl_current,0.66,519.93,net_income,0,No change
WMT,WALMART INC.,Consumer Staples,2021-01-31,2020-01-31,6,9,true,0.241,0.0396,0.0286,0.028,-0.0455,49.65,long_term_debt_incl_current,0.66,519.93,net_income,0,No change
WMT,WALMART INC.,Consumer Staples,2021-02-28,2020-01-31,6,9,true,0.241,0.0396,0.0286,0.028,-0.0455,49.65,long_term_debt_incl_current,0.66,519.93,net_income,0,No change
WMT,WALMART INC.,Consumer Staples,2021-03-31,2021-01-31,7,9,true,0.243,0.0406,0.0243,0.0465,-0.0923,44.53,long_term_debt_incl_current,0.55,555.23,net_income,1,New annual report
WMT,WALMART INC.,Consumer Staples,2021-04-30,2021-01-31,7,9,true,0.243,0.0406,0.0243,0.0465,-0.0923,44.53,long_term_debt_incl_current,0.55,555.23,net_income,0,No change
WMT,WALMART INC.,Consumer Staples,2021-05-31,2021-01-31,7,9,true,0.243,0.0406,0.0243,0.0465,-0.0923,44.53,long_term_debt_incl_current,0.55,555.23,net_income,0,No change
WMT,WALMART INC.,Consumer Staples,2021-06-30,2021-01-31,7,9,true,0.243,0.0406,0.0243,0.0465,-0.0923,44.53,long_term_debt_incl_current,0.55,555.23,net_income,0,No change
WMT,WALMART INC.,Consumer Staples,2021-07-31,2021-01-31,7,9,true,0.243,0.0406,0.0243,0.0465,-0.0923,44.53,long_term_debt_incl_current,0.55,555.23,net_income,0,No change
WMT,WALMART INC.,Consumer Staples,2021-08-31,2021-01-31,7,9,true,0.243,0.0406,0.0243,0.0465,-0.0923,44.53,long_term_debt_incl_current,0.55,555.23,net_income,0,No change
WMT,WALMART INC.,Consumer Staples,2021-09-30,2021-01-31,7,9,true,0.243,0.0406,0.0243,0.0465,-0.0923,44.53,long_term_debt_incl_current,0.55,555.23,net_income,0,No change
WMT,WALMART INC.,Consumer Staples,2021-10-31,2021-01-31,7,9,true,0.243,0.0406,0.0243,0.0465,-0.0923,44.53,long_term_debt_incl_current,0.55,555.23,net_income,0,No change
WMT,WALMART INC.,Consumer Staples,2021-11-30,2021-01-31,7,9,true,0.243,0.0406,0.0243,0.0465,-0.0923,44.53,long_term_debt_incl_current,0.55,555.23,net_income,0,No change
WMT,WALMART INC.,Consumer Staples,2021-12-31,2021-01-31,7,9,true,0.243,0.0406,0.0243,0.0465,-0.0923,44.53,long_term_debt_incl_current,0.55,555.23,net_income,0,No change
WMT,WALMART INC.,Consumer Staples,2022-01-31,2021-01-31,7,9,true,0.243,0.0406,0.0243,0.0465,-0.0923,44.53,long_term_debt_incl_current,0.55,555.23,net_income,0,No change
WMT,WALMART INC.,Consumer Staples,2022-02-28,2021-01-31,7,9,true,0.243,0.0406,0.0243,0.0465,-0.0923,44.53,long_term_debt_incl_current,0.55,555.23,net_income,0,No change
WMT,WALMART INC.,Consumer Staples,2022-03-31,2022-01-31,6,9,true,0.2444,0.0457,0.0241,0.0195,-0.0423,38.08,long_term_debt_incl_current,0.46,567.76,net_income,-1,New annual report
WMT,WALMART INC.,Consumer Staples,2022-04-30,2022-01-31,6,9,true,0.2444,0.0457,0.0241,0.0195,-0.0423,38.08,long_term_debt_incl_current,0.46,567.76,net_income,0,No change
WMT,WALMART INC.,Consumer Staples,2022-05-31,2022-01-31,6,9,true,0.2444,0.0457,0.0241,0.0195,-0.0423,38.08,long_term_debt_incl_current,0.46,567.76,net_income,0,No change
WMT,WALMART INC.,Consumer Staples,2022-06-30,2022-01-31,6,9,true,0.2444,0.0457,0.0241,0.0195,-0.0423,38.08,long_term_debt_incl_current,0.46,567.76,net_income,0,No change
WMT,WALMART INC.,Consumer Staples,2022-07-31,2022-01-31,6,9,true,0.2444,0.0457,0.0241,0.0195,-0.0423,38.08,long_term_debt_incl_current,0.46,567.76,net_income,0,No change
WMT,WALMART INC.,Consumer Staples,2022-08-31,2022-01-31,6,9,true,0.2444,0.0457,0.0241,0.0195,-0.0423,38.08,long_term_debt_incl_current,0.46,567.76,net_income,0,No change
WMT,WALMART INC.,Consumer Staples,2022-09-30,2022-01-31,6,9,true,0.2444,0.0457,0.0241,0.0195,-0.0423,38.08,long_term_debt_incl_current,0.46,567.76,net_income,0,No change
WMT,WALMART INC.,Consumer Staples,2022-10-31,2022-01-31,6,9,true,0.2444,0.0457,0.0241,0.0195,-0.0423,38.08,long_term_debt_incl_current,0.46,567.76,net_income,0,No change
WMT,WALMART INC.,Consumer Staples,2022-11-30,2022-01-31,6,9,true,0.2444,0.0457,0.0241,0.0195,-0.0423,38.08,long_term_debt_incl_current,0.46,567.76,net_income,0,No change
WMT,WALMART INC.,Consumer Staples,2022-12-31,2022-01-31,6,9,true,0.2444,0.0457,0.0241,0.0195,-0.0423,38.08,long_term_debt_incl_current,0.46,567.76,net_income,0,No change
WMT,WALMART INC.,Consumer Staples,2023-01-31,2022-01-31,6,9,true,0.2444,0.0457,0.0241,0.0195,-0.0423,38.08,long_term_debt_incl_current,0.46,567.76,net_income,0,No change
WMT,WALMART INC.,Consumer Staples,2023-02-28,2022-01-31,6,9,true,0.2444,0.0457,0.0241,0.0195,-0.0423,38.08,long_term_debt_incl_current,0.46,567.76,net_income,0,No change
WMT,WALMART INC.,Consumer Staples,2023-03-31,2023-01-31,5,9,true,0.2346,0.0337,0.0193,0.0198,-0.0703,39.21,long_term_debt_incl_current,0.51,605.88,net_income,-1,New annual report
WMT,WALMART INC.,Consumer Staples,2023-04-30,2023-01-31,5,9,true,0.2346,0.0337,0.0193,0.0198,-0.0703,39.21,long_term_debt_incl_current,0.51,605.88,net_income,0,No change
WMT,WALMART INC.,Consumer Staples,2023-05-31,2023-01-31,5,9,true,0.2346,0.0337,0.0193,0.0198,-0.0703,39.21,long_term_debt_incl_current,0.51,605.88,net_income,0,No change
WMT,WALMART INC.,Consumer Staples,2023-06-30,2023-01-31,5,9,true,0.2346,0.0337,0.0193,0.0198,-0.0703,39.21,long_term_debt_incl_current,0.51,605.88,net_income,0,No change
WMT,WALMART INC.,Consumer Staples,2023-07-31,2023-01-31,5,9,true,0.2346,0.0337,0.0193,0.0198,-0.0703,39.21,long_term_debt_incl_current,0.51,605.88,net_income,0,No change
WMT,WALMART INC.,Consumer Staples,2023-08-31,2023-01-31,5,9,true,0.2346,0.0337,0.0193,0.0198,-0.0703,39.21,long_term_debt_incl_current,0.51,605.88,net_income,0,No change
WMT,WALMART INC.,Consumer Staples,2023-09-30,2023-01-31,5,9,true,0.2346,0.0337,0.0193,0.0198,-0.0703,39.21,long_term_debt_incl_current,0.51,605.88,net_income,0,No change
WMT,WALMART INC.,Consumer Staples,2023-10-31,2023-01-31,5,9,true,0.2346,0.0337,0.0193,0.0198,-0.0703,39.21,long_term_debt_incl_current,0.51,605.88,net_income,0,No change
WMT,WALMART INC.,Consumer Staples,2023-11-30,2023-01-31,5,9,true,0.2346,0.0337,0.0193,0.0198,-0.0703,39.21,long_term_debt_incl_current,0.51,605.88,net_income,0,No change
WMT,WALMART INC.,Consumer Staples,2023-12-31,2023-01-31,5,9,true,0.2346,0.0337,0.0193,0.0198,-0.0703,39.21,long_term_debt_incl_current,0.51,605.88,net_income,0,No change
WMT,WALMART INC.,Consumer Staples,2024-01-31,2023-01-31,5,9,true,0.2346,0.0337,0.0193,0.0198,-0.0703,39.21,long_term_debt_incl_current,0.51,605.88,net_income,0,No change
WMT,WALMART INC.,Consumer Staples,2024-02-29,2023-01-31,5,9,true,0.2346,0.0337,0.0193,0.0198,-0.0703,39.21,long_term_debt_incl_current,0.51,605.88,net_income,0,No change
WMT,WALMART INC.,Consumer Staples,2024-03-31,2024-01-31,8,9,true,0.2373,0.042,0.0241,0.0235,-0.0816,40.46,long_term_debt_incl_current,0.48,642.64,net_income,3,New annual report
WMT,WALMART INC.,Consumer Staples,2024-04-30,2024-01-31,8,9,true,0.2373,0.042,0.0241,0.0235,-0.0816,40.46,long_term_debt_incl_current,0.48,642.64,net_income,0,No change
WMT,WALMART INC.,Consumer Staples,2024-05-31,2024-01-31,8,9,true,0.2373,0.042,0.0241,0.0235,-0.0816,40.46,long_term_debt_incl_current,0.48,642.64,net_income,0,No change
WMT,WALMART INC.,Consumer Staples,2024-06-30,2024-01-31,8,9,true,0.2373,0.042,0.0241,0.0235,-0.0816,40.46,long_term_debt_incl_current,0.48,642.64,net_income,0,No change
WMT,WALMART INC.,Consumer Staples,2024-07-31,2024-01-31,8,9,true,0.2373,0.042,0.0241,0.0235,-0.0816,40.46,long_term_debt_incl_current,0.48,642.64,net_income,0,No change
WMT,WALMART INC.,Consumer Staples,2024-08-31,2024-01-31,8,9,true,0.2373,0.042,0.0241,0.0235,-0.0816,40.46,long_term_debt_incl_current,0.48,642.64,net_income,0,No change
WMT,WALMART INC.,Consumer Staples,2024-09-30,2024-01-31,8,9,true,0.2373,0.042,0.0241,0.0235,-0.0816,40.46,long_term_debt_incl_current,0.48,642.64,net_income,0,No change
WMT,WALMART INC.,Consumer Staples,2024-10-31,2024-01-31,8,9,true,0.2373,0.042,0.0241,0.0235,-0.0816,40.46,long_term_debt_incl_current,0.48,642.64,net_income,0,No change
WMT,WALMART INC.,Consumer Staples,2024-11-30,2024-01-31,8,9,true,0.2373,0.042,0.0241,0.0235,-0.0816,40.46,long_term_debt_incl_current,0.48,642.64,net_income,0,No change
WMT,WALMART INC.,Consumer Staples,2024-12-31,2024-01-31,8,9,true,0.2373,0.042,0.0241,0.0235,-0.0816,40.46,long_term_debt_incl_current,0.48,642.64,net_income,0,No change
WMT,WALMART INC.,Consumer Staples,2025-01-31,2024-01-31,8,9,true,0.2373,0.042,0.0241,0.0235,-0.0816,40.46,long_term_debt_incl_current,0.48,642.64,net_income,0,No change
WMT,WALMART INC.,Consumer Staples,2025-02-28,2024-01-31,8,9,true,0.2373,0.042,0.0241,0.0235,-0.0816,40.46,long_term_debt_incl_current,0.48,642.64,net_income,0,No change
WMT,WALMART INC.,Consumer Staples,2025-03-31,2025-01-31,8,9,true,0.2413,0.0435,0.0288,0.0188,-0.0663,39.07,long_term_debt_incl_current,0.43,674.54,net_income,0,No change
WMT,WALMART INC.,Consumer Staples,2025-04-30,2025-01-31,8,9,true,0.2413,0.0435,0.0288,0.0188,-0.0663,39.07,long_term_debt_incl_current,0.43,674.54,net_income,0,No change
WMT,WALMART INC.,Consumer Staples,2025-05-31,2025-01-31,8,9,true,0.2413,0.0435,0.0288,0.0188,-0.0663,39.07,long_term_debt_incl_current,0.43,674.54,net_income,0,No change
WMT,WALMART INC.,Consumer Staples,2025-06-30,2025-01-31,8,9,true,0.2413,0.0435,0.0288,0.0188,-0.0663,39.07,long_term_debt_incl_current,0.43,674.54,net_income,0,No change
WMT,WALMART INC.,Consumer Staples,2025-07-31,2025-01-31,8,9,true,0.2413,0.0435,0.0288,0.0188,-0.0663,39.07,long_term_debt_incl_current,0.43,674.54,net_income,0,No change
WMT,WALMART INC.,Consumer Staples,2025-08-31,2025-01-31,8,9,true,0.2413,0.0435,0.0288,0.0188,-0.0663,39.07,long_term_debt_incl_current,0.43,674.54,net_income,0,No change
WMT,WALMART INC.,Consumer Staples,2025-09-30,2025-01-31,8,9,true,0.2413,0.0435,0.0288,0.0188,-0.0663,39.07,long_term_debt_incl_current,0.43,674.54,net_income,0,No change
WMT,WALMART INC.,Consumer Staples,2025-10-31,2025-01-31,8,9,true,0.2413,0.0435,0.0288,0.0188,-0.0663,39.07,long_term_debt_incl_current,0.43,674.54,net_income,0,No change
WMT,WALMART INC.,Consumer Staples,2025-11-30,2025-01-31,8,9,true,0.2413,0.0435,0.0288,0.0188,-0.0663,39.07,long_term_debt_incl_current,0.43,674.54,net_income,0,No change
WMT,WALMART INC.,Consumer Staples,2025-12-31,2025-01-31,8,9,true,0.2413,0.0435,0.0288,0.0188,-0.0663,39.07,long_term_debt_incl_current,0.43,674.54,net_income,0,No change
WMT,WALMART INC.,Consumer Staples,2026-01-31,2025-01-31,8,9,true,0.2413,0.0435,0.0288,0.0188,-0.0663,39.07,long_term_debt_incl_current,0.43,674.54,net_income,0,No change
WMT,WALMART INC.,Consumer Staples,2026-02-28,2025-01-31,8,9,true,0.2413,0.0435,0.0288,0.0188,-0.0663,39.07,long_term_debt_incl_current,0.43,674.54,net_income,0,No change
WMT,WALMART INC.,Consumer Staples,2026-03-31,2026-01-31,7,9,true,0.2421,0.0422,0.031,0.0211,-0.0721,44.76,long_term_debt_incl_current,0.45,706.41,net_income,-1,New annual report
WMT,WALMART INC.,Consumer Staples,2026-04-30,2026-01-31,7,9,true,0.2421,0.0422,0.031,0.0211,-0.0721,44.76,long_term_debt_incl_current,0.45,706.41,net_income,0,No change
WMT,WALMART INC.,Consumer Staples,2026-05-31,2026-01-31,7,9,true,0.2421,0.0422,0.031,0.0211,-0.0721,44.76,long_term_debt_incl_current,0.45,706.41,net_income,0,No change
WMT,WALMART INC.,Consumer Staples,2026-06-30,2026-01-31,7,9,true,0.2421,0.0422,0.031,0.0211,-0.0721,44.76,long_term_debt_incl_current,0.45,706.41,net_income,0,No change
WMT,WALMART INC.,Consumer Staples,2026-07-31,2026-01-31,7,9,true,0.2421,0.0422,0.031,0.0211,-0.0721,44.76,long_term_debt_incl_current,0.45,706.41,net_income,0,No change
WMT,WALMART INC.,Consumer Staples,2026-08-31,2026-01-31,7,9,true,0.2421,0.0422,0.031,0.0211,-0.0721,44.76,long_term_debt_incl_current,0.45,706.41,net_income,0,No change
WMT,WALMART INC.,Consumer Staples,2026-09-30,2026-01-31,7,9,true,0.2421,0.0422,0.031,0.0211,-0.0721,44.76,long_term_debt_incl_current,0.45,706.41,net_income,0,No change
XOM,ExxonMobil Holdings Corp,Energy,2010-02-28,2009-12-31,3,4,false,,,,,-0.0397,,,,,net_income,,No change
XOM,ExxonMobil Holdings Corp,Energy,2010-03-31,2009-12-31,3,4,false,,,,,-0.0397,,,,,net_income,0,No change
XOM,ExxonMobil Holdings Corp,Energy,2010-04-30,2009-12-31,3,4,false,,,,,-0.0397,,,,,net_income,0,No change
XOM,ExxonMobil Holdings Corp,Energy,2010-05-31,2009-12-31,3,4,false,,,,,-0.0397,,,,,net_income,0,No change
XOM,ExxonMobil Holdings Corp,Energy,2010-06-30,2009-12-31,3,4,false,,,,,-0.0397,,,,,net_income,0,No change
XOM,ExxonMobil Holdings Corp,Energy,2010-07-31,2009-12-31,3,4,false,,,,,-0.0397,,,,,net_income,0,No change
XOM,ExxonMobil Holdings Corp,Energy,2010-08-31,2009-12-31,3,4,false,,,,,-0.0397,,,,,net_income,0,No change
XOM,ExxonMobil Holdings Corp,Energy,2010-09-30,2009-12-31,3,4,false,,,,,-0.0397,,,,,net_income,0,No change
XOM,ExxonMobil Holdings Corp,Energy,2010-10-31,2009-12-31,3,4,false,,,,,-0.0397,,,,,net_income,0,No change
XOM,ExxonMobil Holdings Corp,Energy,2010-11-30,2009-12-31,3,4,false,,,,,-0.0397,,,,,net_income,0,No change
XOM,ExxonMobil Holdings Corp,Energy,2010-12-31,2009-12-31,3,4,false,,,,,-0.0397,,,,,net_income,0,No change
XOM,ExxonMobil Holdings Corp,Energy,2011-01-31,2009-12-31,3,4,false,,,,,-0.0397,,,,,net_income,0,No change
XOM,ExxonMobil Holdings Corp,Energy,2011-02-28,2010-12-31,4,5,false,,,,,-0.067,,,,,net_income,1,New annual report
XOM,ExxonMobil Holdings Corp,Energy,2011-03-31,2010-12-31,4,5,false,,,,,-0.067,,,,,net_income,0,No change
XOM,ExxonMobil Holdings Corp,Energy,2011-04-30,2010-12-31,4,5,false,,,,,-0.067,,,,,net_income,0,No change
XOM,ExxonMobil Holdings Corp,Energy,2011-05-31,2010-12-31,4,5,false,,,,,-0.067,,,,,net_income,0,No change
XOM,ExxonMobil Holdings Corp,Energy,2011-06-30,2010-12-31,4,5,false,,,,,-0.067,,,,,net_income,0,No change
XOM,ExxonMobil Holdings Corp,Energy,2011-07-31,2010-12-31,4,5,false,,,,,-0.067,,,,,net_income,0,No change
XOM,ExxonMobil Holdings Corp,Energy,2011-08-31,2010-12-31,4,5,false,,,,,-0.067,,,,,net_income,0,No change
XOM,ExxonMobil Holdings Corp,Energy,2011-09-30,2010-12-31,4,5,false,,,,,-0.067,,,,,net_income,0,No change
XOM,ExxonMobil Holdings Corp,Energy,2011-10-31,2010-12-31,4,5,false,,,,,-0.067,,,,,net_income,0,No change
XOM,ExxonMobil Holdings Corp,Energy,2011-11-30,2010-12-31,4,5,false,,,,,-0.067,,,,,net_income,0,No change
XOM,ExxonMobil Holdings Corp,Energy,2011-12-31,2010-12-31,4,5,false,,,,,-0.067,,,,,net_income,0,No change
XOM,ExxonMobil Holdings Corp,Energy,2012-01-31,2010-12-31,4,5,false,,,,,-0.067,,,,,net_income,0,No change
XOM,ExxonMobil Holdings Corp,Energy,2012-02-29,2011-12-31,4,6,false,,,0.0879,0.0522,-0.0451,,,,467.03,net_income,0,No change
XOM,ExxonMobil Holdings Corp,Energy,2012-03-31,2011-12-31,4,6,false,,,0.0879,0.0522,-0.0451,,,,467.03,net_income,0,No change
XOM,ExxonMobil Holdings Corp,Energy,2012-04-30,2011-12-31,4,6,false,,,0.0879,0.0522,-0.0451,,,,467.03,net_income,0,No change
XOM,ExxonMobil Holdings Corp,Energy,2012-05-31,2011-12-31,4,6,false,,,0.0879,0.0522,-0.0451,,,,467.03,net_income,0,No change
XOM,ExxonMobil Holdings Corp,Energy,2012-06-30,2011-12-31,4,6,false,,,0.0879,0.0522,-0.0451,,,,467.03,net_income,0,No change
XOM,ExxonMobil Holdings Corp,Energy,2012-07-31,2011-12-31,4,6,false,,,0.0879,0.0522,-0.0451,,,,467.03,net_income,0,No change
XOM,ExxonMobil Holdings Corp,Energy,2012-08-31,2011-12-31,4,6,false,,,0.0879,0.0522,-0.0451,,,,467.03,net_income,0,No change
XOM,ExxonMobil Holdings Corp,Energy,2012-09-30,2011-12-31,4,6,false,,,0.0879,0.0522,-0.0451,,,,467.03,net_income,0,No change
XOM,ExxonMobil Holdings Corp,Energy,2012-10-31,2011-12-31,4,6,false,,,0.0879,0.0522,-0.0451,,,,467.03,net_income,0,No change
XOM,ExxonMobil Holdings Corp,Energy,2012-11-30,2011-12-31,4,6,false,,,0.0879,0.0522,-0.0451,,,,467.03,net_income,0,No change
XOM,ExxonMobil Holdings Corp,Energy,2012-12-31,2011-12-31,4,6,false,,,0.0879,0.0522,-0.0451,,,,467.03,net_income,0,No change
XOM,ExxonMobil Holdings Corp,Energy,2013-01-31,2011-12-31,4,6,false,,,0.0879,0.0522,-0.0451,,,,467.03,net_income,0,No change
XOM,ExxonMobil Holdings Corp,Energy,2013-02-28,2012-12-31,4,6,false,,,0.099,0.0483,-0.034,,,,453.12,net_income,0,No change
XOM,ExxonMobil Holdings Corp,Energy,2013-03-31,2012-12-31,4,6,false,,,0.099,0.0483,-0.034,,,,453.12,net_income,0,No change
XOM,ExxonMobil Holdings Corp,Energy,2013-04-30,2012-12-31,4,6,false,,,0.099,0.0483,-0.034,,,,453.12,net_income,0,No change
XOM,ExxonMobil Holdings Corp,Energy,2013-05-31,2012-12-31,4,6,false,,,0.099,0.0483,-0.034,10.49,noncurrent_plus_current,0.06,453.12,net_income,0,No change
XOM,ExxonMobil Holdings Corp,Energy,2013-06-30,2012-12-31,4,6,false,,,0.099,0.0483,-0.034,10.49,noncurrent_plus_current,0.06,453.12,net_income,0,No change
XOM,ExxonMobil Holdings Corp,Energy,2013-07-31,2012-12-31,4,6,false,,,0.099,0.0483,-0.034,10.49,noncurrent_plus_current,0.06,453.12,net_income,0,No change
XOM,ExxonMobil Holdings Corp,Energy,2013-08-31,2012-12-31,4,6,false,,,0.099,0.0483,-0.034,10.49,noncurrent_plus_current,0.06,453.12,net_income,0,No change
XOM,ExxonMobil Holdings Corp,Energy,2013-09-30,2012-12-31,4,6,false,,,0.099,0.0483,-0.034,10.49,noncurrent_plus_current,0.06,453.12,net_income,0,No change
XOM,ExxonMobil Holdings Corp,Energy,2013-10-31,2012-12-31,4,6,false,,,0.099,0.0483,-0.034,10.49,noncurrent_plus_current,0.06,453.12,net_income,0,No change
XOM,ExxonMobil Holdings Corp,Energy,2013-11-30,2012-12-31,4,6,false,,,0.099,0.0483,-0.034,10.49,noncurrent_plus_current,0.06,453.12,net_income,0,No change
XOM,ExxonMobil Holdings Corp,Energy,2013-12-31,2012-12-31,4,6,false,,,0.099,0.0483,-0.034,10.49,noncurrent_plus_current,0.06,453.12,net_income,0,No change
XOM,ExxonMobil Holdings Corp,Energy,2014-01-31,2012-12-31,4,6,false,,,0.099,0.0483,-0.034,10.49,noncurrent_plus_current,0.06,453.12,net_income,0,No change
XOM,ExxonMobil Holdings Corp,Energy,2014-02-28,2013-12-31,2,6,false,,,0.0774,,,21.59,noncurrent_plus_current,0.12,420.84,net_income,-2,New annual report
XOM,ExxonMobil Holdings Corp,Energy,2014-03-31,2013-12-31,2,6,false,,,0.0774,,,21.59,noncurrent_plus_current,0.12,420.84,net_income,0,No change
XOM,ExxonMobil Holdings Corp,Energy,2014-04-30,2013-12-31,2,6,false,,,0.0774,,,21.59,noncurrent_plus_current,0.12,420.84,net_income,0,No change
XOM,ExxonMobil Holdings Corp,Energy,2014-05-31,2013-12-31,2,6,false,,,0.0774,,,21.6,noncurrent_plus_current,0.12,420.84,net_income,0,No change
XOM,ExxonMobil Holdings Corp,Energy,2014-06-30,2013-12-31,2,6,false,,,0.0774,,,21.6,noncurrent_plus_current,0.12,420.84,net_income,0,No change
XOM,ExxonMobil Holdings Corp,Energy,2014-07-31,2013-12-31,2,6,false,,,0.0774,,,21.6,noncurrent_plus_current,0.12,420.84,net_income,0,No change
XOM,ExxonMobil Holdings Corp,Energy,2014-08-31,2013-12-31,2,6,false,,,0.0774,,,21.6,noncurrent_plus_current,0.12,420.84,net_income,0,No change
XOM,ExxonMobil Holdings Corp,Energy,2014-09-30,2013-12-31,2,6,false,,,0.0774,,,21.6,noncurrent_plus_current,0.12,420.84,net_income,0,No change
XOM,ExxonMobil Holdings Corp,Energy,2014-10-31,2013-12-31,2,6,false,,,0.0774,,,21.6,noncurrent_plus_current,0.12,420.84,net_income,0,No change
XOM,ExxonMobil Holdings Corp,Energy,2014-11-30,2013-12-31,2,6,false,,,0.0774,,,21.6,noncurrent_plus_current,0.12,420.84,net_income,0,No change
XOM,ExxonMobil Holdings Corp,Energy,2014-12-31,2013-12-31,2,6,false,,,0.0774,,,21.6,noncurrent_plus_current,0.12,420.84,net_income,0,No change
XOM,ExxonMobil Holdings Corp,Energy,2015-01-31,2013-12-31,2,6,false,,,0.0774,,,21.6,noncurrent_plus_current,0.12,420.84,net_income,0,No change
XOM,ExxonMobil Holdings Corp,Energy,2015-02-28,2014-12-31,1,5,false,,,0.0825,,,28.3,noncurrent_plus_current,0.16,394.11,net_income,-1,New annual report
XOM,ExxonMobil Holdings Corp,Energy,2015-03-31,2014-12-31,1,5,false,,,0.0825,,,28.3,noncurrent_plus_current,0.16,394.11,net_income,0,No change
XOM,ExxonMobil Holdings Corp,Energy,2015-04-30,2014-12-31,1,5,false,,,0.0825,,,28.3,noncurrent_plus_current,0.16,394.11,net_income,0,No change
XOM,ExxonMobil Holdings Corp,Energy,2015-05-31,2014-12-31,1,5,false,,,0.0825,,,28.27,noncurrent_plus_current,0.16,394.11,net_income,0,No change
XOM,ExxonMobil Holdings Corp,Energy,2015-06-30,2014-12-31,1,5,false,,,0.0825,,,28.27,noncurrent_plus_current,0.16,394.11,net_income,0,No change
XOM,ExxonMobil Holdings Corp,Energy,2015-07-31,2014-12-31,1,5,false,,,0.0825,,,28.27,noncurrent_plus_current,0.16,394.11,net_income,0,No change
XOM,ExxonMobil Holdings Corp,Energy,2015-08-31,2014-12-31,1,5,false,,,0.0825,,,28.27,noncurrent_plus_current,0.16,394.11,net_income,0,No change
XOM,ExxonMobil Holdings Corp,Energy,2015-09-30,2014-12-31,1,5,false,,,0.0825,,,28.27,noncurrent_plus_current,0.16,394.11,net_income,0,No change
XOM,ExxonMobil Holdings Corp,Energy,2015-10-31,2014-12-31,1,5,false,,,0.0825,,,28.27,noncurrent_plus_current,0.16,394.11,net_income,0,No change
XOM,ExxonMobil Holdings Corp,Energy,2015-11-30,2014-12-31,1,5,false,,,0.0825,,,28.27,noncurrent_plus_current,0.16,394.11,net_income,0,No change
XOM,ExxonMobil Holdings Corp,Energy,2015-12-31,2014-12-31,1,5,false,,,0.0825,,,28.27,noncurrent_plus_current,0.16,394.11,net_income,0,No change
XOM,ExxonMobil Holdings Corp,Energy,2016-01-31,2014-12-31,1,5,false,,,0.0825,,,28.27,noncurrent_plus_current,0.16,394.11,net_income,0,No change
XOM,ExxonMobil Holdings Corp,Energy,2016-02-29,2015-12-31,1,5,false,,,0.0622,,,37.23,noncurrent_plus_current,0.22,259.49,net_income,0,No change
XOM,ExxonMobil Holdings Corp,Energy,2016-03-31,2015-12-31,1,5,false,,,0.0622,,,37.23,noncurrent_plus_current,0.22,259.49,net_income,0,No change
XOM,ExxonMobil Holdings Corp,Energy,2016-04-30,2015-12-31,1,5,false,,,0.0622,,,37.23,noncurrent_plus_current,0.22,259.49,net_income,0,No change
XOM,ExxonMobil Holdings Corp,Energy,2016-05-31,2015-12-31,1,5,false,,,0.0622,,,37.22,noncurrent_plus_current,0.22,259.49,net_income,0,No change
XOM,ExxonMobil Holdings Corp,Energy,2016-06-30,2015-12-31,1,5,false,,,0.0622,,,37.22,noncurrent_plus_current,0.22,259.49,net_income,0,No change
XOM,ExxonMobil Holdings Corp,Energy,2016-07-31,2015-12-31,1,5,false,,,0.0622,,,37.22,noncurrent_plus_current,0.22,259.49,net_income,0,No change
XOM,ExxonMobil Holdings Corp,Energy,2016-08-31,2015-12-31,1,5,false,,,0.0622,,,37.22,noncurrent_plus_current,0.22,259.49,net_income,0,No change
XOM,ExxonMobil Holdings Corp,Energy,2016-09-30,2015-12-31,1,5,false,,,0.0622,,,37.22,noncurrent_plus_current,0.22,259.49,net_income,0,No change
XOM,ExxonMobil Holdings Corp,Energy,2016-10-31,2015-12-31,1,5,false,,,0.0622,,,37.22,noncurrent_plus_current,0.22,259.49,net_income,0,No change
XOM,ExxonMobil Holdings Corp,Energy,2016-11-30,2015-12-31,1,5,false,,,0.0622,,,37.22,noncurrent_plus_current,0.22,259.49,net_income,0,No change
XOM,ExxonMobil Holdings Corp,Energy,2016-12-31,2015-12-31,1,5,false,,,0.0622,,,37.22,noncurrent_plus_current,0.22,259.49,net_income,0,No change
XOM,ExxonMobil Holdings Corp,Energy,2017-01-31,2015-12-31,1,5,false,,,0.0622,,,37.22,noncurrent_plus_current,0.22,259.49,net_income,0,No change
XOM,ExxonMobil Holdings Corp,Energy,2017-02-28,2016-12-31,2,5,false,,,0.0359,,,41.39,noncurrent_plus_current,0.25,218.61,net_income,1,New annual report
XOM,ExxonMobil Holdings Corp,Energy,2017-03-31,2016-12-31,2,5,false,,,0.0359,,,41.39,noncurrent_plus_current,0.25,218.61,net_income,0,No change
XOM,ExxonMobil Holdings Corp,Energy,2017-04-30,2016-12-31,2,5,false,,,0.0359,,,41.39,noncurrent_plus_current,0.25,218.61,net_income,0,No change
XOM,ExxonMobil Holdings Corp,Energy,2017-05-31,2016-12-31,2,5,false,,,0.0359,,,41.39,noncurrent_plus_current,0.25,218.61,net_income,0,No change
XOM,ExxonMobil Holdings Corp,Energy,2017-06-30,2016-12-31,2,5,false,,,0.0359,,,41.39,noncurrent_plus_current,0.25,218.61,net_income,0,No change
XOM,ExxonMobil Holdings Corp,Energy,2017-07-31,2016-12-31,2,5,false,,,0.0359,,,41.39,noncurrent_plus_current,0.25,218.61,net_income,0,No change
XOM,ExxonMobil Holdings Corp,Energy,2017-08-31,2016-12-31,2,5,false,,,0.0359,,,41.39,noncurrent_plus_current,0.25,218.61,net_income,0,No change
XOM,ExxonMobil Holdings Corp,Energy,2017-09-30,2016-12-31,2,5,false,,,0.0359,,,41.39,noncurrent_plus_current,0.25,218.61,net_income,0,No change
XOM,ExxonMobil Holdings Corp,Energy,2017-10-31,2016-12-31,2,5,false,,,0.0359,,,41.39,noncurrent_plus_current,0.25,218.61,net_income,0,No change
XOM,ExxonMobil Holdings Corp,Energy,2017-11-30,2016-12-31,2,5,false,,,0.0359,,,41.39,noncurrent_plus_current,0.25,218.61,net_income,0,No change
XOM,ExxonMobil Holdings Corp,Energy,2017-12-31,2016-12-31,2,5,false,,,0.0359,,,41.39,noncurrent_plus_current,0.25,218.61,net_income,0,No change
XOM,ExxonMobil Holdings Corp,Energy,2018-01-31,2016-12-31,2,5,false,,,0.0359,,,41.39,noncurrent_plus_current,0.25,218.61,net_income,0,No change
XOM,ExxonMobil Holdings Corp,Energy,2018-02-28,2016-12-31,2,5,false,,,0.0359,,,41.39,noncurrent_plus_current,0.25,218.61,net_income,0,No change
XOM,ExxonMobil Holdings Corp,Energy,2018-03-31,2017-12-31,6,7,false,,,0.0831,0.0618,-0.0305,40.92,noncurrent_plus_current,0.22,237.16,net_income,4,New annual report
XOM,ExxonMobil Holdings Corp,Energy,2018-04-30,2017-12-31,6,7,false,,,0.0831,0.0618,-0.0305,40.92,noncurrent_plus_current,0.22,237.16,net_income,0,No change
XOM,ExxonMobil Holdings Corp,Energy,2018-05-31,2017-12-31,6,7,false,,,0.0831,0.0618,-0.0305,40.92,noncurrent_plus_current,0.22,237.16,net_income,0,No change
XOM,ExxonMobil Holdings Corp,Energy,2018-06-30,2017-12-31,6,7,false,,,0.0831,0.0618,-0.0305,40.92,noncurrent_plus_current,0.22,237.16,net_income,0,No change
XOM,ExxonMobil Holdings Corp,Energy,2018-07-31,2017-12-31,6,7,false,,,0.0831,0.0618,-0.0305,40.92,noncurrent_plus_current,0.22,237.16,net_income,0,No change
XOM,ExxonMobil Holdings Corp,Energy,2018-08-31,2017-12-31,6,7,false,,,0.0831,0.0618,-0.0305,40.92,noncurrent_plus_current,0.22,237.16,net_income,0,No change
XOM,ExxonMobil Holdings Corp,Energy,2018-09-30,2017-12-31,6,7,false,,,0.0831,0.0618,-0.0305,40.92,noncurrent_plus_current,0.22,237.16,net_income,0,No change
XOM,ExxonMobil Holdings Corp,Energy,2018-10-31,2017-12-31,6,7,false,,,0.0831,0.0618,-0.0305,40.92,noncurrent_plus_current,0.22,237.16,net_income,0,No change
XOM,ExxonMobil Holdings Corp,Energy,2018-11-30,2017-12-31,6,7,false,,,0.0831,0.0618,-0.0305,40.92,noncurrent_plus_current,0.22,237.16,net_income,0,No change
XOM,ExxonMobil Holdings Corp,Energy,2018-12-31,2017-12-31,6,7,false,,,0.0831,0.0618,-0.0305,40.92,noncurrent_plus_current,0.22,237.16,net_income,0,No change
XOM,ExxonMobil Holdings Corp,Energy,2019-01-31,2017-12-31,6,7,false,,,0.0831,0.0618,-0.0305,40.92,noncurrent_plus_current,0.22,237.16,net_income,0,No change
XOM,ExxonMobil Holdings Corp,Energy,2019-02-28,2018-12-31,6,6,false,,,0.0746,0.0589,-0.0437,,,,279.33,net_income,0,No change
XOM,ExxonMobil Holdings Corp,Energy,2019-03-31,2018-12-31,6,6,false,,,0.0746,0.0589,-0.0437,,,,279.33,net_income,0,No change
XOM,ExxonMobil Holdings Corp,Energy,2019-04-30,2018-12-31,6,6,false,,,0.0746,0.0589,-0.0437,,,,279.33,net_income,0,No change
XOM,ExxonMobil Holdings Corp,Energy,2019-05-31,2018-12-31,6,6,false,,,0.0746,0.0589,-0.0437,,,,279.33,net_income,0,No change
XOM,ExxonMobil Holdings Corp,Energy,2019-06-30,2018-12-31,6,6,false,,,0.0746,0.0589,-0.0437,,,,279.33,net_income,0,No change
XOM,ExxonMobil Holdings Corp,Energy,2019-07-31,2018-12-31,6,6,false,,,0.0746,0.0589,-0.0437,,,,279.33,net_income,0,No change
XOM,ExxonMobil Holdings Corp,Energy,2019-08-31,2018-12-31,6,6,false,,,0.0746,0.0589,-0.0437,,,,279.33,net_income,0,No change
XOM,ExxonMobil Holdings Corp,Energy,2019-09-30,2018-12-31,6,6,false,,,0.0746,0.0589,-0.0437,,,,279.33,net_income,0,No change
XOM,ExxonMobil Holdings Corp,Energy,2019-10-31,2018-12-31,6,6,false,,,0.0746,0.0589,-0.0437,,,,279.33,net_income,0,No change
XOM,ExxonMobil Holdings Corp,Energy,2019-11-30,2018-12-31,6,6,false,,,0.0746,0.0589,-0.0437,,,,279.33,net_income,0,No change
XOM,ExxonMobil Holdings Corp,Energy,2019-12-31,2018-12-31,6,6,false,,,0.0746,0.0589,-0.0437,,,,279.33,net_income,0,No change
XOM,ExxonMobil Holdings Corp,Energy,2020-01-31,2018-12-31,6,6,false,,,0.0746,0.0589,-0.0437,,,,279.33,net_income,0,No change
XOM,ExxonMobil Holdings Corp,Energy,2020-02-29,2019-12-31,3,6,false,,,0.0561,0.021,-0.0434,,,,255.58,net_income,-3,New annual report
XOM,ExxonMobil Holdings Corp,Energy,2020-03-31,2019-12-31,3,6,false,,,0.0561,0.021,-0.0434,,,,255.58,net_income,0,No change
XOM,ExxonMobil Holdings Corp,Energy,2020-04-30,2019-12-31,3,6,false,,,0.0561,0.021,-0.0434,,,,255.58,net_income,0,No change
XOM,ExxonMobil Holdings Corp,Energy,2020-05-31,2019-12-31,3,6,false,,,0.0561,0.021,-0.0434,,,,255.58,net_income,0,No change
XOM,ExxonMobil Holdings Corp,Energy,2020-06-30,2019-12-31,3,6,false,,,0.0561,0.021,-0.0434,,,,255.58,net_income,0,No change
XOM,ExxonMobil Holdings Corp,Energy,2020-07-31,2019-12-31,3,6,false,,,0.0561,0.021,-0.0434,,,,255.58,net_income,0,No change
XOM,ExxonMobil Holdings Corp,Energy,2020-08-31,2019-12-31,3,6,false,,,0.0561,0.021,-0.0434,,,,255.58,net_income,0,No change
XOM,ExxonMobil Holdings Corp,Energy,2020-09-30,2019-12-31,3,6,false,,,0.0561,0.021,-0.0434,,,,255.58,net_income,0,No change
XOM,ExxonMobil Holdings Corp,Energy,2020-10-31,2019-12-31,3,6,false,,,0.0561,0.021,-0.0434,,,,255.58,net_income,0,No change
XOM,ExxonMobil Holdings Corp,Energy,2020-11-30,2019-12-31,3,6,false,,,0.0561,0.021,-0.0434,,,,255.58,net_income,0,No change
XOM,ExxonMobil Holdings Corp,Energy,2020-12-31,2019-12-31,3,6,false,,,0.0561,0.021,-0.0434,,,,255.58,net_income,0,No change
XOM,ExxonMobil Holdings Corp,Energy,2021-01-31,2019-12-31,3,6,false,,,0.0561,0.021,-0.0434,,,,255.58,net_income,0,No change
XOM,ExxonMobil Holdings Corp,Energy,2021-02-28,2020-12-31,3,6,false,,,-0.1257,-0.0146,-0.1067,,,,178.57,net_income,0,No change
XOM,ExxonMobil Holdings Corp,Energy,2021-03-31,2020-12-31,3,6,false,,,-0.1257,-0.0146,-0.1067,,,,178.57,net_income,0,No change
XOM,ExxonMobil Holdings Corp,Energy,2021-04-30,2020-12-31,3,6,false,,,-0.1257,-0.0146,-0.1067,,,,178.57,net_income,0,No change
XOM,ExxonMobil Holdings Corp,Energy,2021-05-31,2020-12-31,3,6,false,,,-0.1257,-0.0146,-0.1067,,,,178.57,net_income,0,No change
XOM,ExxonMobil Holdings Corp,Energy,2021-06-30,2020-12-31,3,6,false,,,-0.1257,-0.0146,-0.1067,,,,178.57,net_income,0,No change
XOM,ExxonMobil Holdings Corp,Energy,2021-07-31,2020-12-31,3,6,false,,,-0.1257,-0.0146,-0.1067,,,,178.57,net_income,0,No change
XOM,ExxonMobil Holdings Corp,Energy,2021-08-31,2020-12-31,3,6,false,,,-0.1257,-0.0146,-0.1067,,,,178.57,net_income,0,No change
XOM,ExxonMobil Holdings Corp,Energy,2021-09-30,2020-12-31,3,6,false,,,-0.1257,-0.0146,-0.1067,,,,178.57,net_income,0,No change
XOM,ExxonMobil Holdings Corp,Energy,2021-10-31,2020-12-31,3,6,false,,,-0.1257,-0.0146,-0.1067,,,,178.57,net_income,0,No change
XOM,ExxonMobil Holdings Corp,Energy,2021-11-30,2020-12-31,3,6,false,,,-0.1257,-0.0146,-0.1067,,,,178.57,net_income,0,No change
XOM,ExxonMobil Holdings Corp,Energy,2021-12-31,2020-12-31,3,6,false,,,-0.1257,-0.0146,-0.1067,,,,178.57,net_income,0,No change
XOM,ExxonMobil Holdings Corp,Energy,2022-01-31,2020-12-31,3,6,false,,,-0.1257,-0.0146,-0.1067,,,,178.57,net_income,0,No change
XOM,ExxonMobil Holdings Corp,Energy,2022-02-28,2021-12-31,6,6,false,,,0.0833,0.1303,-0.0747,,,,276.69,net_income,3,New annual report
XOM,ExxonMobil Holdings Corp,Energy,2022-03-31,2021-12-31,6,6,false,,,0.0833,0.1303,-0.0747,,,,276.69,net_income,0,No change
XOM,ExxonMobil Holdings Corp,Energy,2022-04-30,2021-12-31,6,6,false,,,0.0833,0.1303,-0.0747,,,,276.69,net_income,0,No change
XOM,ExxonMobil Holdings Corp,Energy,2022-05-31,2021-12-31,6,6,false,,,0.0833,0.1303,-0.0747,,,,276.69,net_income,0,No change
XOM,ExxonMobil Holdings Corp,Energy,2022-06-30,2021-12-31,6,6,false,,,0.0833,0.1303,-0.0747,,,,276.69,net_income,0,No change
XOM,ExxonMobil Holdings Corp,Energy,2022-07-31,2021-12-31,6,6,false,,,0.0833,0.1303,-0.0747,,,,276.69,net_income,0,No change
XOM,ExxonMobil Holdings Corp,Energy,2022-08-31,2021-12-31,6,6,false,,,0.0833,0.1303,-0.0747,,,,276.69,net_income,0,No change
XOM,ExxonMobil Holdings Corp,Energy,2022-09-30,2021-12-31,6,6,false,,,0.0833,0.1303,-0.0747,,,,276.69,net_income,0,No change
XOM,ExxonMobil Holdings Corp,Energy,2022-10-31,2021-12-31,6,6,false,,,0.0833,0.1303,-0.0747,,,,276.69,net_income,0,No change
XOM,ExxonMobil Holdings Corp,Energy,2022-11-30,2021-12-31,6,6,false,,,0.0833,0.1303,-0.0747,,,,276.69,net_income,0,No change
XOM,ExxonMobil Holdings Corp,Energy,2022-12-31,2021-12-31,6,6,false,,,0.0833,0.1303,-0.0747,,,,276.69,net_income,0,No change
XOM,ExxonMobil Holdings Corp,Energy,2023-01-31,2021-12-31,6,6,false,,,0.0833,0.1303,-0.0747,,,,276.69,net_income,0,No change
XOM,ExxonMobil Holdings Corp,Energy,2023-02-28,2022-12-31,6,6,false,,,0.1347,0.1411,-0.0595,,,,413.68,net_income,0,No change
XOM,ExxonMobil Holdings Corp,Energy,2023-03-31,2022-12-31,6,6,false,,,0.1347,0.1411,-0.0595,,,,413.68,net_income,0,No change
XOM,ExxonMobil Holdings Corp,Energy,2023-04-30,2022-12-31,6,6,false,,,0.1347,0.1411,-0.0595,,,,413.68,net_income,0,No change
XOM,ExxonMobil Holdings Corp,Energy,2023-05-31,2022-12-31,6,6,false,,,0.1347,0.1411,-0.0595,,,,413.68,net_income,0,No change
XOM,ExxonMobil Holdings Corp,Energy,2023-06-30,2022-12-31,6,6,false,,,0.1347,0.1411,-0.0595,,,,413.68,net_income,0,No change
XOM,ExxonMobil Holdings Corp,Energy,2023-07-31,2022-12-31,6,6,false,,,0.1347,0.1411,-0.0595,,,,413.68,net_income,0,No change
XOM,ExxonMobil Holdings Corp,Energy,2023-08-31,2022-12-31,6,6,false,,,0.1347,0.1411,-0.0595,,,,413.68,net_income,0,No change
XOM,ExxonMobil Holdings Corp,Energy,2023-09-30,2022-12-31,6,6,false,,,0.1347,0.1411,-0.0595,,,,413.68,net_income,0,No change
XOM,ExxonMobil Holdings Corp,Energy,2023-10-31,2022-12-31,6,6,false,,,0.1347,0.1411,-0.0595,,,,413.68,net_income,0,No change
XOM,ExxonMobil Holdings Corp,Energy,2023-11-30,2022-12-31,6,6,false,,,0.1347,0.1411,-0.0595,,,,413.68,net_income,0,No change
XOM,ExxonMobil Holdings Corp,Energy,2023-12-31,2022-12-31,6,6,false,,,0.1347,0.1411,-0.0595,,,,413.68,net_income,0,No change
XOM,ExxonMobil Holdings Corp,Energy,2024-01-31,2022-12-31,6,6,false,,,0.1347,0.1411,-0.0595,,,,413.68,net_income,0,No change
XOM,ExxonMobil Holdings Corp,Energy,2024-02-29,2023-12-31,4,6,false,,,0.1045,0.0971,-0.0519,,,,344.58,net_income,-2,New annual report
XOM,ExxonMobil Holdings Corp,Energy,2024-03-31,2023-12-31,4,6,false,,,0.1045,0.0971,-0.0519,,,,344.58,net_income,0,No change
XOM,ExxonMobil Holdings Corp,Energy,2024-04-30,2023-12-31,4,6,false,,,0.1045,0.0971,-0.0519,,,,344.58,net_income,0,No change
XOM,ExxonMobil Holdings Corp,Energy,2024-05-31,2023-12-31,4,6,false,,,0.1045,0.0971,-0.0519,,,,344.58,net_income,0,No change
XOM,ExxonMobil Holdings Corp,Energy,2024-06-30,2023-12-31,4,6,false,,,0.1045,0.0971,-0.0519,,,,344.58,net_income,0,No change
XOM,ExxonMobil Holdings Corp,Energy,2024-07-31,2023-12-31,4,6,false,,,0.1045,0.0971,-0.0519,,,,344.58,net_income,0,No change
XOM,ExxonMobil Holdings Corp,Energy,2024-08-31,2023-12-31,4,6,false,,,0.1045,0.0971,-0.0519,,,,344.58,net_income,0,No change
XOM,ExxonMobil Holdings Corp,Energy,2024-09-30,2023-12-31,4,6,false,,,0.1045,0.0971,-0.0519,,,,344.58,net_income,0,No change
XOM,ExxonMobil Holdings Corp,Energy,2024-10-31,2023-12-31,4,6,false,,,0.1045,0.0971,-0.0519,,,,344.58,net_income,0,No change
XOM,ExxonMobil Holdings Corp,Energy,2024-11-30,2023-12-31,4,6,false,,,0.1045,0.0971,-0.0519,,,,344.58,net_income,0,No change
XOM,ExxonMobil Holdings Corp,Energy,2024-12-31,2023-12-31,4,6,false,,,0.1045,0.0971,-0.0519,,,,344.58,net_income,0,No change
XOM,ExxonMobil Holdings Corp,Energy,2025-01-31,2023-12-31,4,6,false,,,0.1045,0.0971,-0.0519,,,,344.58,net_income,0,No change
XOM,ExxonMobil Holdings Corp,Energy,2025-02-28,2024-12-31,3,6,false,,,0.0963,0.0879,-0.0514,,,,349.59,net_income,-1,New annual report
XOM,ExxonMobil Holdings Corp,Energy,2025-03-31,2024-12-31,3,6,false,,,0.0963,0.0879,-0.0514,,,,349.59,net_income,0,No change
XOM,ExxonMobil Holdings Corp,Energy,2025-04-30,2024-12-31,3,6,false,,,0.0963,0.0879,-0.0514,,,,349.59,net_income,0,No change
XOM,ExxonMobil Holdings Corp,Energy,2025-05-31,2024-12-31,3,6,false,,,0.0963,0.0879,-0.0514,,,,349.59,net_income,0,No change
XOM,ExxonMobil Holdings Corp,Energy,2025-06-30,2024-12-31,3,6,false,,,0.0963,0.0879,-0.0514,,,,349.59,net_income,0,No change
XOM,ExxonMobil Holdings Corp,Energy,2025-07-31,2024-12-31,3,6,false,,,0.0963,0.0879,-0.0514,,,,349.59,net_income,0,No change
XOM,ExxonMobil Holdings Corp,Energy,2025-08-31,2024-12-31,3,6,false,,,0.0963,0.0879,-0.0514,,,,349.59,net_income,0,No change
XOM,ExxonMobil Holdings Corp,Energy,2025-09-30,2024-12-31,3,6,false,,,0.0963,0.0879,-0.0514,,,,349.59,net_income,0,No change
XOM,ExxonMobil Holdings Corp,Energy,2025-10-31,2024-12-31,3,6,false,,,0.0963,0.0879,-0.0514,,,,349.59,net_income,0,No change
XOM,ExxonMobil Holdings Corp,Energy,2025-11-30,2024-12-31,3,6,false,,,0.0963,0.0879,-0.0514,,,,349.59,net_income,0,No change
XOM,ExxonMobil Holdings Corp,Energy,2025-12-31,2024-12-31,3,6,false,,,0.0963,0.0879,-0.0514,,,,349.59,net_income,0,No change
XOM,ExxonMobil Holdings Corp,Energy,2026-01-31,2024-12-31,3,6,false,,,0.0963,0.0879,-0.0514,,,,349.59,net_income,0,No change
XOM,ExxonMobil Holdings Corp,Energy,2026-02-28,2025-12-31,3,6,false,,,0.0868,0.0711,-0.0513,,,,332.24,net_income,0,No change
XOM,ExxonMobil Holdings Corp,Energy,2026-03-31,2025-12-31,3,6,false,,,0.0868,0.0711,-0.0513,,,,332.24,net_income,0,No change
XOM,ExxonMobil Holdings Corp,Energy,2026-04-30,2025-12-31,3,6,false,,,0.0868,0.0711,-0.0513,,,,332.24,net_income,0,No change
XOM,ExxonMobil Holdings Corp,Energy,2026-05-31,2025-12-31,3,6,false,,,0.0868,0.0711,-0.0513,,,,332.24,net_income,0,No change
XOM,ExxonMobil Holdings Corp,Energy,2026-06-30,2025-12-31,3,6,false,,,0.0868,0.0711,-0.0513,,,,332.24,net_income,0,No change
XOM,ExxonMobil Holdings Corp,Energy,2026-07-31,2025-12-31,3,6,false,,,0.0868,0.0711,-0.0513,,,,332.24,net_income,0,No change
XOM,ExxonMobil Holdings Corp,Energy,2026-08-31,2025-12-31,3,6,false,,,0.0868,0.0711,-0.0513,,,,332.24,net_income,0,No change
XOM,ExxonMobil Holdings Corp,Energy,2026-09-30,2025-12-31,3,6,false,,,0.0868,0.0711,-0.0513,,,,332.24,net_income,0,No change
